Lp,Poziom,Tom,Rozdział,Jednostka,Nazwa paczki,Słowo ENG,Tłumaczenie PL,Zdanie ENG,Zdanie PL
1,1,Tom I,Rozdział I,Czasowniki,Czasowniki 1,Be,Być,I am happy.,Jestem szczęśliwy.
2,1,Tom I,Rozdział I,Czasowniki,Czasowniki 1,Can,Móc; umieć; potrafić,You can do it.,Możesz to zrobić.
3,1,Tom I,Rozdział I,Czasowniki,Czasowniki 1,Do,Robić (wykonywać),What do you do?,Co robisz?
4,1,Tom I,Rozdział I,Czasowniki,Czasowniki 1,Find,Znajdować,I found my keys.,Znalazłem moje klucze.
5,1,Tom I,Rozdział I,Czasowniki,Czasowniki 1,Get,Dostawać,I get a lot of emails.,Dostaję dużo maili.
6,1,Tom I,Rozdział I,Czasowniki,Czasowniki 1,Have to,Musisz,I have to go.,Muszę iść.
7,1,Tom I,Rozdział I,Czasowniki,Czasowniki 1,Make,Robić (tworzyć coś),I make coffee.,Robię kawę.
8,1,Tom I,Rozdział I,Czasowniki,Czasowniki 1,Need,Potrzebować,I need water.,Potrzebuję wody.
9,1,Tom I,Rozdział I,Czasowniki,Czasowniki 1,Should,Powinieneś,You should try.,Powinieneś spróbować.
10,1,Tom I,Rozdział I,Czasowniki,Czasowniki 1,Try,Próbować,Try again tomorrow.,Spróbuj jutro jeszcze raz.
11,1,Tom I,Rozdział I,Rzeczowniki,Miasto,ATM,Bankomat,I need to find an ATM.,Muszę znaleźć bankomat.
12,1,Tom I,Rozdział I,Rzeczowniki,Miasto,Office,Biuro,I work in an office.,Pracuję w biurze.
13,1,Tom I,Rozdział I,Rzeczowniki,Miasto,Menu,Menu,Can I see the menu?,Mogę zobaczyć menu?
14,1,Tom I,Rozdział I,Rzeczowniki,Miasto,Cafe,Kawiarnia,Let's meet at the cafe.,Spotkajmy się w kawiarni.
15,1,Tom I,Rozdział I,Rzeczowniki,Miasto,City,Miasto (duże),This city never sleeps.,To miasto nigdy nie śpi.
16,1,Tom I,Rozdział I,Rzeczowniki,Miasto,Town,Miasto (małe I średnie),I grew up in a small town.,Dorastałem w małym miasteczku.
17,1,Tom I,Rozdział I,Rzeczowniki,Miasto,Parking lot,Parking,The parking lot is full.,Parking jest pełny.
18,1,Tom I,Rozdział I,Rzeczowniki,Miasto,Restaurant,Restauracja,Let's try that new restaurant.,Wypróbujmy tę nową restaurację.
19,1,Tom I,Rozdział I,Rzeczowniki,Miasto,School,Szkoła,My kids walk to school.,Moje dzieci chodzą do szkoły pieszo.
20,1,Tom I,Rozdział I,Rzeczowniki,Miasto,Street,Ulica,Cross the street carefully.,Przejdź przez ulicę ostrożnie.
21,1,Tom I,Rozdział I,Przymiotniki,"Dzięki, to miłe",Intelligent,Inteligentny,She's incredibly intelligent.,Ona jest niesamowicie inteligentna.
22,1,Tom I,Rozdział I,Przymiotniki,"Dzięki, to miłe",Nice,Ładny; miły,That's really nice of you.,To bardzo miłe z twojej strony.
23,1,Tom I,Rozdział I,Przymiotniki,"Dzięki, to miłe",Funny,Śmieszny; zabawny,You're actually really funny.,Jesteś naprawdę zabawny.
24,1,Tom I,Rozdział I,Przymiotniki,"Dzięki, to miłe",New,Nowy,I bought a new phone.,Kupiłem nowy telefon.
25,1,Tom I,Rozdział I,Przymiotniki,"Dzięki, to miłe",Best,Najlepszy,You're the best friend ever.,Jesteś najlepszym przyjacielem.
26,1,Tom I,Rozdział I,Przymiotniki,"Dzięki, to miłe",Awesome,Świetny,This trip was awesome.,Ta podróż była świetna.
27,1,Tom I,Rozdział I,Przymiotniki,"Dzięki, to miłe",Pretty,Śliczny,What a pretty dress.,Jaka śliczna sukienka.
28,1,Tom I,Rozdział I,Przymiotniki,"Dzięki, to miłe",Young,Młody,She looks so young.,Ona wygląda tak młodo.
29,1,Tom I,Rozdział I,Przymiotniki,"Dzięki, to miłe",Beautiful,Piękny,You look beautiful tonight.,Wyglądasz dziś pięknie.
30,1,Tom I,Rozdział I,Przymiotniki,"Dzięki, to miłe",Hot,Gorący,It's really hot outside.,Na zewnątrz jest naprawdę gorąco.
31,1,Tom I,Rozdział I,Rzeczowniki,Napoje,Tea,Herbata,Would you like some tea?,Chciałbyś herbaty?
32,1,Tom I,Rozdział I,Rzeczowniki,Napoje,Coffee,Kawa,I need my morning coffee.,Potrzebuję porannej kawy.
33,1,Tom I,Rozdział I,Rzeczowniki,Napoje,Latte,Kawa z mlekiem,I'll order a latte.,Zamówię kawę z mlekiem.
34,1,Tom I,Rozdział I,Rzeczowniki,Napoje,Milk,Mleko,Add a splash of milk.,Dodaj odrobinę mleka.
35,1,Tom I,Rozdział I,Rzeczowniki,Napoje,Drink,Napój,What would you like to drink?,Co chciałbyś do picia?
36,1,Tom I,Rozdział I,Rzeczowniki,Napoje,Soda,Napój gazowany,I don't drink soda anymore.,Nie piję już napojów gazowanych.
37,1,Tom I,Rozdział I,Rzeczowniki,Napoje,Juice,Sok,"Fresh orange juice, please.",Poproszę świeży sok pomarańczowy.
38,1,Tom I,Rozdział I,Rzeczowniki,Napoje,Wine,Wino,Would you like some wine?,Chciałbyś trochę wina?
39,1,Tom I,Rozdział I,Rzeczowniki,Napoje,Water,Woda,Can I get some water?,Mogę prosić o wodę?
40,1,Tom I,Rozdział I,Rzeczowniki,Napoje,Mineral water,Woda mineralna,Still or sparkling mineral water?,Woda mineralna gazowana czy niegazowana?
41,1,Tom I,Rozdział I,Czasowniki,Ruch I bezczynność,Come,Przychodzić,Come here for a second.,Chodź tu na chwilę.
42,1,Tom I,Rozdział I,Czasowniki,Ruch I bezczynność,Drive,Prowadzić samochód,I drive to work daily.,Codziennie jeżdżę do pracy samochodem.
43,1,Tom I,Rozdział I,Czasowniki,Ruch I bezczynność,Go,Iść; jechać,Let's go outside.,Chodźmy na zewnątrz.
44,1,Tom I,Rozdział I,Czasowniki,Ruch I bezczynność,Jump,Skakać,The kids love to jump.,Dzieci uwielbiają skakać.
45,1,Tom I,Rozdział I,Czasowniki,Ruch I bezczynność,Move,Ruszać ,"Don't move, stay still.","Nie ruszaj się, stój spokojnie."
46,1,Tom I,Rozdział I,Czasowniki,Ruch I bezczynność,Run,Biegać,I run every morning.,Biegam każdego ranka.
47,1,Tom I,Rozdział I,Czasowniki,Ruch I bezczynność,Sit,Siedzieć,Please sit down.,Proszę usiądź.
48,1,Tom I,Rozdział I,Czasowniki,Ruch I bezczynność,Stop,Zatrzymywać; przestać,Stop right there!,Zatrzymaj się tam!
49,1,Tom I,Rozdział I,Czasowniki,Ruch I bezczynność,Walk,Iść pieszo,We walked for hours.,Szliśmy godzinami.
50,1,Tom I,Rozdział I,Czasowniki,Ruch I bezczynność,Start,Startować,Let's start the meeting.,Zacznijmy spotkanie.
51,1,Tom I,Rozdział I,Rzeczowniki,Ubrania,Underwear,Bielizna,Pack extra underwear.,Spakuj zapasową bieliznę.
52,1,Tom I,Rozdział I,Rzeczowniki,Ubrania,Shoes,Buty,Take off your shoes.,Zdejmij buty.
53,1,Tom I,Rozdział I,Rzeczowniki,Ubrania,Jeans,Dżinsy,These jeans fit perfectly.,Te dżinsy pasują idealnie.
54,1,Tom I,Rozdział I,Rzeczowniki,Ubrania,Shirt,Koszula,Tuck in your shirt.,Wpuść koszulę w spodnie.
55,1,Tom I,Rozdział I,Rzeczowniki,Ubrania,Glasses,Okulary,I need my glasses.,Potrzebuję moich okularów.
56,1,Tom I,Rozdział I,Rzeczowniki,Ubrania,Socks,Skarpetki,Put on warm socks.,Załóż ciepłe skarpetki.
57,1,Tom I,Rozdział I,Rzeczowniki,Ubrania,Pants,Spodnie; majtki,These pants are too tight.,Te spodnie są za ciasne.
58,1,Tom I,Rozdział I,Rzeczowniki,Ubrania,T-shirt,T-shirt,I bought a plain t-shirt.,Kupiłem zwykły t-shirt.
59,1,Tom I,Rozdział I,Rzeczowniki,Ubrania,Bag,Torebka; torba,"Grab your bag, let's go.","Weź swoją torbę, chodźmy."
60,1,Tom I,Rozdział I,Rzeczowniki,Ubrania,Clothes,Ubrania,Fold the clean clothes.,Poskładaj czyste ubrania.
61,1,Tom I,Rozdział I,Rzeczowniki,Podróże,Baggage,Bagaż (jako zawartość),Where's the baggage claim?,Gdzie jest odbiór bagażu?
62,1,Tom I,Rozdział I,Rzeczowniki,Podróże,Luggage,Bagaż (jako przedmiot),My luggage got lost.,Mój bagaż się zgubił.
63,1,Tom I,Rozdział I,Rzeczowniki,Podróże,Ticket,Bilet,Show me your ticket.,Pokaż mi swój bilet.
64,1,Tom I,Rozdział I,Rzeczowniki,Podróże,Guest,Gość,We have a guest tonight.,Mamy dziś gościa.
65,1,Tom I,Rozdział I,Rzeczowniki,Podróże,Map,Mapa,Let's check the map.,Sprawdźmy mapę.
66,1,Tom I,Rozdział I,Rzeczowniki,Podróże,Passport,Paszport,Don't forget your passport.,Nie zapomnij paszportu.
67,1,Tom I,Rozdział I,Rzeczowniki,Podróże,Reservation,Rezerwacja,I made a reservation.,Zrobiłem rezerwację.
68,1,Tom I,Rozdział I,Rzeczowniki,Podróże,Tourist,Turysta,I felt like a tourist.,Czułem się jak turysta.
69,1,Tom I,Rozdział I,Rzeczowniki,Podróże,Holiday,Wakacje (często w okresie świątecznym),We're planning a holiday.,Planujemy wakacje.
70,1,Tom I,Rozdział I,Rzeczowniki,Podróże,Vacation,Wakacje (urlop),I need a vacation badly.,Bardzo potrzebuję wakacji.
71,1,Tom I,Rozdział I,Skróty,Witaj w świecie skrótów,Asap,"Tak szybko, jak to możliwe",Send it to me ASAP.,Wyślij mi to jak najszybciej.
72,1,Tom I,Rozdział I,Skróty,Witaj w świecie skrótów,Btw,Przy okazji ,"BTW, I love your haircut.","Przy okazji, uwielbiam twoją fryzurę."
73,1,Tom I,Rozdział I,Skróty,Witaj w świecie skrótów,Cu,Dozo,CU tomorrow!,Do zobaczenia jutro!
74,1,Tom I,Rozdział I,Skróty,Witaj w świecie skrótów,Fyi,Do twojej wiadomości ,"FYI, the meeting moved.","Do twojej wiadomości, spotkanie się przesunęło."
75,1,Tom I,Rozdział I,Skróty,Witaj w świecie skrótów,K,Okej,"K, see you there.","Okej, do zobaczenia tam."
76,1,Tom I,Rozdział I,Skróty,Witaj w świecie skrótów,Omg,O mój boże,"OMG, I can't believe it!","O mój Boże, nie mogę w to uwierzyć!"
77,1,Tom I,Rozdział I,Skróty,Witaj w świecie skrótów,Plz,Plis,PLZ answer my message.,"Proszę, odpowiedz na moją wiadomość."
78,1,Tom I,Rozdział I,Skróty,Witaj w świecie skrótów,Thx,Dzięks,THX for the help!,Dzięki za pomoc!
79,1,Tom I,Rozdział I,Skróty,Witaj w świecie skrótów,Lol,Śmiać się na głos ,"LOL, that's hilarious.","Pęknę ze śmiechu, to jest zabawne."
80,1,Tom I,Rozdział I,Skróty,Witaj w świecie skrótów,Xoxo,Buziaki i uściski,"See you soon, XOXO.","Do zobaczenia wkrótce, buziaki."
81,1,Tom I,Rozdział I,Rzeczowniki,Mile widziane,Ambition,Ambicja,I admire your ambition.,Podziwiam twoją ambicję.
82,1,Tom I,Rozdział I,Rzeczowniki,Mile widziane,Humor,Humor,He has a great sense of humor.,On ma świetne poczucie humoru.
83,1,Tom I,Rozdział I,Rzeczowniki,Mile widziane,Love,Miłość,I love my family.,Kocham moją rodzinę.
84,1,Tom I,Rozdział I,Rzeczowniki,Mile widziane,Hope,Nadzieja,Never lose hope.,Nigdy nie trać nadziei.
85,1,Tom I,Rozdział I,Rzeczowniki,Mile widziane,Friendship,Przyjaźń,Our friendship means a lot.,Nasza przyjaźń wiele znaczy.
86,1,Tom I,Rozdział I,Rzeczowniki,Mile widziane,Respect,Szacunek,Treat others with respect.,Traktuj innych z szacunkiem.
87,1,Tom I,Rozdział I,Rzeczowniki,Mile widziane,Luck,Szczęście (fart),Good luck tomorrow!,Powodzenia jutro!
88,1,Tom I,Rozdział I,Rzeczowniki,Mile widziane,Happiness,Szczęście (uczucie),Money can't buy happiness.,Pieniądze nie kupią szczęścia.
89,1,Tom I,Rozdział I,Rzeczowniki,Mile widziane,Smile,Uśmiech,She has a warm smile.,Ona ma ciepły uśmiech.
90,1,Tom I,Rozdział I,Rzeczowniki,Mile widziane,Fun,Zabawa,We had so much fun.,Świetnie się bawiliśmy.
91,1,Tom I,Rozdział I,Czasowniki,Biznes,Change,Zmieniać,I need to change my plans.,Muszę zmienić swoje plany.
92,1,Tom I,Rozdział I,Czasowniki,Biznes,Cost,Kosztować,How much does it cost?,Ile to kosztuje?
93,1,Tom I,Rozdział I,Czasowniki,Biznes,Earn,Zarabiać,I earn a decent salary.,Zarabiam przyzwoitą pensję.
94,1,Tom I,Rozdział I,Czasowniki,Biznes,Buy,Kupować,I want to buy a car.,Chcę kupić samochód.
95,1,Tom I,Rozdział I,Czasowniki,Biznes,Finish,Skończyć,Let's finish this project.,Skończmy ten projekt.
96,1,Tom I,Rozdział I,Czasowniki,Biznes,Pay,Płacić,I'll pay for dinner.,Zapłacę za kolację.
97,1,Tom I,Rozdział I,Czasowniki,Biznes,Plan,Planować,We plan to move soon.,Planujemy się wkrótce przeprowadzić.
98,1,Tom I,Rozdział I,Czasowniki,Biznes,Spend,Wydawać pieniądze,Don't spend it all.,Nie wydawaj tego wszystkiego.
99,1,Tom I,Rozdział I,Czasowniki,Biznes,Wait,Czekać,Wait for me outside.,Poczekaj na mnie na zewnątrz.
100,1,Tom I,Rozdział I,Czasowniki,Biznes,Work,Pracować,I work from home.,Pracuję z domu.
101,1,Tom I,Rozdział II,Czasowniki,Czasowniki 2,Believe,Wierzyć,I believe in you.,Wierzę w ciebie.
102,1,Tom I,Rozdział II,Czasowniki,Czasowniki 2,Check,Sprawdzać,Check your email.,Sprawdź swoją pocztę.
103,1,Tom I,Rozdział II,Czasowniki,Czasowniki 2,Decide,Decydować,You need to decide now.,Musisz teraz zdecydować.
104,1,Tom I,Rozdział II,Czasowniki,Czasowniki 2,Hope,Mieć nadzieję,I hope you're okay.,"Mam nadzieję, że wszystko w porządku."
105,1,Tom I,Rozdział II,Czasowniki,Czasowniki 2,Know,Wiedzieć; znać,I know exactly how you feel.,"Wiem dokładnie, jak się czujesz."
106,1,Tom I,Rozdział II,Czasowniki,Czasowniki 2,Like,Lubić,I really like this song.,Naprawdę lubię tę piosenkę.
107,1,Tom I,Rozdział II,Czasowniki,Czasowniki 2,Love,Kochać; uwielbiać,I love spending time with you.,Uwielbiam spędzać z tobą czas.
108,1,Tom I,Rozdział II,Czasowniki,Czasowniki 2,Think,Myśleć; uważać że,What do you think?,Co myślisz?
109,1,Tom I,Rozdział II,Czasowniki,Czasowniki 2,Understand,Rozumieć,I don't understand this.,Nie rozumiem tego.
110,1,Tom I,Rozdział II,Czasowniki,Czasowniki 2,Want,Chcieć,What do you want for dinner?,Co chcesz na obiad?
111,1,Tom I,Rozdział II,Slang,Slang 1,Badass,Kozak; twardziel,That was a badass move.,To był odjazdowy ruch.
112,1,Tom I,Rozdział II,Slang,Slang 1,Bro,Bratku,"Thanks, bro!","Dzięki, bracie!"
113,1,Tom I,Rozdział II,Slang,Slang 1,Bucks,Dolce,It cost me fifty bucks.,Kosztowało mnie pięćdziesiąt dolców.
114,1,Tom I,Rozdział II,Slang,Slang 1,Chill out,Wyluzować,Just chill out for a bit.,Po prostu wyluzuj się na chwilę.
115,1,Tom I,Rozdział II,Slang,Slang 1,Dude,"Stary, ziomuś","Dude, that's crazy!","Stary, to szaleństwo!"
116,1,Tom I,Rozdział II,Slang,Slang 1,Honey,Kochanie,"Honey, dinner's ready.","Kochanie, obiad gotowy."
117,1,Tom I,Rozdział II,Slang,Slang 1,Mate,Bracie; chłopie,"Cheers, mate!","Dzięki, bracie!"
118,1,Tom I,Rozdział II,Slang,Slang 1,Sup,Jak jest?,"Sup, how's it going?","Jak jest, co słychać?"
119,1,Tom I,Rozdział II,Slang,Slang 1,Rule,Być świetnym; rządzić,Their team really rules.,Ich drużyna naprawdę rządzi.
120,1,Tom I,Rozdział II,Slang,Slang 1,Have a blast,Bawić się zarąbiście,We had a blast at the party.,Bawiliśmy się zarąbiście na imprezie.
121,1,Tom I,Rozdział II,Slang,Slang 2,Slay,Rozwalać system; wymiatać,You totally slayed that presentation.,Totalnie rozwaliłeś tę prezentację.
122,1,Tom I,Rozdział II,Slang,Slang 2,Gangsta,Twardziel; gangster,He acts real gangsta.,On zachowuje się jak prawdziwy twardziel.
123,1,Tom I,Rozdział II,Slang,Slang 2,Goat,Najlepszy ze wszystkich,He's the goat of basketball.,On jest najlepszym koszykarzem wszech czasów.
124,1,Tom I,Rozdział II,Slang,Slang 2,Loaded,Dziany,Her family is loaded.,Jej rodzina jest nadziana.
125,1,Tom I,Rozdział II,Slang,Slang 2,Nail it,Pozamiatać (np. Wynikiem na teście),You totally nailed it.,Totalnie to pozamiatałeś.
126,1,Tom I,Rozdział II,Slang,Slang 2,Raw,Zacny; rasowy,"He's raw, no doubt.","On jest niesamowity, bez wątpienia."
127,1,Tom I,Rozdział II,Slang,Slang 2,Rep,Reputacja; szacun,He has a good rep in the hood.,On ma dobrą reputację w dzielnicy.
128,1,Tom I,Rozdział II,Slang,Slang 2,Ride,Furka,Nice ride you got there.,"Niezła furka, którą masz."
129,1,Tom I,Rozdział II,Slang,Slang 2,Score,Zdobyć coś fajnego; wyhaczyć,I scored front row tickets.,Zdobyłem bilety w pierwszym rzędzie.
130,1,Tom I,Rozdział II,Slang,Slang 2,Wheels,Fura ,Check out my new wheels.,Zobacz moją nową furę.
131,1,Tom I,Rozdział II,Czasowniki,Każdy to robi,Feel,Czuć się,I feel great today.,Czuję się dziś świetnie.
132,1,Tom I,Rozdział II,Czasowniki,Każdy to robi,Have,Mieć,I have two brothers.,Mam dwóch braci.
133,1,Tom I,Rozdział II,Czasowniki,Każdy to robi,Hear,Słyszeć,Did you hear that noise?,Słyszałeś ten hałas?
134,1,Tom I,Rozdział II,Czasowniki,Każdy to robi,Listen,Słuchać,Listen to your body.,Słuchaj swojego ciała.
135,1,Tom I,Rozdział II,Czasowniki,Każdy to robi,Sleep,Spać,Babies sleep a lot.,Niemowlęta dużo śpią.
136,1,Tom I,Rozdział II,Czasowniki,Każdy to robi,Talk,Rozmawiać; gadać,We need to talk.,Musimy porozmawiać.
137,1,Tom I,Rozdział II,Czasowniki,Każdy to robi,Grow,Rosnąć,Kids grow so fast.,Dzieci rosną tak szybko.
138,1,Tom I,Rozdział II,Czasowniki,Każdy to robi,Pee,Sikać,The dog needs to pee.,Pies musi się wysiusiać.
139,1,Tom I,Rozdział II,Czasowniki,Każdy to robi,Poop,Robić kupę,The baby needs to poop.,Dziecko musi zrobić kupę.
140,1,Tom I,Rozdział II,Czasowniki,Każdy to robi,Smell,Wąchać;,Smell this flower.,Powąchaj ten kwiat.
141,1,Tom I,Rozdział II,Zabronione,Romantyczne,Angel eyes,Aniołku,"Good morning, angel eyes.","Dzień dobry, aniołku."
142,1,Tom I,Rozdział II,Zabronione,Romantyczne,Better half,Lepsza połowa,Meet my better half.,Poznaj moją lepszą połowę.
143,1,Tom I,Rozdział II,Zabronione,Romantyczne,Cuddle bug,Robaczku,"Come here, cuddle bug.","Chodź tu, robaczku."
144,1,Tom I,Rozdział II,Zabronione,Romantyczne,Honey bunny,Króliczku,"I missed you, honey bunny.","Tęskniłem za tobą, króliczku."
145,1,Tom I,Rozdział II,Zabronione,Romantyczne,Kitty cat,Kotku,"Goodnight, my kitty cat.","Dobranoc, moje kotku."
146,1,Tom I,Rozdział II,Zabronione,Romantyczne,Lover girl,Misiaczek,You're my lover girl.,Jesteś moją ukochaną.
147,1,Tom I,Rozdział II,Zabronione,Romantyczne,Lucky charm,Moje szczęście,You're my lucky charm.,Jesteś moim szczęściem.
148,1,Tom I,Rozdział II,Zabronione,Romantyczne,My queen,Królowo moja,"Good morning, my queen.","Dzień dobry, królowo moja."
149,1,Tom I,Rozdział II,Zabronione,Romantyczne,Precious,Skarbeńku,"You mean so much, precious.","Tyle znaczysz, skarbeńku."
150,1,Tom I,Rozdział II,Zabronione,Romantyczne,Sunshine,Słoneczko,There's my sunshine.,Oto moje słoneczko.
151,1,Tom I,Rozdział II,Czasowniki,Komunikacja,Answer,Odpowiadać,Please answer my question.,"Proszę, odpowiedz na moje pytanie."
152,1,Tom I,Rozdział II,Czasowniki,Komunikacja,Ask,Pytać; prosić,You can always ask me.,Zawsze możesz mnie zapytać.
153,1,Tom I,Rozdział II,Czasowniki,Komunikacja,Call,Dzwonić do kogoś,Call me when you land.,"Zadzwoń, jak wylądujesz."
154,1,Tom I,Rozdział II,Czasowniki,Komunikacja,Contact,Kontaktować się,Contact me if needed.,Skontaktuj się ze mną w razie potrzeby.
155,1,Tom I,Rozdział II,Czasowniki,Komunikacja,Inform,Informować,Please inform the team.,Proszę poinformuj zespół.
156,1,Tom I,Rozdział II,Czasowniki,Komunikacja,Say,Powiedzieć,Say something nice.,Powiedz coś miłego.
157,1,Tom I,Rozdział II,Czasowniki,Komunikacja,Show,Pokazywać,Show me how it works.,"Pokaż mi, jak to działa."
158,1,Tom I,Rozdział II,Czasowniki,Komunikacja,Smile,Uśmiechać się,She always smiles at me.,Ona zawsze się do mnie uśmiecha.
159,1,Tom I,Rozdział II,Czasowniki,Komunikacja,Tell,Powiedzieć (komuś); opowiadać (komuś),Tell me the truth.,Powiedz mi prawdę.
160,1,Tom I,Rozdział II,Czasowniki,Komunikacja,Thank,Dziękować,I want to thank you.,Chcę ci podziękować.
161,1,Tom I,Rozdział II,Przysłówki,Od świtu do zmierzchu,After,Po (np. po śniadaniu),Let's meet after work.,Spotkajmy się po pracy.
162,1,Tom I,Rozdział II,Przysłówki,Od świtu do zmierzchu,Before,Przed,Call me before you leave.,"Zadzwoń, zanim wyjdziesz."
163,1,Tom I,Rozdział II,Przysłówki,Od świtu do zmierzchu,Early,Wcześnie,I woke up early today.,Obudziłem się dziś wcześnie.
164,1,Tom I,Rozdział II,Przysłówki,Od świtu do zmierzchu,From,Od (godziny),I work from nine.,Pracuję od dziewiątej.
165,1,Tom I,Rozdział II,Przysłówki,Od świtu do zmierzchu,Late,Późno,Don't stay up too late.,Nie siedź za długo do późna.
166,1,Tom I,Rozdział II,Przysłówki,Od świtu do zmierzchu,Today,Dzisiaj,What's the plan today?,Jaki jest dzisiaj plan?
167,1,Tom I,Rozdział II,Przysłówki,Od świtu do zmierzchu,Tomorrow,Jutro,See you tomorrow then.,To do zobaczenia jutro.
168,1,Tom I,Rozdział II,Przysłówki,Od świtu do zmierzchu,Tonight,Dziś wieczorem; dzisiejszej nocy,Are you free tonight?,Jesteś wolny dziś wieczorem?
169,1,Tom I,Rozdział II,Przysłówki,Od świtu do zmierzchu,Until,Do (kiedy),I'll wait until noon.,Poczekam do południa.
170,1,Tom I,Rozdział II,Przysłówki,Od świtu do zmierzchu,Yesterday,Wczoraj,I called you yesterday.,Dzwoniłem do ciebie wczoraj.
171,1,Tom I,Rozdział II,Rzeczowniki,Miasto,Bank,Bank,I need to visit the bank.,Muszę odwiedzić bank.
172,1,Tom I,Rozdział II,Rzeczowniki,Miasto,Bar,Bar,Let's grab a drink at the bar.,Chodźmy na drinka do baru.
173,1,Tom I,Rozdział II,Rzeczowniki,Miasto,Downtown,Centrum miasta; śródmieście,We live downtown.,Mieszkamy w centrum.
174,1,Tom I,Rozdział II,Rzeczowniki,Miasto,Mall,Galeria handlowa,We spent the day at the mall.,Spędziliśmy dzień w galerii handlowej.
175,1,Tom I,Rozdział II,Rzeczowniki,Miasto,Hotel,Hotel,Our hotel is nearby.,Nasz hotel jest blisko.
176,1,Tom I,Rozdział II,Rzeczowniki,Miasto,Park,Park,Let's walk in the park.,Chodźmy na spacer do parku.
177,1,Tom I,Rozdział II,Rzeczowniki,Miasto,Police station,Posterunek policji,The police station is close.,Posterunek policji jest blisko.
178,1,Tom I,Rozdział II,Rzeczowniki,Miasto,Shop,Sklepik,This little shop is charming.,Ten sklepik jest uroczy.
179,1,Tom I,Rozdział II,Rzeczowniki,Miasto,Store,Sklep (duży),The store closes at nine.,Sklep zamyka się o dziewiątej.
180,1,Tom I,Rozdział II,Rzeczowniki,Miasto,Hospital,Szpital,She works at the hospital.,Ona pracuje w szpitalu.
181,1,Tom I,Rozdział II,Przymiotniki,Przymiotniki 1,Ready,Gotowy,Are you ready to go?,Jesteś gotowy do wyjścia?
182,1,Tom I,Rozdział II,Przymiotniki,Przymiotniki 1,Fine,W porządku,Everything is fine.,Wszystko jest w porządku.
183,1,Tom I,Rozdział II,Przymiotniki,Przymiotniki 1,Happy,Wesoły,I'm really happy today.,Jestem dziś naprawdę szczęśliwy.
184,1,Tom I,Rozdział II,Przymiotniki,Przymiotniki 1,Safe,Bezpieczny,"Drive safe, please.","Jedź bezpiecznie, proszę."
185,1,Tom I,Rozdział II,Przymiotniki,Przymiotniki 1,Difficult,Trudny,This exam was difficult.,Ten egzamin był trudny.
186,1,Tom I,Rozdział II,Przymiotniki,Przymiotniki 1,Important,Ważny,This decision is important.,Ta decyzja jest ważna.
187,1,Tom I,Rozdział II,Przymiotniki,Przymiotniki 1,Good,Dobry,This coffee is really good.,Ta kawa jest naprawdę dobra.
188,1,Tom I,Rozdział II,Przymiotniki,Przymiotniki 1,Easy,Łatwy ,This task looks easy.,To zadanie wygląda łatwo.
189,1,Tom I,Rozdział II,Przymiotniki,Przymiotniki 1,Favorite,Ulubiony,What's your favorite color?,Jaki jest twój ulubiony kolor?
190,1,Tom I,Rozdział II,Przymiotniki,Przymiotniki 1,Bad,Zły,That was a bad idea.,To był zły pomysł.
191,1,Tom I,Rozdział II,Czasowniki,Czasowniki 3,Cry,Płakać,"Don't cry, it's okay.","Nie płacz, wszystko dobrze."
192,1,Tom I,Rozdział II,Czasowniki,Czasowniki 3,Drink,Pić,Drink plenty of water.,Pij dużo wody.
193,1,Tom I,Rozdział II,Czasowniki,Czasowniki 3,Eat,Jeść,Let's eat something.,Zjedzmy coś.
194,1,Tom I,Rozdział II,Czasowniki,Czasowniki 3,Help,Pomagać,Can you help me?,Możesz mi pomóc?
195,1,Tom I,Rozdział II,Czasowniki,Czasowniki 3,Live,Żyć,We live near the park.,Mieszkamy blisko parku.
196,1,Tom I,Rozdział II,Czasowniki,Czasowniki 3,Meet,Spotykać,Nice to meet you.,Miło cię poznać.
197,1,Tom I,Rozdział II,Czasowniki,Czasowniki 3,Prepare,Przygotowywać,I need to prepare dinner.,Muszę przygotować obiad.
198,1,Tom I,Rozdział II,Czasowniki,Czasowniki 3,Use,Używać,You can use my phone.,Możesz użyć mojego telefonu.
199,1,Tom I,Rozdział II,Czasowniki,Czasowniki 3,Wash,Myć,Wash your hands first.,Najpierw umyj ręce.
200,1,Tom I,Rozdział II,Czasowniki,Czasowniki 3,Work,Działać (o rzeczy),How does this work?,Jak to działa?
201,1,Tom I,Rozdział III,Rzeczowniki,Człowiek,Lady,Dama; pani,That lady seems friendly.,Ta dama wydaje się miła.
202,1,Tom I,Rozdział III,Rzeczowniki,Człowiek,Adult,Dorosły ,Only adults are allowed.,Wstęp tylko dla dorosłych.
203,1,Tom I,Rozdział III,Rzeczowniki,Człowiek,Girl,Dziewczyna,That girl is my cousin.,Ta dziewczyna to moja kuzynka.
204,1,Tom I,Rozdział III,Rzeczowniki,Człowiek,Gentleman,Dżentelmen,He's a real gentleman.,On jest prawdziwym dżentelmenem.
205,1,Tom I,Rozdział III,Rzeczowniki,Człowiek,Guy,Facet; koleś,That guy seems nice.,Ten facet wydaje się miły.
206,1,Tom I,Rozdział III,Rzeczowniki,Człowiek,Man,Mężczyzna; człowiek,That man helped me.,Ten mężczyzna mi pomógł.
207,1,Tom I,Rozdział III,Rzeczowniki,Człowiek,Last name,Nazwisko,What's your last name?,Jakie jest twoje nazwisko?
208,1,Tom I,Rozdział III,Rzeczowniki,Człowiek,Friend,Przyjaciel,She's my best friend.,Ona jest moją najlepszą przyjaciółką.
209,1,Tom I,Rozdział III,Rzeczowniki,Człowiek,Age,Wiek,Age is just a number.,Wiek to tylko liczba.
210,1,Tom I,Rozdział III,Rzeczowniki,Człowiek,Health,Zdrowie,Take care of your health.,Dbaj o swoje zdrowie.
211,1,Tom I,Rozdział III,Liczby,W skali 1-10,One,Raz; jeden,Rate it from one to ten.,Oceń to od jednego do dziesięciu.
212,1,Tom I,Rozdział III,Liczby,W skali 1-10,Two,Dwa,Give me two minutes.,Daj mi dwie minuty.
213,1,Tom I,Rozdział III,Liczby,W skali 1-10,Three,Trzy,Count to three.,Policz do trzech.
214,1,Tom I,Rozdział III,Liczby,W skali 1-10,Four,Cztery,There are four of us.,Jest nas czworo.
215,1,Tom I,Rozdział III,Liczby,W skali 1-10,Five,Pięć,It's five o'clock.,Jest piąta.
216,1,Tom I,Rozdział III,Liczby,W skali 1-10,Six,Sześć,We meet at six.,Spotykamy się o szóstej.
217,1,Tom I,Rozdział III,Liczby,W skali 1-10,Seven,Siedem,Lucky number seven.,Szczęśliwa siódemka.
218,1,Tom I,Rozdział III,Liczby,W skali 1-10,Eight,Osiem,The store opens at eight.,Sklep otwiera się o ósmej.
219,1,Tom I,Rozdział III,Liczby,W skali 1-10,Nine,Dziewięć,Nine out of ten agree.,Dziewięciu na dziesięciu się zgadza.
220,1,Tom I,Rozdział III,Liczby,W skali 1-10,Zero,Zero,The score is zero.,Wynik to zero.
221,1,Tom I,Rozdział III,Rzeczowniki,Rodzina,Brother,Brat,My brother lives abroad.,Mój brat mieszka za granicą.
222,1,Tom I,Rozdział III,Rzeczowniki,Rodzina,Daughter,Córka,My daughter starts school soon.,Moja córka wkrótce zaczyna szkołę.
223,1,Tom I,Rozdział III,Rzeczowniki,Rodzina,Children,Dzieci,They have three children.,Mają troje dzieci.
224,1,Tom I,Rozdział III,Rzeczowniki,Rodzina,Child,Dziecko,Every child deserves love.,Każde dziecko zasługuje na miłość.
225,1,Tom I,Rozdział III,Rzeczowniki,Rodzina,Mother,Matka,My mother taught me everything.,Moja matka nauczyła mnie wszystkiego.
226,1,Tom I,Rozdział III,Rzeczowniki,Rodzina,Husband,Mąż,Her husband is a doctor.,Jej mąż jest lekarzem.
227,1,Tom I,Rozdział III,Rzeczowniki,Rodzina,Father,Ojciec,My father worked hard.,Mój ojciec ciężko pracował.
228,1,Tom I,Rozdział III,Rzeczowniki,Rodzina,Family,Rodzina,Family always comes first.,Rodzina zawsze jest najważniejsza.
229,1,Tom I,Rozdział III,Rzeczowniki,Rodzina,Son,Syn,Their son just graduated.,Ich syn właśnie skończył szkołę.
230,1,Tom I,Rozdział III,Rzeczowniki,Rodzina,Wife,Żona,His wife is very kind.,Jego żona jest bardzo miła.
231,1,Tom I,Rozdział III,Slang,Slang 3,For real,"Serio, serio",Are you serious? For real?,Mówisz poważnie? Serio?
232,1,Tom I,Rozdział III,Slang,Slang 3,Lame,Lipa ,That excuse is so lame.,Ta wymówka jest taka słaba.
233,1,Tom I,Rozdział III,Slang,Slang 3,Pal,Kumpel,"Thanks, pal!","Dzięki, kumplu!"
234,1,Tom I,Rozdział III,Slang,Slang 3,Y'all,Siema wszyscy,Y'all should come over.,"Powinniście wpaść, wszyscy."
235,1,Tom I,Rozdział III,Slang,Slang 3,Smartass,Mądrala; czasami bystrzacha,Don't be a smartass.,Nie bądź mądralą.
236,1,Tom I,Rozdział III,Slang,Slang 3,Loser,Przegryw; frajer,Stop calling him a loser.,Przestań nazywać go przegrywem.
237,1,Tom I,Rozdział III,Slang,Slang 3,Player,Ostry zawodnik;,He's known as a player.,Jest znany jako ostry zawodnik.
238,1,Tom I,Rozdział III,Slang,Slang 3,Cop,Gliniarz,A cop stopped my car.,Gliniarz zatrzymał mój samochód.
239,1,Tom I,Rozdział III,Slang,Slang 3,Crush,"Osoba, którą jesteś zauroczony",She's my new crush.,Ona jest moim nowym zauroczeniem.
240,1,Tom I,Rozdział III,Slang,Slang 3,Keep it real,Bądź sobą,"Just keep it real, always.",Po prostu zawsze bądź sobą.
241,1,Tom I,Rozdział III,Rzeczowniki,Dom,Desk,Biurko,My desk is a mess.,Moje biurko jest w bałaganie.
242,1,Tom I,Rozdział III,Rzeczowniki,Dom,Home,Dom (miejsce zamieszkania),There's no place like home.,Nie ma to jak w domu.
243,1,Tom I,Rozdział III,Rzeczowniki,Dom,Door,Drzwi,Someone's at the door.,Ktoś jest przy drzwiach.
244,1,Tom I,Rozdział III,Rzeczowniki,Dom,Key,Klucz,I lost my house key.,Zgubiłem klucz do domu.
245,1,Tom I,Rozdział III,Rzeczowniki,Dom,Window,Okno,Open the window a bit.,Otwórz trochę okno.
246,1,Tom I,Rozdział III,Rzeczowniki,Dom,Table,Stół,Put it on the table.,Połóż to na stole.
247,1,Tom I,Rozdział III,Rzeczowniki,Dom,Light,Światło,Turn off the light.,Zgaś światło.
248,1,Tom I,Rozdział III,Rzeczowniki,Dom,Tub,Wanna,Fill up the tub.,Napełnij wannę.
249,1,Tom I,Rozdział III,Rzeczowniki,Dom,Lighter,Zapalniczka,Do you have a lighter?,Masz zapalniczkę?
250,1,Tom I,Rozdział III,Rzeczowniki,Dom,Clock,Zegar,The clock stopped working.,Zegar przestał działać.
251,1,Tom I,Rozdział III,Przymiotniki,Miary,Heavy,Ciężki,This box is really heavy.,To pudełko jest naprawdę ciężkie.
252,1,Tom I,Rozdział III,Przymiotniki,Miary,Long,Długi,That was a long meeting.,To było długie spotkanie.
253,1,Tom I,Rozdział III,Przymiotniki,Miary,Big,Duży,This house is really big.,Ten dom jest naprawdę duży.
254,1,Tom I,Rozdział III,Przymiotniki,Miary,Short,Krótki; niski,My hair is quite short.,Moje włosy są dość krótkie.
255,1,Tom I,Rozdział III,Przymiotniki,Miary,Small,Mały (rozmiar),We live in a small flat.,Mieszkamy w małym mieszkaniu.
256,1,Tom I,Rozdział III,Przymiotniki,Miary,Little,Mały,"Just a little more, please.","Jeszcze trochę, proszę."
257,1,Tom I,Rozdział III,Przymiotniki,Miary,Soft,Miękki; gładki,This blanket is so soft.,Ten koc jest taki miękki.
258,1,Tom I,Rozdział III,Przymiotniki,Miary,Mini,Mini,I'll have the mini version.,Poproszę wersję mini.
259,1,Tom I,Rozdział III,Przymiotniki,Miary,Tall,Wysoki,He's taller than me.,On jest wyższy ode mnie.
260,1,Tom I,Rozdział III,Przymiotniki,Miary,High,Wysoki (np. wynik),The shelf is too high.,Półka jest za wysoko.
261,1,Tom I,Rozdział III,Rzeczowniki,Jedzenie,Bread,Chleb,Fresh bread smells amazing.,Świeży chleb pachnie niesamowicie.
262,1,Tom I,Rozdział III,Rzeczowniki,Jedzenie,Chocolate,Czekolada,I can't resist chocolate.,Nie mogę się oprzeć czekoladzie.
263,1,Tom I,Rozdział III,Rzeczowniki,Jedzenie,Food,Jedzenie,The food here is great.,Jedzenie tutaj jest świetne.
264,1,Tom I,Rozdział III,Rzeczowniki,Jedzenie,Ice cream,Lody,Let's get ice cream.,Chodźmy na lody.
265,1,Tom I,Rozdział III,Rzeczowniki,Jedzenie,Butter,Masło,Spread some butter on it.,Posmaruj to masłem.
266,1,Tom I,Rozdział III,Rzeczowniki,Jedzenie,Meat,Mięso,I don't eat much meat.,Nie jem dużo mięsa.
267,1,Tom I,Rozdział III,Rzeczowniki,Jedzenie,Honey,Miód,Add a spoon of honey.,Dodaj łyżkę miodu.
268,1,Tom I,Rozdział III,Rzeczowniki,Jedzenie,Rice,Ryż,Serve it with rice.,Podaj to z ryżem.
269,1,Tom I,Rozdział III,Rzeczowniki,Jedzenie,Cheese,Ser,I love aged cheese.,Uwielbiam dojrzały ser.
270,1,Tom I,Rozdział III,Rzeczowniki,Jedzenie,Breakfast,Śniadanie,Breakfast is ready!,Śniadanie gotowe!
271,1,Tom I,Rozdział III,Przysłówki,Czas to pieniądz,A few,Kilka ,I need a few more minutes.,Potrzebuję jeszcze kilku minut.
272,1,Tom I,Rozdział III,Przysłówki,Czas to pieniądz,Always,Zawsze,You're always welcome here.,Zawsze jesteś tu mile widziany.
273,1,Tom I,Rozdział III,Przysłówki,Czas to pieniądz,Another,Jeszcze jeden; kolejny; inny,Can I get another coffee?,Mogę prosić o jeszcze jedną kawę?
274,1,Tom I,Rozdział III,Przysłówki,Czas to pieniądz,Just,Tylko (zaledwie),It's just a small mistake.,To tylko mały błąd.
275,1,Tom I,Rozdział III,Przysłówki,Czas to pieniądz,Little,Mało (np. mleka),There's little time left.,Zostało mało czasu.
276,1,Tom I,Rozdział III,Przysłówki,Czas to pieniądz,Much,Dużo (np. kasy),Thank you so much.,Dziękuję bardzo.
277,1,Tom I,Rozdział III,Przysłówki,Czas to pieniądz,Many,Wiele (np. spraw),There are so many options.,Jest tak wiele opcji.
278,1,Tom I,Rozdział III,Przysłówki,Czas to pieniądz,Never,Nigdy,I never lie to you.,Nigdy cię nie okłamuję.
279,1,Tom I,Rozdział III,Przysłówki,Czas to pieniądz,Often,Często,We don't talk that often.,Nie rozmawiamy tak często.
280,1,Tom I,Rozdział III,Przysłówki,Czas to pieniądz,Very,Bardzo,That's very kind of you.,To bardzo miłe z twojej strony.
281,1,Tom I,Rozdział III,Rzeczowniki,Transport,Bus,Autobus,The bus is full.,Autobus jest pełny.
282,1,Tom I,Rozdział III,Rzeczowniki,Transport,Road,Droga,The road is smooth.,Droga jest gładka.
283,1,Tom I,Rozdział III,Rzeczowniki,Transport,Flight,Lot,My flight is early.,Mój lot jest wczesny.
284,1,Tom I,Rozdział III,Rzeczowniki,Transport,Airport,Lotnisko,We go to the airport.,Idziemy na lotnisko.
285,1,Tom I,Rozdział III,Rzeczowniki,Transport,Train,Pociąg,The train is fast.,Pociąg jest szybki.
286,1,Tom I,Rozdział III,Rzeczowniki,Transport,Subway,Metro,Take the subway.,Weź metro.
287,1,Tom I,Rozdział III,Rzeczowniki,Transport,Bike,Rower,My bike is red.,Mój rower jest czerwony.
288,1,Tom I,Rozdział III,Rzeczowniki,Transport,Car,Samochód,I drive a car.,Prowadzę samochód.
289,1,Tom I,Rozdział III,Rzeczowniki,Transport,Airplane,Samolot,The airplane is big.,Samolot jest duży.
290,1,Tom I,Rozdział III,Rzeczowniki,Transport,Ship,Statek,The ship sails.,Statek płynie.
291,1,Tom I,Rozdział III,Rzeczowniki,Części ciała,Head,Głowa,My head hurts.,Boli mnie głowa.
292,1,Tom I,Rozdział III,Rzeczowniki,Części ciała,Leg,Noga,I broke my leg.,Złamałem nogę.
293,1,Tom I,Rozdział III,Rzeczowniki,Części ciała,Nose,Nos,My nose is cold.,Mój nos jest zimny.
294,1,Tom I,Rozdział III,Rzeczowniki,Części ciała,Eye,Oko,Look in my eye.,Spójrz mi w oczy.
295,1,Tom I,Rozdział III,Rzeczowniki,Części ciała,Hand,Ręka,Raise your hand.,Podnieś rękę.
296,1,Tom I,Rozdział III,Rzeczowniki,Części ciała,Heart,Serce,My heart is happy.,Moje serce jest szczęśliwe.
297,1,Tom I,Rozdział III,Rzeczowniki,Części ciała,Face,Twarz,Wash your face.,Umyj sobie twarz.
298,1,Tom I,Rozdział III,Rzeczowniki,Części ciała,Ear,Ucho,I have an earache.,Boli mnie ucho.
299,1,Tom I,Rozdział III,Rzeczowniki,Części ciała,Mouth,Usta; buzia,Open your mouth.,Otwórz usta.
300,1,Tom I,Rozdział III,Rzeczowniki,Części ciała,Hair,Włosy,My hair is black.,Moje włosy są czarne.
301,1,Tom I,Rodział IV,Liczby,Nie przestawaj liczyć!,Ten,Dziesięć,Ten plus one.,Dziesięć plus jeden.
302,1,Tom I,Rodział IV,Liczby,Nie przestawaj liczyć!,Eleven,Jedenaście,Eleven players make a team.,Jedenastu zawodników tworzy drużynę.
303,1,Tom I,Rodział IV,Liczby,Nie przestawaj liczyć!,Twelve,Dwanaście,It's twelve o'clock.,Jest dwunasta.
304,1,Tom I,Rodział IV,Liczby,Nie przestawaj liczyć!,Thirteen,Trzynaście,Thirteen is my lucky number.,Trzynastka to moja szczęśliwa liczba.
305,1,Tom I,Rodział IV,Liczby,Nie przestawaj liczyć!,Fourteen,Czternaście,She turned fourteen today.,Ona skończyła dziś czternaście lat.
306,1,Tom I,Rodział IV,Liczby,Nie przestawaj liczyć!,Fifteen,Piętnaście,Fifteen minutes later.,Piętnaście minut później.
307,1,Tom I,Rodział IV,Liczby,Nie przestawaj liczyć!,Sixteen,Szesnaście,Sweet sixteen!,Słodka szesnastka!
308,1,Tom I,Rodział IV,Liczby,Nie przestawaj liczyć!,Seventeen,Siedemnaście,Room number seventeen.,Pokój numer siedemnaście.
309,1,Tom I,Rodział IV,Liczby,Nie przestawaj liczyć!,Eighteen,Osiemnaście,You're an adult at eighteen.,W wieku osiemnastu lat jesteś dorosły.
310,1,Tom I,Rodział IV,Liczby,Nie przestawaj liczyć!,Nineteen,Dziewiętnaście,She's nineteen next month.,Ona kończy dziewiętnaście lat w przyszłym miesiącu.
311,1,Tom I,Rodział IV,Rzeczowniki,Higiena I wygląd,Tissue,Chusteczka do nosa,Pass me a tissue.,Podaj mi chusteczkę.
312,1,Tom I,Rodział IV,Rzeczowniki,Higiena I wygląd,Comb,Grzebień,Where's my comb?,Gdzie jest mój grzebień?
313,1,Tom I,Rodział IV,Rzeczowniki,Higiena I wygląd,Soap,Mydło,Wash with soap.,Umyj się mydłem.
314,1,Tom I,Rodział IV,Rzeczowniki,Higiena I wygląd,Toilet paper,Papier toaletowy,We need more toilet paper.,Potrzebujemy więcej papieru toaletowego.
315,1,Tom I,Rodział IV,Rzeczowniki,Higiena I wygląd,Toothpaste,Pasta do zębów,Squeeze the toothpaste.,Wyciśnij pastę do zębów.
316,1,Tom I,Rodział IV,Rzeczowniki,Higiena I wygląd,Shower,Prysznic,I take a shower every morning.,Biorę prysznic każdego ranka.
317,1,Tom I,Rodział IV,Rzeczowniki,Higiena I wygląd,Towel,Ręcznik,Hand me a towel.,Podaj mi ręcznik.
318,1,Tom I,Rodział IV,Rzeczowniki,Higiena I wygląd,Shampoo,Szampon,This shampoo smells nice.,Ten szampon ładnie pachnie.
319,1,Tom I,Rodział IV,Rzeczowniki,Higiena I wygląd,Toothbrush,Szczoteczka do zębów,My toothbrush is blue.,Moja szczoteczka do zębów jest niebieska.
320,1,Tom I,Rodział IV,Rzeczowniki,Higiena I wygląd,Hairbrush,Szczotka do włosów,She lost her hairbrush.,Zgubiła swoją szczotkę do włosów.
321,1,Tom I,Rodział IV,Rzeczowniki,Kalendarz I czas,Hour,Godzina,One hour later.,Godzinę później.
322,1,Tom I,Rodział IV,Rzeczowniki,Kalendarz I czas,Minute,Minuta,Give me a minute.,Daj mi minutę.
323,1,Tom I,Rodział IV,Rzeczowniki,Kalendarz I czas,Night,Noc,"Good night, sleep well.","Dobranoc, śpij dobrze."
324,1,Tom I,Rodział IV,Rzeczowniki,Kalendarz I czas,Friday,Piątek,Friday is fun.,Piątek jest zabawny.
325,1,Tom I,Rodział IV,Rzeczowniki,Kalendarz I czas,Afternoon,Popołudnie,See you this afternoon.,Do zobaczenia po południu.
326,1,Tom I,Rodział IV,Rzeczowniki,Kalendarz I czas,Year,Rok,This year flew by.,Ten rok przeleciał szybko.
327,1,Tom I,Rodział IV,Rzeczowniki,Kalendarz I czas,Second,Sekunda,Just a second.,Chwileczkę.
328,1,Tom I,Rodział IV,Rzeczowniki,Kalendarz I czas,Week,Tydzień,I'll call you next week.,Zadzwonię do ciebie w przyszłym tygodniu.
329,1,Tom I,Rodział IV,Rzeczowniki,Kalendarz I czas,Weekend,Weekend,Any plans for the weekend?,Masz jakieś plany na weekend?
330,1,Tom I,Rodział IV,Rzeczowniki,Kalendarz I czas,Evening,Wieczór,We're free this evening.,Jesteśmy wolni dziś wieczorem.
331,1,Tom I,Rodział IV,Rzeczowniki,Pogoda,Rain,Deszcz,It's raining today.,Dzisiaj pada deszcz.
332,1,Tom I,Rodział IV,Rzeczowniki,Pogoda,Ice,Lód,The lake froze to ice.,Jezioro zamarzło na lód.
333,1,Tom I,Rodział IV,Rzeczowniki,Pogoda,Sky,Niebo,The sky turned orange.,Niebo zrobiło się pomarańczowe.
334,1,Tom I,Rodział IV,Rzeczowniki,Pogoda,Weather,Pogoda,Check the weather.,Sprawdź pogodę.
335,1,Tom I,Rodział IV,Rzeczowniki,Pogoda,Air,Powietrze,The air feels fresh.,Powietrze jest świeże.
336,1,Tom I,Rodział IV,Rzeczowniki,Pogoda,Sun,Słońce,The sun is bright.,Słońce jest jasne.
337,1,Tom I,Rodział IV,Rzeczowniki,Pogoda,Degree celsius,Stopień celsjusza,It's thirty degrees Celsius.,Jest trzydzieści stopni Celsjusza.
338,1,Tom I,Rodział IV,Rzeczowniki,Pogoda,Snow,Śnieg,It's snowing now.,Teraz pada śnieg.
339,1,Tom I,Rodział IV,Rzeczowniki,Pogoda,Temperature,Temperatura,The temperature is high.,Temperatura jest wysoka.
340,1,Tom I,Rodział IV,Rzeczowniki,Pogoda,Wind,Wiatr,The wind is cold.,Wiatr jest zimny.
341,1,Tom I,Rodział IV,Rzeczowniki,Zwierzęta,Horse,Koń,A horse runs fast.,Koń biega szybko.
342,1,Tom I,Rodział IV,Rzeczowniki,Zwierzęta,Cat,Kot,The cat is sleeping.,Kot śpi.
343,1,Tom I,Rodział IV,Rzeczowniki,Zwierzęta,Cow,Krowa,A cow eats grass.,Krowa je trawę.
344,1,Tom I,Rodział IV,Rzeczowniki,Zwierzęta,Butterfly,Motyl,Butterflies are pretty.,Motyle są ładne.
345,1,Tom I,Rodział IV,Rzeczowniki,Zwierzęta,Fly,Mucha,A fly buzzes.,Mucha brzęczy.
346,1,Tom I,Rodział IV,Rzeczowniki,Zwierzęta,Mouse,Mysz,I need a mouse.,Potrzebuję myszki.
347,1,Tom I,Rodział IV,Rzeczowniki,Zwierzęta,Spider,Pająk,A spider spins webs.,Pająk tka sieci.
348,1,Tom I,Rodział IV,Rzeczowniki,Zwierzęta,Dog,Pies,A dog is loyal.,Pies jest lojalny.
349,1,Tom I,Rodział IV,Rzeczowniki,Zwierzęta,Pig,Świnia,A pig is pink.,Świnia jest różowa.
350,1,Tom I,Rodział IV,Rzeczowniki,Zwierzęta,Animal,Zwierzę,An animal is alive.,Zwierzę żyje.
351,1,Tom I,Rodział IV,Slang,Slang 4,Ain't got no,Nie mam ,I ain't got no money.,Nie mam ani grosza.
352,1,Tom I,Rodział IV,Slang,Slang 4,Back in the day,Za starych czasów,"Back in the day, things were simple.",Za starych czasów było prościej.
353,1,Tom I,Rodział IV,Slang,Slang 4,Bet,Pewniaczek,You bet I will.,Możesz na tym polegać.
354,1,Tom I,Rodział IV,Slang,Slang 4,Keep it 100,Bądź autentyczny,Just keep it 100 with me.,Bądź ze mną szczery.
355,1,Tom I,Rodział IV,Slang,Slang 4,Ping me,Puść mi strzałę,Ping me when you land.,"Napisz do mnie, jak wylądujesz."
356,1,Tom I,Rodział IV,Slang,Slang 4,You dig?,Kumasz?,You dig?,Kumasz?
357,1,Tom I,Rodział IV,Slang,Slang 4,Gotta split,Muszę spadać,"I gotta split, see ya.","Muszę spadać, nara."
358,1,Tom I,Rodział IV,Slang,Slang 4,I can't even,Brak mi słów; aż mnie zatkało,I can't even deal with this.,Nie ogarniam tego w ogóle.
359,1,Tom I,Rodział IV,Slang,Slang 4,Seen,Widziałem; zrozumiałem,Just seen your message.,Właśnie widziałem twoją wiadomość.
360,1,Tom I,Rodział IV,Slang,Slang 4,You're telling me,Nawet mi nie mów,You're telling me!,Nawet mi nie mów!
361,1,Tom I,Rodział IV,Przymiotniki,Przymiotniki 2,Empty,Pusty,The fridge is empty.,Lodówka jest pusta.
362,1,Tom I,Rodział IV,Przymiotniki,Przymiotniki 2,Open,Otwarty,The shop is open.,Sklep jest otwarty.
363,1,Tom I,Rodział IV,Przymiotniki,Przymiotniki 2,Closed,Zamknięty,"Sorry, we're closed.","Przepraszamy, jesteśmy zamknięci."
364,1,Tom I,Rodział IV,Przymiotniki,Przymiotniki 2,Free,Bezpłatny,Entry is free today.,Wstęp jest dziś bezpłatny.
365,1,Tom I,Rodział IV,Przymiotniki,Przymiotniki 2,Expensive,Drogi,This watch is expensive.,Ten zegarek jest drogi.
366,1,Tom I,Rodział IV,Przymiotniki,Przymiotniki 2,Cheap,Tani,I found a cheap flight.,Znalazłem tani lot.
367,1,Tom I,Rodział IV,Przymiotniki,Przymiotniki 2,Left,Lewy,Turn left at the corner.,Skręć w lewo na rogu.
368,1,Tom I,Rodział IV,Przymiotniki,Przymiotniki 2,Right,Prawy,It's on your right.,To jest po twojej prawej.
369,1,Tom I,Rodział IV,Przymiotniki,Przymiotniki 2,Dark,Ciemny,The room is dark.,Pokój jest ciemny.
370,1,Tom I,Rodział IV,Przymiotniki,Przymiotniki 2,Light,Jasny ,This color is very light.,Ten kolor jest bardzo jasny.
371,1,Tom I,Rodział IV,Rzeczowniki,Warzywa I owoce,Banana,Banan,I eat a banana for breakfast.,Jem banana na śniadanie.
372,1,Tom I,Rodział IV,Rzeczowniki,Warzywa I owoce,Lemon,Cytryna,Add a slice of lemon.,Dodaj plasterek cytryny.
373,1,Tom I,Rodział IV,Rzeczowniki,Warzywa I owoce,Apple,Jabłko,This apple is crunchy.,To jabłko jest chrupiące.
374,1,Tom I,Rodział IV,Rzeczowniki,Warzywa I owoce,Cucumber,Ogórek,This cucumber is fresh.,Ten ogórek jest świeży.
375,1,Tom I,Rodział IV,Rzeczowniki,Warzywa I owoce,Fruit,Owoc,Fresh fruit is good.,Świeże owoce są dobre.
376,1,Tom I,Rodział IV,Rzeczowniki,Warzywa I owoce,Pepper,Papryka,This pepper is spicy.,Ta papryka jest ostra.
377,1,Tom I,Rodział IV,Rzeczowniki,Warzywa I owoce,Orange,Pomarańcza,The orange is orange.,Pomarańcza jest pomarańczowa.
378,1,Tom I,Rodział IV,Rzeczowniki,Warzywa I owoce,Tomato,Pomidor,This tomato is red.,Ten pomidor jest czerwony.
379,1,Tom I,Rodział IV,Rzeczowniki,Warzywa I owoce,Vegetable,Warzywo,Eat your vegetables.,Jedz warzywa.
380,1,Tom I,Rodział IV,Rzeczowniki,Warzywa I owoce,Potato,Ziemniak,Potatoes are good.,Ziemniaki są dobre.
381,1,Tom I,Rodział IV,Rzeczowniki,Finanse,Banknote,Banknot,This banknote is torn.,Ten banknot jest podarty.
382,1,Tom I,Rodział IV,Rzeczowniki,Finanse,Budget,Budżet,My budget is small.,Mój budżet jest mały.
383,1,Tom I,Rodział IV,Rzeczowniki,Finanse,Price,Cena,What's the price?,Jaka jest cena?
384,1,Tom I,Rodział IV,Rzeczowniki,Finanse,Cash,Gotówka,Do you accept cash?,Przyjmujecie gotówkę?
385,1,Tom I,Rodział IV,Rzeczowniki,Finanse,Debit card,Karta debetowa,I'll pay by debit card.,Zapłacę kartą debetową.
386,1,Tom I,Rodział IV,Rzeczowniki,Finanse,Credit card,Karta kredytowa,My credit card expired.,Moja karta kredytowa straciła ważność.
387,1,Tom I,Rodział IV,Rzeczowniki,Finanse,Account,Konto,I opened a new account.,Otworzyłem nowe konto.
388,1,Tom I,Rodział IV,Rzeczowniki,Finanse,Credit,Kredyt,I bought it on credit.,Kupiłem to na kredyt.
389,1,Tom I,Rodział IV,Rzeczowniki,Finanse,Salary,Pensja,My salary arrives on Friday.,Moja pensja przychodzi w piątek.
390,1,Tom I,Rodział IV,Rzeczowniki,Finanse,Money,Pieniądze,I need money.,Potrzebuję pieniędzy.
391,1,Tom I,Rodział IV,Maleństwa,"Mali, lecz ważni",But,Ale; lecz,"I'm tired, but happy.","Jestem zmęczony, ale szczęśliwy."
392,1,Tom I,Rodział IV,Maleństwa,"Mali, lecz ważni",Well,Cóż,"Well, let's begin.","Cóż, zacznijmy."
393,1,Tom I,Rodział IV,Maleństwa,"Mali, lecz ważni",For,Dla,This gift is for you.,Ten prezent jest dla ciebie.
394,1,Tom I,Rodział IV,Maleństwa,"Mali, lecz ważni",And,I,"Salt and pepper, please.","Sól i pieprz, proszę."
395,1,Tom I,Rodział IV,Maleństwa,"Mali, lecz ważni",If,Jeśli,"If you need help, ask.","Jeśli potrzebujesz pomocy, poproś."
396,1,Tom I,Rodział IV,Maleństwa,"Mali, lecz ważni",No,Nie,"No, thank you.","Nie, dziękuję."
397,1,Tom I,Rodział IV,Maleństwa,"Mali, lecz ważni",Yes,Tak,"Yes, I agree.","Tak, zgadzam się."
398,1,Tom I,Rodział IV,Maleństwa,"Mali, lecz ważni",So,Więc,"So, what's the plan?",Więc jaki jest plan?
399,1,Tom I,Rodział IV,Maleństwa,"Mali, lecz ważni",All,Wszyscy; wszystko,We all agreed.,Wszyscy się zgodziliśmy.
400,1,Tom I,Rodział IV,Maleństwa,"Mali, lecz ważni",To,Żeby,I saved money to travel.,"Oszczędzałem pieniądze, żeby podróżować."
401,1,Tom I,Rozdział V,Rzeczowniki,Sprzęt elektroniczny,Battery,Bateria,My battery is low.,Mój akumulator jest słaby.
402,1,Tom I,Rozdział V,Rzeczowniki,Sprzęt elektroniczny,Camera,Aparat,My camera is broken.,Mój aparat jest zepsuty.
403,1,Tom I,Rozdział V,Rzeczowniki,Sprzęt elektroniczny,Computer,Komputer,My computer crashed again.,Mój komputer znowu się zawiesił.
404,1,Tom I,Rozdział V,Rzeczowniki,Sprzęt elektroniczny,Laptop,Laptop,I forgot my laptop at home.,Zapomniałem laptopa w domu.
405,1,Tom I,Rozdział V,Rzeczowniki,Sprzęt elektroniczny,Charger,Ładowarka,Can I borrow your charger?,Mogę pożyczyć twoją ładowarkę?
406,1,Tom I,Rozdział V,Rzeczowniki,Sprzęt elektroniczny,Phone call,Rozmowa telefoniczna,I missed your phone call.,Nie odebrałem twojego telefonu.
407,1,Tom I,Rozdział V,Rzeczowniki,Sprzęt elektroniczny,Hairdryer,Suszarka do włosów,The hairdryer is too loud.,Suszarka do włosów jest za głośna.
408,1,Tom I,Rozdział V,Rzeczowniki,Sprzęt elektroniczny,Telephone,Telefon,"Answer the telephone, please.","Odbierz telefon, proszę."
409,1,Tom I,Rozdział V,Rzeczowniki,Sprzęt elektroniczny,Mobile phone,Telefon komórkowy,I lost my mobile phone.,Zgubiłem telefon komórkowy.
410,1,Tom I,Rozdział V,Rzeczowniki,Sprzęt elektroniczny,Message,Wiadomość,You have a new message.,Masz nową wiadomość.
411,1,Tom I,Rozdział V,Przymiotniki,Przymiotniki 3,Full,Pełny,I'm already full.,Jestem już najedzony.
412,1,Tom I,Rozdział V,Przymiotniki,Przymiotniki 3,Medium,Średni,"A medium coffee, please.","Średnią kawę, proszę."
413,1,Tom I,Rozdział V,Przymiotniki,Przymiotniki 3,Old,Stary,This building is very old.,Ten budynek jest bardzo stary.
414,1,Tom I,Rozdział V,Przymiotniki,Przymiotniki 3,Cold,Zimny,The water is cold.,Woda jest zimna.
415,1,Tom I,Rozdział V,Przymiotniki,Przymiotniki 3,Far,Daleki,The station is quite far.,Stacja jest dość daleko.
416,1,Tom I,Rozdział V,Przymiotniki,Przymiotniki 3,Hungry,Głodny,I'm getting hungry.,Robię się głodny.
417,1,Tom I,Rozdział V,Przymiotniki,Przymiotniki 3,Sad,Smutny,I'm a bit sad.,Jestem trochę smutny.
418,1,Tom I,Rozdział V,Przymiotniki,Przymiotniki 3,Free,Wolny,Are you free tonight?,Jesteś wolny dziś wieczorem?
419,1,Tom I,Rozdział V,Przymiotniki,Przymiotniki 3,Stupid,Głupi,That was a stupid mistake.,To był głupi błąd.
420,1,Tom I,Rozdział V,Przymiotniki,Przymiotniki 3,Dangerous,Niebezpieczny; groźny,This road is dangerous.,Ta droga jest niebezpieczna.
421,1,Tom I,Rozdział V,Rzeczowniki,Szkoła,Mistake,Błąd,I made a mistake.,Zrobiłem błąd.
422,1,Tom I,Rozdział V,Rzeczowniki,Szkoła,Pen,Długopis,I need a pen.,Potrzebuję długopisu.
423,1,Tom I,Rozdział V,Rzeczowniki,Szkoła,Exam,Egzamin,My exam is hard.,Mój egzamin jest trudny.
424,1,Tom I,Rozdział V,Rzeczowniki,Szkoła,Lesson,Lekcja,The lesson starts at nine.,Lekcja zaczyna się o dziewiątej.
425,1,Tom I,Rozdział V,Rzeczowniki,Szkoła,Pencil,Ołówek,Do you have a pencil?,Masz ołówek?
426,1,Tom I,Rozdział V,Rzeczowniki,Szkoła,Homework,Praca domowa,I finish my homework.,Kończę pracę domową.
427,1,Tom I,Rozdział V,Rzeczowniki,Szkoła,Topic,Temat ,Let's change the topic.,Zmieńmy temat.
428,1,Tom I,Rozdział V,Rzeczowniki,Szkoła,Test,Test,I passed the test.,Zdałem test.
429,1,Tom I,Rozdział V,Rzeczowniki,Szkoła,Student,Uczeń,I am a student.,Jestem uczniem.
430,1,Tom I,Rozdział V,Rzeczowniki,Szkoła,Notebook,Zeszyt,Write in your notebook.,Pisz w zeszycie.
431,1,Tom I,Rozdział V,Rzeczowniki,Człowiek,Hero,Bohater,You're my hero.,Jesteś moim bohaterem.
432,1,Tom I,Rozdział V,Rzeczowniki,Człowiek,Boyfriend,Chłopak (z którym chodzisz),This is my boyfriend.,To jest mój chłopak.
433,1,Tom I,Rozdział V,Rzeczowniki,Człowiek,Boy,Chłopak (młody mężczyzna),That boy is my nephew.,Ten chłopak to mój bratanek.
434,1,Tom I,Rozdział V,Rzeczowniki,Człowiek,Girlfriend,Dziewczyna (z którą chodzisz),Have you met his girlfriend?,Poznałeś jego dziewczynę?
435,1,Tom I,Rozdział V,Rzeczowniki,Człowiek,Name,Imię,What's your name?,Jak masz na imię?
436,1,Tom I,Rozdział V,Rzeczowniki,Człowiek,Woman,Kobieta,That woman looks familiar.,Ta kobieta wygląda znajomo.
437,1,Tom I,Rozdział V,Rzeczowniki,Człowiek,People,Ludzie,Some people never change.,Niektórzy ludzie nigdy się nie zmieniają.
438,1,Tom I,Rozdział V,Rzeczowniki,Człowiek,Teenager,Nastolatek,My daughter is a teenager now.,Moja córka jest teraz nastolatką.
439,1,Tom I,Rozdział V,Rzeczowniki,Człowiek,Person,Osoba,That person is nice.,Ta osoba jest miła.
440,1,Tom I,Rozdział V,Rzeczowniki,Człowiek,Partner,Partner; wspólnik w interesach,She's my business partner.,Ona jest moim wspólnikiem biznesowym.
441,1,Tom I,Rozdział V,Liczby,Wyższa matematyka,Twenty,Dwadzieścia,I'll be there in twenty minutes.,Będę tam za dwadzieścia minut.
442,1,Tom I,Rozdział V,Liczby,Wyższa matematyka,Twenty-one,Dwadzieścia jeden,She just turned twenty-one.,Ona właśnie skończyła dwadzieścia jeden lat.
443,1,Tom I,Rozdział V,Liczby,Wyższa matematyka,Twenty-two,Dwadzieścia dwa,"Room twenty-two, please.","Pokój dwadzieścia dwa, proszę."
444,1,Tom I,Rozdział V,Liczby,Wyższa matematyka,Twenty-three,Dwadzieścia trzy,He scored twenty-three points.,Zdobył dwadzieścia trzy punkty.
445,1,Tom I,Rozdział V,Liczby,Wyższa matematyka,Thirty,Trzydzieści,I'll be thirty next year.,W przyszłym roku skończę trzydzieści lat.
446,1,Tom I,Rozdział V,Liczby,Wyższa matematyka,Forty,Czterdzieści,Speed limit: forty.,Ograniczenie prędkości: czterdzieści.
447,1,Tom I,Rozdział V,Liczby,Wyższa matematyka,Fifty,Pięćdziesiąt,Fifty dollars.,Pięćdziesiąt dolarów.
448,1,Tom I,Rozdział V,Liczby,Wyższa matematyka,Sixty,Sześćdziesiąt,Grandpa is turning sixty.,Dziadek kończy sześćdziesiąt lat.
449,1,Tom I,Rozdział V,Liczby,Wyższa matematyka,Seventy,Siedemdziesiąt,The bus holds seventy people.,Autobus mieści siedemdziesiąt osób.
450,1,Tom I,Rozdział V,Liczby,Wyższa matematyka,Eighty,Osiemdziesiąt,She still runs at eighty.,Ona wciąż biega w wieku osiemdziesięciu lat.
451,1,Tom I,Rozdział V,Rzeczowniki,Dom,Address,Adres,What's your address?,Jaki jest twój adres?
452,1,Tom I,Rozdział V,Rzeczowniki,Dom,Chair,Krzesło,Sit on the chair.,Usiądź na krześle.
453,1,Tom I,Rozdział V,Rzeczowniki,Dom,Lamp,Lampa,Turn on the lamp.,Włącz lampę.
454,1,Tom I,Rozdział V,Rzeczowniki,Dom,Mirror,Lustro,Look in the mirror.,Spójrz w lustro.
455,1,Tom I,Rozdział V,Rzeczowniki,Dom,Bed,Łóżko,I made my bed.,Posłałem łóżko.
456,1,Tom I,Rozdział V,Rzeczowniki,Dom,Room,Pokój ,I clean my room.,Myję swój pokój.
457,1,Tom I,Rozdział V,Rzeczowniki,Dom,Sofa,Kanapa,Let's sit on the sofa.,Usiądźmy na kanapie.
458,1,Tom I,Rozdział V,Rzeczowniki,Dom,Wardrobe,Szafa,Hang it in the wardrobe.,Powieś to w szafie.
459,1,Tom I,Rozdział V,Rzeczowniki,Dom,Wall,Ściana,The wall is white.,Ściana jest biała.
460,1,Tom I,Rozdział V,Rzeczowniki,Dom,Toilet,Toaleta,Where's the toilet?,Gdzie jest toaleta?
461,1,Tom I,Rozdział V,Czasowniki,Czasowniki 4,Give,Dawać,Give me a second.,Daj mi sekundę.
462,1,Tom I,Rozdział V,Czasowniki,Czasowniki 4,Look,Patrzeć,Look over there!,Spójrz tam!
463,1,Tom I,Rozdział V,Czasowniki,Czasowniki 4,Take,Brać,Take your time.,Nie spiesz się.
464,1,Tom I,Rozdział V,Czasowniki,Czasowniki 4,Watch,Oglądać,My watch is slow.,Mój zegarek się spóźnia.
465,1,Tom I,Rozdział V,Czasowniki,Czasowniki 4,Build,Budować,We built this together.,Zbudowaliśmy to razem.
466,1,Tom I,Rozdział V,Czasowniki,Czasowniki 4,Die,Umierać,The battery died.,Bateria padła.
467,1,Tom I,Rozdział V,Czasowniki,Czasowniki 4,Hate,Nienawidzić,I hate waiting.,Nienawidzę czekania.
468,1,Tom I,Rozdział V,Czasowniki,Czasowniki 4,Lose,Gubić; tracić,Don't lose your keys.,Nie zgub kluczy.
469,1,Tom I,Rozdział V,Czasowniki,Czasowniki 4,Miss,Tęsknić,I miss my family.,Tęsknię za rodziną.
470,1,Tom I,Rozdział V,Czasowniki,Czasowniki 4,Speak,Mówić ( np. głośniej),Can you speak louder?,Możesz mówić głośniej?
471,1,Tom I,Rozdział V,Rzeczowniki,Jedzenie,Sugar,Cukier,This is too sweet.,To za słodkie.
472,1,Tom I,Rozdział V,Rzeczowniki,Jedzenie,Egg,Jajko,I'll have a boiled egg.,Poproszę jajko na twardo.
473,1,Tom I,Rozdział V,Rzeczowniki,Jedzenie,Supper,Kolacja,Supper is ready.,Kolacja jest gotowa.
474,1,Tom I,Rozdział V,Rzeczowniki,Jedzenie,Lunch,Lunch,Let's grab lunch together.,Zjedzmy razem lunch.
475,1,Tom I,Rozdział V,Rzeczowniki,Jedzenie,Pasta,Makaron,I cook pasta.,Gotuję makaron.
476,1,Tom I,Rozdział V,Rzeczowniki,Jedzenie,Dinner,Obiad,What's for dinner tonight?,Co dziś na obiad?
477,1,Tom I,Rozdział V,Rzeczowniki,Jedzenie,Pizza,Pizza,Let's order pizza.,Zamówmy pizzę.
478,1,Tom I,Rozdział V,Rzeczowniki,Jedzenie,Salad,Sałatka,I'll just have a salad.,Poproszę tylko sałatkę.
479,1,Tom I,Rozdział V,Rzeczowniki,Jedzenie,Sweets,Słodycze,Don't eat too many sweets.,Nie jedz za dużo słodyczy.
480,1,Tom I,Rozdział V,Rzeczowniki,Jedzenie,Soup,Zupa,This soup needs more salt.,Ta zupa potrzebuje więcej soli.
481,1,Tom I,Rozdział V,Rzeczowniki,Kalendarz I czas,Time,Czas,What time is it?,Która jest godzina?
482,1,Tom I,Rozdział V,Rzeczowniki,Kalendarz I czas,Thursday,Czwartek,Thursday is mid-week.,Czwartek to środek tygodnia.
483,1,Tom I,Rozdział V,Rzeczowniki,Kalendarz I czas,Day,Dzień,Have a great day!,Miłego dnia!
484,1,Tom I,Rozdział V,Rzeczowniki,Kalendarz I czas,Month,Miesiąc,See you next month.,Do zobaczenia za miesiąc.
485,1,Tom I,Rozdział V,Rzeczowniki,Kalendarz I czas,Sunday,Niedziela,I rest on Sunday.,Odpoczywam w niedzielę.
486,1,Tom I,Rozdział V,Rzeczowniki,Kalendarz I czas,Monday,Poniedziałek,Monday is busy.,Poniedziałek jest zapracowany.
487,1,Tom I,Rozdział V,Rzeczowniki,Kalendarz I czas,Morning,Ranek,I love early mornings.,Uwielbiam wczesne poranki.
488,1,Tom I,Rozdział V,Rzeczowniki,Kalendarz I czas,Saturday,Sobota,Saturday is rest day.,Sobota to dzień odpoczynku.
489,1,Tom I,Rozdział V,Rzeczowniki,Kalendarz I czas,Wednesday,Środa,It's Wednesday today.,Dzisiaj jest środa.
490,1,Tom I,Rozdział V,Rzeczowniki,Kalendarz I czas,Tuesday,Wtorek,Tuesday comes next.,Następny jest wtorek.
491,1,Tom I,Rozdział V,Rzeczowniki,Rzeczowniki 1,Star,Gwiazda,"Look, a shooting star!","Patrz, spadająca gwiazda!"
492,1,Tom I,Rozdział V,Rzeczowniki,Rzeczowniki 1,Duck,Kaczka,A duck swam by.,Kaczka przepłynęła obok.
493,1,Tom I,Rozdział V,Rzeczowniki,Rzeczowniki 1,Moon,Księżyc,The moon is full tonight.,Dziś księżyc jest w pełni.
494,1,Tom I,Rozdział V,Rzeczowniki,Rzeczowniki 1,Chicken,Kurczak,I eat chicken.,Jem kurczaka.
495,1,Tom I,Rozdział V,Rzeczowniki,Rzeczowniki 1,Flower,Kwiat,She picked a flower.,Zerwała kwiat.
496,1,Tom I,Rozdział V,Rzeczowniki,Rzeczowniki 1,Garden,Ogród; działka,We planted a garden.,Założyliśmy ogród.
497,1,Tom I,Rozdział V,Rzeczowniki,Rzeczowniki 1,Bird,Ptak,A bird landed on the roof.,Ptak wylądował na dachu.
498,1,Tom I,Rozdział V,Rzeczowniki,Rzeczowniki 1,Plant,Roślina,This plant needs water.,Ta roślina potrzebuje wody.
499,1,Tom I,Rozdział V,Rzeczowniki,Rzeczowniki 1,Rose,Róża,He gave her a rose.,Podarował jej różę.
500,1,Tom I,Rozdział V,Rzeczowniki,Rzeczowniki 1,Grass,Trawa,The grass is wet.,Trawa jest mokra.
501,1,Tom I,Rozdział VI,Rzeczowniki,Rzeczowniki 2,Building,Budynek,That building is tall.,Ten budynek jest wysoki.
502,1,Tom I,Rozdział VI,Rzeczowniki,Rzeczowniki 2,Document,Dokument,"Sign this document, please.","Podpisz ten dokument, proszę."
503,1,Tom I,Rozdział VI,Rzeczowniki,Rzeczowniki 2,House,Dom (budynek),We bought a new house.,Kupiliśmy nowy dom.
504,1,Tom I,Rozdział VI,Rzeczowniki,Rzeczowniki 2,Card,Karta,Pick a card.,Wybierz kartę.
505,1,Tom I,Rozdział VI,Rzeczowniki,Rzeczowniki 2,Apartment,Mieszkanie,My apartment is small.,Moje mieszkanie jest małe.
506,1,Tom I,Rozdział VI,Rzeczowniki,Rzeczowniki 2,Paper,Papier,I need a piece of paper.,Potrzebuję kartkę papieru.
507,1,Tom I,Rozdział VI,Rzeczowniki,Rzeczowniki 2,Floor,Podłoga,The floor is clean.,Podłoga jest czysta.
508,1,Tom I,Rozdział VI,Rzeczowniki,Rzeczowniki 2,Job,Praca; konkretne zadanie,I love my job.,Kocham swoją pracę.
509,1,Tom I,Rozdział VI,Rzeczowniki,Rzeczowniki 2,Work,"Praca (ogólnie, mieć jakąś pracę)",See you at work.,Do zobaczenia w pracy.
510,1,Tom I,Rozdział VI,Rzeczowniki,Rzeczowniki 2,Profession,Zawód,What's your profession?,Jaki jest twój zawód?
511,1,Tom I,Rozdział VI,Rzeczowniki,Rzeczowniki 3,Police,Policja,Call the police!,Zadzwoń na policję!
512,1,Tom I,Rozdział VI,Rzeczowniki,Rzeczowniki 3,God,Bóg,Oh my God!,O mój Boże!
513,1,Tom I,Rozdział VI,Rzeczowniki,Rzeczowniki 3,Id card,Dowód osobisty,Show your ID card.,Pokaż dowód osobisty.
514,1,Tom I,Rozdział VI,Rzeczowniki,Rzeczowniki 3,Tree,Drzewo,We planted a tree.,Posadziliśmy drzewo.
515,1,Tom I,Rozdział VI,Rzeczowniki,Rzeczowniki 3,Machine,Maszyna,The machine broke down.,Maszyna się zepsuła.
516,1,Tom I,Rozdział VI,Rzeczowniki,Rzeczowniki 3,Mood,Nastrój,I'm in a good mood.,Jestem w dobrym nastroju.
517,1,Tom I,Rozdział VI,Rzeczowniki,Rzeczowniki 3,Start,Start,That's a good start.,To dobry start.
518,1,Tom I,Rozdział VI,Rzeczowniki,Rzeczowniki 3,Weight,Waga; ciężar,I want to lose weight.,Chcę schudnąć.
519,1,Tom I,Rozdział VI,Rzeczowniki,Rzeczowniki 3,Christmas eve,Wigilia,We gather on Christmas Eve.,Spotykamy się w Wigilię.
520,1,Tom I,Rozdział VI,Rzeczowniki,Rzeczowniki 3,Height,Wzrost,What's your height?,Jaki jest twój wzrost?
521,1,Tom I,Rozdział VI,Przymiotniki,Kolory,White,Biały,The snow is white.,Śnieg jest biały.
522,1,Tom I,Rozdział VI,Przymiotniki,Kolory,Brown,Brązowy,The bear is brown.,Niedźwiedź jest brązowy.
523,1,Tom I,Rozdział VI,Przymiotniki,Kolory,Black,Czarny,My shoes are black.,Moje buty są czarne.
524,1,Tom I,Rozdział VI,Przymiotniki,Kolory,Red,Czerwony,The apple is red.,Jabłko jest czerwone.
525,1,Tom I,Rozdział VI,Przymiotniki,Kolory,Blue,Niebieski,The sky is blue.,Niebo jest niebieskie.
526,1,Tom I,Rozdział VI,Przymiotniki,Kolory,Orange,Pomarańczowy,The orange is orange.,Pomarańcza jest pomarańczowa.
527,1,Tom I,Rozdział VI,Przymiotniki,Kolory,Pink,Różowy,She loves the color pink.,Ona kocha kolor różowy.
528,1,Tom I,Rozdział VI,Przymiotniki,Kolory,Gray,Szary,The clouds are gray.,Chmury są szare.
529,1,Tom I,Rozdział VI,Przymiotniki,Kolory,Green,Zielony,The grass is green.,Trawa jest zielona.
530,1,Tom I,Rozdział VI,Przymiotniki,Kolory,Yellow,Żółty,The sun is yellow.,Słońce jest żółte.
531,1,Tom I,Rozdział VI,Rzeczowniki,Rzeczowniki 4,Bureau,Urząd,Go to the tax bureau.,Idź do urzędu skarbowego.
532,1,Tom I,Rozdział VI,Rzeczowniki,Rzeczowniki 4,Haircut,Fryzura,I need a haircut.,Potrzebuję strzyżenia.
533,1,Tom I,Rozdział VI,Rzeczowniki,Rzeczowniki 4,Nightclub,Klub nocny,We went to a nightclub.,Poszliśmy do klubu nocnego.
534,1,Tom I,Rozdział VI,Rzeczowniki,Rzeczowniki 4,Cosmetics,Kosmetyki,She sells cosmetics.,Ona sprzedaje kosmetyki.
535,1,Tom I,Rozdział VI,Rzeczowniki,Rzeczowniki 4,Playground,Plac zabaw,The kids are at the playground.,Dzieci są na placu zabaw.
536,1,Tom I,Rozdział VI,Rzeczowniki,Rzeczowniki 4,Square,Plac,Let's meet at the square.,Spotkajmy się na placu.
537,1,Tom I,Rozdział VI,Rzeczowniki,Rzeczowniki 4,Post office,Poczta ,Is the post office open?,Czy poczta jest otwarta?
538,1,Tom I,Rozdział VI,Rzeczowniki,Rzeczowniki 4,Field,Pole,Cows graze in the field.,Krowy pasą się na polu.
539,1,Tom I,Rozdział VI,Rzeczowniki,Rzeczowniki 4,Shark,Rekin,We saw a shark!,Zobaczyliśmy rekina!
540,1,Tom I,Rozdział VI,Rzeczowniki,Rzeczowniki 4,Fish,Ryba,I caught a big fish.,Złapałem dużą rybę.
541,1,Tom I,Rozdział VI,Rzeczowniki,Media,Fact,Fakt,That's an interesting fact.,To ciekawy fakt.
542,1,Tom I,Rozdział VI,Rzeczowniki,Media,Movie,Film,Let's watch a movie.,Chodźmy na film.
543,1,Tom I,Rozdział VI,Rzeczowniki,Media,Newspaper,Gazeta,Read the newspaper.,Czytaj gazetę.
544,1,Tom I,Rozdział VI,Rzeczowniki,Media,Information,Informacja,I need more information.,Potrzebuję więcej informacji.
545,1,Tom I,Rozdział VI,Rzeczowniki,Media,Internet,Internet,The internet is down.,Internet nie działa.
546,1,Tom I,Rozdział VI,Rzeczowniki,Media,Episode,Odcinek; epizod,Let's watch one more episode.,Obejrzyjmy jeszcze jeden odcinek.
547,1,Tom I,Rozdział VI,Rzeczowniki,Media,Radio,Radio,I listen to radio.,Słucham radia.
548,1,Tom I,Rozdział VI,Rzeczowniki,Media,Series,Serial; seria,This series is addictive.,Ten serial wciąga.
549,1,Tom I,Rozdział VI,Rzeczowniki,Media,Television,Telewizja,The TV is on.,Telewizor jest włączony.
550,1,Tom I,Rozdział VI,Rzeczowniki,Media,News,Wiadomości,What's the news?,Jakie wieści?
551,1,Tom I,Rozdział VI,Rzeczowniki,Mile widziane,Safety,Bezpieczeństwo,Safety comes first.,Bezpieczeństwo jest najważniejsze.
552,1,Tom I,Rozdział VI,Rzeczowniki,Mile widziane,Excitement,Ekscytacja; podniecenie,I could feel her excitement.,Czułem jej ekscytację.
553,1,Tom I,Rozdział VI,Rzeczowniki,Mile widziane,Honor,Honor,It's an honor to meet you.,To zaszczyt cię poznać.
554,1,Tom I,Rozdział VI,Rzeczowniki,Mile widziane,Inspiration,Inspiracja; natchnienie,You're my biggest inspiration.,Jesteś moją największą inspiracją.
555,1,Tom I,Rozdział VI,Rzeczowniki,Mile widziane,Intelligence,Inteligencja,She's known for her intelligence.,Jest znana ze swojej inteligencji.
556,1,Tom I,Rozdział VI,Rzeczowniki,Mile widziane,Vibe,Klimat (atmosfera),I like your vibe.,Lubię twoją energię.
557,1,Tom I,Rozdział VI,Rzeczowniki,Mile widziane,Comfort,Komfort,This chair gives real comfort.,To krzesło daje prawdziwy komfort.
558,1,Tom I,Rozdział VI,Rzeczowniki,Mile widziane,Motivation,Motywacja,I lost my motivation today.,Straciłem dziś motywację.
559,1,Tom I,Rozdział VI,Rzeczowniki,Mile widziane,Joy,Radość,Children bring so much joy.,Dzieci przynoszą tyle radości.
560,1,Tom I,Rozdział VI,Rzeczowniki,Mile widziane,Satisfaction,Satysfakcja,There's satisfaction in finishing a job.,Jest satysfakcja w kończeniu pracy.
561,1,Tom I,Rozdział VI,Zaimki,Kto jest kto,He,On,He is here.,On jest tutaj.
562,1,Tom I,Rozdział VI,Zaimki,Kto jest kto,I,Ja,I am here.,Jestem tutaj.
563,1,Tom I,Rozdział VI,Zaimki,Kto jest kto,It,Ono; to,It is here.,To jest tutaj.
564,1,Tom I,Rozdział VI,Zaimki,Kto jest kto,She,Ona,She is here.,Ona jest tutaj.
565,1,Tom I,Rozdział VI,Zaimki,Kto jest kto,They,Oni,They are here.,Oni są tutaj.
566,1,Tom I,Rozdział VI,Zaimki,Kto jest kto,We,My,We are here.,My jesteśmy tutaj.
567,1,Tom I,Rozdział VI,Zaimki,Kto jest kto,You,Ty,You are here.,Ty jesteś tutaj.
568,1,Tom I,Rozdział VI,Zaimki,Kto jest kto,You,Wy,You are here.,Wy jesteście tutaj.
569,1,Tom I,Rozdział VI,Zaimki,Kto jest kto,I,Ja,I am here.,Jestem tutaj.
570,1,Tom I,Rozdział VI,Zaimki,Kto jest kto,It,Ono; to,It is here.,To jest tutaj.
571,1,Tom I,Rozdział VI,Rzeczowniki,Kuchnia,Cup,Filiżanka,A cup of tea.,Filiżanka herbaty.
572,1,Tom I,Rozdział VI,Rzeczowniki,Kuchnia,Mug,Kubek,A hot mug.,Gorący kubek.
573,1,Tom I,Rozdział VI,Rzeczowniki,Kuchnia,Kitchen,Kuchnia,Meet me in the kitchen.,Spotkajmy się w kuchni.
574,1,Tom I,Rozdział VI,Rzeczowniki,Kuchnia,Fridge,Lodówka,The fridge is cold.,Lodówka jest zimna.
575,1,Tom I,Rozdział VI,Rzeczowniki,Kuchnia,Spoon,Łyżka,Use a bigger spoon.,Użyj większej łyżki.
576,1,Tom I,Rozdział VI,Rzeczowniki,Kuchnia,Bowl,Miska,Fill the bowl with rice.,Napełnij miskę ryżem.
577,1,Tom I,Rozdział VI,Rzeczowniki,Kuchnia,Knife,Nóż,Be careful with that knife.,Uważaj z tym nożem.
578,1,Tom I,Rozdział VI,Rzeczowniki,Kuchnia,Pan,Patelnia,The pan is too hot.,Patelnia jest za gorąca.
579,1,Tom I,Rozdział VI,Rzeczowniki,Kuchnia,Glass,Szklanka; szkło,This glass is fragile.,Ta szklanka jest krucha.
580,1,Tom I,Rozdział VI,Rzeczowniki,Kuchnia,Plate,Talerz,Clean your plate.,Wyczyść swój talerz.
581,1,Tom I,Rozdział VI,Maleństwa,Czas,Ago,(jakiś czas) temu,Two days ago.,Dwa dni temu.
582,1,Tom I,Rozdział VI,Maleństwa,Czas,All,Cały; wszystek,I want all.,Chcę wszystko.
583,1,Tom I,Rozdział VI,Maleństwa,Czas,To,Do (godziny),I'm counting to ten.,Liczę do dziesięciu.
584,1,Tom I,Rozdział VI,Maleństwa,Czas,At,O (godzinie),The meeting is at three.,Spotkanie jest o trzeciej.
585,1,Tom I,Rozdział VI,Maleństwa,Czas,As,Podczas gdy,"As I was leaving, it rained.","Podczas gdy wychodziłem, zaczęło padać."
586,1,Tom I,Rozdział VI,Maleństwa,Czas,On,Przed dniami tygodnia,I'll see you on Monday.,Zobaczymy się w poniedziałek.
587,1,Tom I,Rozdział VI,Maleństwa,Czas,In,Przed miesiącami I latami,I was born in June.,Urodziłem się w czerwcu.
588,1,Tom I,Rozdział VI,Maleństwa,Czas,For,Przez (np. 20 min),I waited for two hours.,Czekałem przez dwie godziny.
589,1,Tom I,Rozdział VI,Maleństwa,Czas,In,W ciągu (np. Godziny),I'll finish in an hour.,Skończę w ciągu godziny.
590,1,Tom I,Rozdział VI,Maleństwa,Czas,In,Za (jakiś czas),We leave in ten minutes.,Wyjeżdżamy za dziesięć minut.
591,1,Tom I,Rozdział VI,Liczby,Na koncie,Four hundred,Czterysta,It costs four hundred dollars.,To kosztuje czterysta dolarów.
592,1,Tom I,Rozdział VI,Liczby,Na koncie,Thousand,Tysiąc,A thousand thanks!,Tysiąc podziękowań!
593,1,Tom I,Rozdział VI,Liczby,Na koncie,Two thousand,Dwa tysiące,We saved two thousand dollars.,Zaoszczędziliśmy dwa tysiące dolarów.
594,1,Tom I,Rozdział VI,Liczby,Na koncie,Million,Milion,She won a million dollars.,Wygrała milion dolarów.
595,1,Tom I,Rozdział VI,Liczby,Na koncie,Billion,Miliard,The company is worth a billion.,Firma jest warta miliard.
596,1,Tom I,Rozdział VI,Liczby,Na koncie,Trillion,Bilion,The debt reached a trillion.,Dług osiągnął bilion.
597,1,Tom I,Rozdział VI,Liczby,Na koncie,Ninety,Dziewięćdziesiąt,My grandma is ninety.,Moja babcia ma dziewięćdziesiąt lat.
598,1,Tom I,Rozdział VI,Liczby,Na koncie,Hundred,Sto,Give me a hundred reasons.,Podaj mi sto powodów.
599,1,Tom I,Rozdział VI,Liczby,Na koncie,Two hundred,Dwieście,It weighs two hundred grams.,To waży dwieście gramów.
600,1,Tom I,Rozdział VI,Liczby,Na koncie,Three hundred,Trzysta,The room fits three hundred people.,Sala mieści trzysta osób.
601,1,Tom I,Rozdział VII,Zabronione,Wulgaryzmy 1,Shit,"Gówno, szajs","Oh shit, I forgot!","O kurwa, zapomniałem!"
602,1,Tom I,Rozdział VII,Zabronione,Wulgaryzmy 1,Bullshit,Gówno prawda,That's total bullshit.,To kompletna bzdura.
603,1,Tom I,Rozdział VII,Zabronione,Wulgaryzmy 1,Fuck,"Kurwa, pieprzyć",What the fuck happened?,Co się kurwa stało?
604,1,Tom I,Rozdział VII,Zabronione,Wulgaryzmy 1,Fuck you!,Pierdol się,"Fuck you, I'm done!","Pierdol się, mam dość!"
605,1,Tom I,Rozdział VII,Zabronione,Wulgaryzmy 1,Damn,"Cholerny, przeklęty","Damn, that hurt.","Cholera, to zabolało."
606,1,Tom I,Rozdział VII,Zabronione,Wulgaryzmy 1,Fucking great!,Zajebiste,This party is fucking great!,Ta impreza jest zajebista!
607,1,Tom I,Rozdział VII,Zabronione,Wulgaryzmy 1,Dickhead,Kretyn,Stop being a dickhead.,Przestań być kretynem.
608,1,Tom I,Rozdział VII,Zabronione,Wulgaryzmy 1,Son of a bitch,Sukinsyn,That son of a bitch lied.,Ten sukinsyn skłamał.
609,1,Tom I,Rozdział VII,Zabronione,Wulgaryzmy 1,Motherfucker,Skurwysyn,He's a lying motherfucker.,On jest kłamliwym skurwysynem.
610,1,Tom I,Rozdział VII,Zabronione,Wulgaryzmy 1,Dick,Kutas,Don't be such a dick.,Nie bądź takim kutasem.
611,1,Tom I,Rozdział VII,Rzeczowniki,Języki (I nie tylko),Language,Język (jako narzędzie komunikacji),English is a global language.,Angielski jest globalnym językiem.
612,1,Tom I,Rozdział VII,Rzeczowniki,Języki (I nie tylko),Book,Książka,I'm reading a good book.,Czytam dobrą książkę.
613,1,Tom I,Rozdział VII,Rzeczowniki,Języki (I nie tylko),Letter,List,I wrote her a letter.,Napisałem do niej list.
614,1,Tom I,Rozdział VII,Rzeczowniki,Języki (I nie tylko),Answer,Odpowiedź,I don't know the answer.,Nie znam odpowiedzi.
615,1,Tom I,Rozdział VII,Rzeczowniki,Języki (I nie tylko),Question,Pytanie,Can I ask a question?,Mogę zadać pytanie?
616,1,Tom I,Rozdział VII,Rzeczowniki,Języki (I nie tylko),Word,Słowo,What does this word mean?,Co znaczy to słowo?
617,1,Tom I,Rozdział VII,Rzeczowniki,Języki (I nie tylko),Text,Tekst,Read the whole text.,Przeczytaj cały tekst.
618,1,Tom I,Rozdział VII,Rzeczowniki,Języki (I nie tylko),Sentence,Zdanie,Write one full sentence.,Napisz jedno pełne zdanie.
619,1,Tom I,Rozdział VII,Rzeczowniki,Języki (I nie tylko),Meaning,Znaczenie (sens),I don't get the meaning.,Nie rozumiem znaczenia.
620,1,Tom I,Rozdział VII,Przymiotniki,Czas I miary,Next,Następny,Who's next?,Kto następny?
621,1,Tom I,Rozdział VII,Przymiotniki,Czas I miary,Last,Ostatni,This is my last coffee.,To moja ostatnia kawa.
622,1,Tom I,Rozdział VII,Przymiotniki,Czas I miary,Late,Późny; spóźniony,"Sorry, I'm running late.","Przepraszam, spóźniam się."
623,1,Tom I,Rozdział VII,Przymiotniki,Czas I miary,Early,Wczesny,We arrived early.,Przyjechaliśmy wcześnie.
624,1,Tom I,Rozdział VII,Przymiotniki,Czas I miary,Previous,Poprzedni,The previous owner sold it.,Poprzedni właściciel to sprzedał.
625,1,Tom I,Rozdział VII,Przymiotniki,Czas I miary,Later,Późniejszy,I'll explain later.,Wytłumaczę później.
626,1,Tom I,Rozdział VII,Przymiotniki,Czas I miary,Hard,Twardy (w dotyku),This floor is hard.,Ta podłoga jest twarda.
627,1,Tom I,Rozdział VII,Przymiotniki,Czas I miary,Low,Niski (o wartości),Prices are quite low here.,Ceny są tutaj dość niskie.
628,1,Tom I,Rozdział VII,Przymiotniki,Czas I miary,Slow,Powolny,The internet is so slow.,Internet jest taki wolny.
629,1,Tom I,Rozdział VII,Przymiotniki,Czas I miary,Fast,Szybki (prędki),He drives too fast.,On jeździ za szybko.
630,1,Tom I,Rozdział VII,Rzeczowniki,Geografia,Mountain,Góra,We climbed the mountain.,Wspięliśmy się na górę.
631,1,Tom I,Rozdział VII,Rzeczowniki,Geografia,Lake,Jezioro,We swam in the lake.,Pływaliśmy w jeziorze.
632,1,Tom I,Rozdział VII,Rzeczowniki,Geografia,Forest,Las,We got lost in the forest.,Zgubiliśmy się w lesie.
633,1,Tom I,Rozdział VII,Rzeczowniki,Geografia,Sea,Morze,The sea looks calm today.,Morze wygląda dziś spokojnie.
634,1,Tom I,Rozdział VII,Rzeczowniki,Geografia,Nature,Natura,I love spending time in nature.,Uwielbiam spędzać czas na łonie natury.
635,1,Tom I,Rozdział VII,Rzeczowniki,Geografia,Beach,Plaża,Let's go to the beach.,Chodźmy na plażę.
636,1,Tom I,Rozdział VII,Rzeczowniki,Geografia,River,Rzeka,The river runs through the city.,Rzeka przepływa przez miasto.
637,1,Tom I,Rozdział VII,Rzeczowniki,Geografia,World,Świat,Travel around the world.,Podróżuj po świecie.
638,1,Tom I,Rozdział VII,Rzeczowniki,Geografia,Island,Wyspa,They live on a small island.,Mieszkają na małej wyspie.
639,1,Tom I,Rozdział VII,Rzeczowniki,Geografia,Land,Ziemia; ląd,This land belongs to us.,Ta ziemia należy do nas.
640,1,Tom I,Rozdział VII,Zaimki,Kto? Co?,His,Jego,His house is big.,Jego dom jest duży.
641,1,Tom I,Rozdział VII,Zaimki,Kto? Co?,Her,Jej ,Her name is Mary.,Jej imię to Maria.
642,1,Tom I,Rozdział VII,Zaimki,Kto? Co?,Your,Twój; twoja; twoje,Is this your bag?,Czy to twoja torba?
643,1,Tom I,Rozdział VII,Zaimki,Kto? Co?,Your,"Wasz, wasza, wasze",Your team won!,Wasza drużyna wygrała!
644,1,Tom I,Rozdział VII,Zaimki,Kto? Co?,Their,Ich,Their car is red.,Ich samochód jest czerwony.
645,1,Tom I,Rozdział VII,Zaimki,Kto? Co?,Our,Nasz; nasza; nasze,This is our home.,To jest nasz dom.
646,1,Tom I,Rozdział VII,Zaimki,Kto? Co?,My,Mój; moja; moje,My book is here.,Moja książka jest tutaj.
647,1,Tom I,Rozdział VII,Zaimki,Kto? Co?,Its,Tego (czegoś); swój,The dog wagged its tail.,Pies machał ogonem.
648,1,Tom I,Rozdział VII,Zaimki,Kto? Co?,His,Jego,His house is big.,Jego dom jest duży.
649,1,Tom I,Rozdział VII,Zaimki,Kto? Co?,Her,Jej ,Her name is Mary.,Jej imię to Maria.
650,1,Tom I,Rozdział VII,Rzeczowniki,Rzeczowniki 5,Goal,Cel (Moim celem jest),My goal is to learn English.,Moim celem jest nauczyć się angielskiego.
651,1,Tom I,Rozdział VII,Rzeczowniki,Rzeczowniki 5,Center,Centrum,In the center.,W centrum.
652,1,Tom I,Rozdział VII,Rzeczowniki,Rzeczowniki 5,Category,Kategoria,Choose the right category.,Wybierz właściwą kategorię.
653,1,Tom I,Rozdział VII,Rzeczowniki,Rzeczowniki 5,Place,Miejsce,This is a nice place.,To jest miłe miejsce.
654,1,Tom I,Rozdział VII,Rzeczowniki,Rzeczowniki 5,Problem,Problem,We have a small problem.,Mamy mały problem.
655,1,Tom I,Rozdział VII,Rzeczowniki,Rzeczowniki 5,Object,Przedmiot,What is this object?,Co to za przedmiot?
656,1,Tom I,Rozdział VII,Rzeczowniki,Rzeczowniki 5,Thing,Rzecz,That's a strange thing to say.,To dziwna rzecz do powiedzenia.
657,1,Tom I,Rozdział VII,Rzeczowniki,Rzeczowniki 5,Way,Sposób,There's no other way.,Nie ma innego sposobu.
658,1,Tom I,Rozdział VII,Rzeczowniki,Rzeczowniki 5,Detail,Szczegół,Tell me every detail.,Opowiedz mi każdy szczegół.
659,1,Tom I,Rozdział VII,Rzeczowniki,Rzeczowniki 5,Sign,Znak,I saw a warning sign.,Zobaczyłem znak ostrzegawczy.
660,1,Tom I,Rozdział VII,Maleństwa,"Kto pyta, nie błądzi",Which,Który; która ,Which one do you want?,Który chcesz?
661,1,Tom I,Rozdział VII,Maleństwa,"Kto pyta, nie błądzi",Why,Dlaczego,Why did you leave?,Dlaczego wyjechałeś?
662,1,Tom I,Rozdział VII,Maleństwa,"Kto pyta, nie błądzi",Where,Gdzie,Where are you now?,Gdzie teraz jesteś?
663,1,Tom I,Rozdział VII,Maleństwa,"Kto pyta, nie błądzi",How,Jak,How does this work?,Jak to działa?
664,1,Tom I,Rozdział VII,Maleństwa,"Kto pyta, nie błądzi",When,Kiedy,When are you coming back?,Kiedy wracasz?
665,1,Tom I,Rozdział VII,Maleństwa,"Kto pyta, nie błądzi",What,Co; jaki,What's going on?,Co się dzieje?
666,1,Tom I,Rozdział VII,Maleństwa,"Kto pyta, nie błądzi",Who,Kto; kim,Who told you that?,Kto ci to powiedział?
667,1,Tom I,Rozdział VII,Maleństwa,"Kto pyta, nie błądzi",Or,Lub; albo,Tea or coffee?,Herbata czy kawa?
668,1,Tom I,Rozdział VII,Maleństwa,"Kto pyta, nie błądzi",Whose,Czyje,Whose phone is this?,Czyj to telefon?
669,1,Tom I,Rozdział VII,Maleństwa,"Kto pyta, nie błądzi",Whom,Komu; kogo,To whom should I speak?,Z kim powinienem porozmawiać?
670,1,Tom I,Rozdział VII,Rzeczowniki,Dolegliwości,Aspirin,Aspiryna,Take an aspirin.,Weź aspirynę.
671,1,Tom I,Rozdział VII,Rzeczowniki,Dolegliwości,Ache,Ból (przewlekły),I have a stomach ache.,Boli mnie brzuch.
672,1,Tom I,Rozdział VII,Rzeczowniki,Dolegliwości,Pain,"Ból (nagły, krótkotrwały)",The pain won't stop.,Ból nie ustaje.
673,1,Tom I,Rozdział VII,Rzeczowniki,Dolegliwości,Headache,Ból głowy,I have a terrible headache.,Mam okropny ból głowy.
674,1,Tom I,Rozdział VII,Rzeczowniki,Dolegliwości,Fever,Gorączka,She has a high fever.,Ona ma wysoką gorączkę.
675,1,Tom I,Rozdział VII,Rzeczowniki,Dolegliwości,Cough,Kaszel,That's a nasty cough.,To paskudny kaszel.
676,1,Tom I,Rozdział VII,Rzeczowniki,Dolegliwości,Runny nose,Katar,I have a runny nose.,Mam katar.
677,1,Tom I,Rozdział VII,Rzeczowniki,Dolegliwości,Medicine,Medycyna; lekarstwo,Take your medicine.,Weź lekarstwo.
678,1,Tom I,Rozdział VII,Rzeczowniki,Dolegliwości,Stress,Stres,Work is causing me stress.,Praca powoduje u mnie stres.
679,1,Tom I,Rozdział VII,Rzeczowniki,Dolegliwości,Pill,Tabletka; pigułka,Swallow this pill.,Połknij tę tabletkę.
680,1,Tom I,Rozdział VII,Rzeczowniki,Mentalne,Character,Charakter,He has a strong character.,On ma silny charakter.
681,1,Tom I,Rozdział VII,Rzeczowniki,Mentalne,Decision,Decyzja,That was a hard decision.,To była trudna decyzja.
682,1,Tom I,Rozdział VII,Rzeczowniki,Mentalne,Intuition,Intuicja,Trust your intuition.,Zaufaj swojej intuicji.
683,1,Tom I,Rozdział VII,Rzeczowniki,Mentalne,Thought,Myśl,It was just a thought.,To była tylko myśl.
684,1,Tom I,Rozdział VII,Rzeczowniki,Mentalne,Opinion,Opinia,That's just my opinion.,To tylko moja opinia.
685,1,Tom I,Rozdział VII,Rzeczowniki,Mentalne,Idea,Pomysł; idea,I have a great idea.,Mam świetny pomysł.
686,1,Tom I,Rozdział VII,Rzeczowniki,Mentalne,Reason,Powód,Give me one good reason.,Podaj mi jeden dobry powód.
687,1,Tom I,Rozdział VII,Rzeczowniki,Mentalne,Right,Racja,You're right.,Masz rację.
688,1,Tom I,Rozdział VII,Rzeczowniki,Mentalne,Talent,Talent,She has real talent.,Ona ma prawdziwy talent.
689,1,Tom I,Rozdział VII,Rzeczowniki,Mentalne,Joke,Żart,It was only a joke.,To był tylko żart.
690,1,Tom I,Rozdział VII,Czasowniki,Czasowniki 5,Choose,Dokonywać wyboru,You have to choose one.,Musisz wybrać jedno.
691,1,Tom I,Rozdział VII,Czasowniki,Czasowniki 5,Continue,Kontynuować; trwać dalej,Let's continue tomorrow.,Kontynuujmy jutro.
692,1,Tom I,Rozdział VII,Czasowniki,Czasowniki 5,Explain,Wytłumaczyć,Can you explain that again?,Możesz to jeszcze raz wytłumaczyć?
693,1,Tom I,Rozdział VII,Czasowniki,Czasowniki 5,Forget,Zapominać,Don't forget your keys.,Nie zapomnij kluczy.
694,1,Tom I,Rozdział VII,Czasowniki,Czasowniki 5,Learn,Uczyć się,Learn English.,Ucz się angielskiego.
695,1,Tom I,Rozdział VII,Czasowniki,Czasowniki 5,Read,Czytać,Read a book.,Czytaj książkę.
696,1,Tom I,Rozdział VII,Czasowniki,Czasowniki 5,Remember,Pamiętać,I remember your face.,Pamiętam twoją twarz.
697,1,Tom I,Rozdział VII,Czasowniki,Czasowniki 5,Ring,Dzwonić ( telefon dzwoni),My phone didn't ring.,Mój telefon nie zadzwonił.
698,1,Tom I,Rozdział VII,Czasowniki,Czasowniki 5,Risk,Ryzykować,I don't want to risk it.,Nie chcę tego ryzykować.
699,1,Tom I,Rozdział VII,Czasowniki,Czasowniki 5,Study,Studiować; uczyć się,She studies medicine.,Ona studiuje medycynę.
700,1,Tom I,Rozdział VII,Rzeczowniki,Warzywa I owoce,Avocado,Awokado,This avocado is ripe.,To awokado jest dojrzałe.
701,1,Tom I,Rozdział VII,Rzeczowniki,Warzywa I owoce,Peach,Brzoskwinia,The peach is so juicy.,Ta brzoskwinia jest bardzo soczysta.
702,1,Tom I,Rozdział VII,Rzeczowniki,Warzywa I owoce,Onion,Cebula,Chop the onion finely.,Posiekaj cebulę drobno.
703,1,Tom I,Rozdział VII,Rzeczowniki,Warzywa I owoce,Cauliflower,Kalafior,I baked cauliflower for dinner.,Upiekłem kalafior na obiad.
704,1,Tom I,Rozdział VII,Rzeczowniki,Warzywa I owoce,Corn,Kukurydza,We grilled corn on the cob.,Grillowaliśmy kukurydzę.
705,1,Tom I,Rozdział VII,Rzeczowniki,Warzywa I owoce,Carrot,Marchewka,Rabbits love carrots.,Króliki uwielbiają marchewki.
706,1,Tom I,Rozdział VII,Rzeczowniki,Warzywa I owoce,Lettuce,Sałata,Add some lettuce to the sandwich.,Dodaj trochę sałaty do kanapki.
707,1,Tom I,Rozdział VII,Rzeczowniki,Warzywa I owoce,Strawberry,Truskawka,These strawberries are sweet.,Te truskawki są słodkie.
708,1,Tom I,Rozdział VII,Rzeczowniki,Warzywa I owoce,Grape,Winogrono,Try this purple grape.,Spróbuj tego fioletowego winogrona.
709,1,Tom I,Rozdział VII,Rzeczowniki,Warzywa I owoce,Cherry,Wiśnia,She picked a cherry.,Zerwała wiśnię.
710,1,Tom I,Rozdział VIII,Przymiotniki,Sukces,Sure,Pewny,Are you sure about this?,Jesteś tego pewny?
711,1,Tom I,Rozdział VIII,Przymiotniki,Sukces,Popular,Popularny,This song is very popular.,Ta piosenka jest bardzo popularna.
712,1,Tom I,Rozdział VIII,Przymiotniki,Sukces,Rich,Bogaty,He became rich overnight.,Wzbogacił się z dnia na dzień.
713,1,Tom I,Rozdział VIII,Przymiotniki,Sukces,Perfect,Perfekcyjny; doskonały,Everything went perfect.,Wszystko poszło perfekcyjnie.
714,1,Tom I,Rozdział VIII,Przymiotniki,Sukces,Fantastic,Fantastyczny,You did a fantastic job.,Wykonałeś fantastyczną robotę.
715,1,Tom I,Rozdział VIII,Przymiotniki,Sukces,Better,Lepszy,I feel much better now.,Czuję się teraz dużo lepiej.
716,1,Tom I,Rozdział VIII,Przymiotniki,Sukces,Amazing,Niesamowity,This view is amazing.,Ten widok jest niesamowity.
717,1,Tom I,Rozdział VIII,Przymiotniki,Sukces,Super,Super,That's a super idea!,To super pomysł!
718,1,Tom I,Rozdział VIII,Przymiotniki,Sukces,Great,Wspaniały; wielki,You look great today.,Świetnie dziś wyglądasz.
719,1,Tom I,Rozdział VIII,Przymiotniki,Sukces,Only,Jedyny; wyłączny,You're the only one who understands.,"Jesteś jedyną osobą, która rozumie."
720,1,Tom I,Rozdział VIII,Rzeczowniki,Człowiek,Blond,Blondyn,He's tall and blond.,Jest wysokim blondynem.
721,1,Tom I,Rozdział VIII,Rzeczowniki,Człowiek,Blonde,Blondynka,She's a natural blonde.,Ona jest naturalną blondynką.
722,1,Tom I,Rozdział VIII,Rzeczowniki,Człowiek,Brunet,Brunet,My brother is a brunet.,Mój brat jest brunetem.
723,1,Tom I,Rozdział VIII,Rzeczowniki,Człowiek,Brunette,Brunetka,I prefer brunettes.,Wolę brunetki.
724,1,Tom I,Rozdział VIII,Rzeczowniki,Człowiek,Egoist,Egoista,Don't be such an egoist.,Nie bądź takim egoistą.
725,1,Tom I,Rozdział VIII,Rzeczowniki,Człowiek,Women,Kobiety,Women run this company.,Kobiety prowadzą tę firmę.
726,1,Tom I,Rozdział VIII,Rzeczowniki,Człowiek,Men,Mężczyźni,Men and women are equal.,Mężczyźni i kobiety są równi.
727,1,Tom I,Rozdział VIII,Rzeczowniki,Człowiek,Optimist,Optymista,She's a true optimist.,Ona jest prawdziwym optymistą.
728,1,Tom I,Rozdział VIII,Rzeczowniki,Człowiek,Pessimist,Pesymista,Stop being such a pessimist.,Przestań być takim pesymistą.
729,1,Tom I,Rozdział VIII,Rzeczowniki,Człowiek,Senior,Senior (osoba starsza),My grandfather is a senior now.,Mój dziadek jest teraz seniorem.
730,1,Tom I,Rozdział VIII,Rzeczowniki,Rodzina,Grandma,Babcia,My grandma cooks.,Moja babcia gotuje.
731,1,Tom I,Rozdział VIII,Rzeczowniki,Rodzina,Grandmother,Babka (matka matki),My grandmother bakes bread.,Moja babka piecze chleb.
732,1,Tom I,Rozdział VIII,Rzeczowniki,Rodzina,Aunt,Ciotka,My aunt is here.,Moja ciotka jest tutaj.
733,1,Tom I,Rozdział VIII,Rzeczowniki,Rodzina,Grandfather,Dziadek,My grandfather tells great stories.,Mój dziadek opowiada świetne historie.
734,1,Tom I,Rozdział VIII,Rzeczowniki,Rodzina,Grandpa,Dziadzio,My grandpa is 80.,Mój dziadzio ma 80 lat.
735,1,Tom I,Rozdział VIII,Rzeczowniki,Rodzina,Cousin,Kuzyn; kuzynka,My cousin is my age.,Mój kuzyn ma mój wiek.
736,1,Tom I,Rozdział VIII,Rzeczowniki,Rodzina,Baby,Niemowlę,The baby sleeps.,Niemowlę śpi.
737,1,Tom I,Rozdział VIII,Rzeczowniki,Rodzina,Parent,Rodzic,Being a parent is hard.,Bycie rodzicem jest trudne.
738,1,Tom I,Rozdział VIII,Rzeczowniki,Rodzina,Sister,Siostra,My sister is here.,Moja siostra jest tutaj.
739,1,Tom I,Rozdział VIII,Rzeczowniki,Rodzina,Uncle,Wujek,My uncle is here.,Mój wujek jest tutaj.
740,1,Tom I,Rozdział VIII,Zabronione,Wulgaryzmy 2,Cock,Chuj,He's such a cock sometimes.,Czasem jest takim chujem.
741,1,Tom I,Rozdział VIII,Zabronione,Wulgaryzmy 2,Pussy,Cipka,Don't be such a pussy.,Nie bądź taką cipą.
742,1,Tom I,Rozdział VIII,Zabronione,Wulgaryzmy 2,Asshole,Dupek,He's a real asshole.,On jest prawdziwym dupkiem.
743,1,Tom I,Rozdział VIII,Zabronione,Wulgaryzmy 2,Bastard,Drań,That lucky bastard won again.,Ten szczęściarz znowu wygrał.
744,1,Tom I,Rozdział VIII,Zabronione,Wulgaryzmy 2,Fag,Pedał,He called him a fag.,Nazwał go pedałem.
745,1,Tom I,Rozdział VIII,Zabronione,Wulgaryzmy 2,Bitch,Dziwka,Stop being such a bitch.,Przestań być taką suką.
746,1,Tom I,Rozdział VIII,Zabronione,Wulgaryzmy 2,Fuck off!,Odpierdol się!,Just fuck off already!,Po prostu odpierdol się!
747,1,Tom I,Rozdział VIII,Zabronione,Wulgaryzmy 2,Piss off!,Wypierdalaj!,"Piss off, I'm busy!","Wypierdalaj, jestem zajęty!"
748,1,Tom I,Rozdział VIII,Zabronione,Wulgaryzmy 2,Sod off!,Spierdalaj!,"Sod off, leave me alone!","Spierdalaj, zostaw mnie!"
749,1,Tom I,Rozdział VIII,Zabronione,Wulgaryzmy 2,It sucks,"Chujowo, do dupy",This weather really sucks.,Ta pogoda naprawdę jest do dupy.
750,1,Tom I,Rozdział VIII,Czasowniki,Czasowniki 6,Draw,Rysować,Draw a picture.,Narysuj obraz.
751,1,Tom I,Rozdział VIII,Czasowniki,Czasowniki 6,Paint,Malować,Paint the wall.,Pomaluj ścianę.
752,1,Tom I,Rozdział VIII,Czasowniki,Czasowniki 6,Play,Bawić się; grać,Play outside.,Baw się na zewnątrz.
753,1,Tom I,Rozdział VIII,Czasowniki,Czasowniki 6,Relax,Relaksować się; rozluźnić się,"Just relax, it's fine.","Po prostu się zrelaksuj, wszystko gra."
754,1,Tom I,Rozdział VIII,Czasowniki,Czasowniki 6,Rest,Odpoczywać,You need to rest.,Musisz odpocząć.
755,1,Tom I,Rozdział VIII,Czasowniki,Czasowniki 6,Ride,Jeździć (na czymś),Ride a bike.,Jeżdź na rowerze.
756,1,Tom I,Rozdział VIII,Czasowniki,Czasowniki 6,Sing,Śpiewać,Sing a song.,Śpiewaj piosenkę.
757,1,Tom I,Rozdział VIII,Czasowniki,Czasowniki 6,Smoke,Palić papierosy; dymić,Don't smoke here.,Nie pal tutaj.
758,1,Tom I,Rozdział VIII,Czasowniki,Czasowniki 6,Travel,Podróżować,I love to travel.,Uwielbiam podróżować.
759,1,Tom I,Rozdział VIII,Rzeczowniki,Dom,Alarm clock,Budzik,My alarm clock didn't go off.,Mój budzik nie zadzwonił.
760,1,Tom I,Rozdział VIII,Rzeczowniki,Dom,Garage,Garaż,Park the car in the garage.,Zaparkuj samochód w garażu.
761,1,Tom I,Rozdział VIII,Rzeczowniki,Dom,Bathroom,Łazienka,The bathroom is upstairs.,Łazienka jest na górze.
762,1,Tom I,Rozdział VIII,Rzeczowniki,Dom,Furniture,Meble,We need new furniture.,Potrzebujemy nowych mebli.
763,1,Tom I,Rozdział VIII,Rzeczowniki,Dom,Umbrella,Parasol,"Take an umbrella, it's raining.","Weź parasol, pada deszcz."
764,1,Tom I,Rozdział VIII,Rzeczowniki,Dom,Pillow,Poduszka,This pillow is too flat.,Ta poduszka jest za płaska.
765,1,Tom I,Rozdział VIII,Rzeczowniki,Dom,Washing machine,Pralka,The washing machine is broken.,Pralka jest zepsuta.
766,1,Tom I,Rozdział VIII,Rzeczowniki,Dom,Living room,Salon,Let's watch TV in the living room.,Oglądajmy telewizję w salonie.
767,1,Tom I,Rozdział VIII,Rzeczowniki,Dom,Neighbor,Sąsiad,My neighbor is very friendly.,Mój sąsiad jest bardzo przyjazny.
768,1,Tom I,Rozdział VIII,Rzeczowniki,Dom,Bedroom,Sypialnia,"Clean your bedroom, please.","Posprzątaj swoją sypialnię, proszę."
769,1,Tom I,Rozdział VIII,Rzeczowniki,Jedzenie,Cookie,Ciastko,Can I have a cookie?,Mogę dostać ciastko?
770,1,Tom I,Rozdział VIII,Rzeczowniki,Jedzenie,Dessert,Deser,What's for dessert?,Co na deser?
771,1,Tom I,Rozdział VIII,Rzeczowniki,Jedzenie,Fries,Frytki,I ordered fries with that.,Zamówiłem do tego frytki.
772,1,Tom I,Rozdział VIII,Rzeczowniki,Jedzenie,Hamburger,Hamburger,This hamburger is huge.,Ten hamburger jest ogromny.
773,1,Tom I,Rozdział VIII,Rzeczowniki,Jedzenie,Yogurt,Jogurt,I eat yogurt every morning.,Jem jogurt każdego ranka.
774,1,Tom I,Rozdział VIII,Rzeczowniki,Jedzenie,Sandwich,Kanapka,I made a sandwich for lunch.,Zrobiłem kanapkę na lunch.
775,1,Tom I,Rozdział VIII,Rzeczowniki,Jedzenie,Meal,Posiłek,That was a delicious meal.,To był pyszny posiłek.
776,1,Tom I,Rozdział VIII,Rzeczowniki,Jedzenie,Snack,Przekąska,Grab a snack if you're hungry.,"Weź przekąskę, jeśli jesteś głodny."
777,1,Tom I,Rozdział VIII,Rzeczowniki,Jedzenie,Salt,Sól,This soup needs salt.,Ta zupa potrzebuje soli.
778,1,Tom I,Rozdział VIII,Rzeczowniki,Jedzenie,Ham,Szynka,I'll have a ham sandwich.,Poproszę kanapkę z szynką.
779,1,Tom I,Rozdział VIII,Zaimki,Komu? Czemu?,Me,Mnie,Call me.,Zadzwoń do mnie.
780,1,Tom I,Rozdział VIII,Zaimki,Komu? Czemu?,You,Wam,You are here.,Ty jesteś tutaj.
781,1,Tom I,Rozdział VIII,Zaimki,Komu? Czemu?,You,Tobie,You are here.,Ty jesteś tutaj.
782,1,Tom I,Rozdział VIII,Zaimki,Komu? Czemu?,Us,Nam,Come with us.,Chodź z nami.
783,1,Tom I,Rozdział VIII,Zaimki,Komu? Czemu?,Him,Jemu,I know him.,Znam go.
784,1,Tom I,Rozdział VIII,Zaimki,Komu? Czemu?,Her,Jej (komu? Czemu?),Her name is Mary.,Jej imię to Maria.
785,1,Tom I,Rozdział VIII,Zaimki,Komu? Czemu?,It,Temu (czemuś),It is here.,To jest tutaj.
786,1,Tom I,Rozdział VIII,Zaimki,Komu? Czemu?,Them,Im,I know them.,Znam ich.
787,1,Tom I,Rozdział VIII,Zaimki,Komu? Czemu?,Me,Mnie,Call me.,Zadzwoń do mnie.
788,1,Tom I,Rozdział VIII,Zaimki,Komu? Czemu?,You,Wam,You are here.,Ty jesteś tutaj.
789,1,Tom I,Rozdział VIII,Przymiotniki,Przymiotniki 4,Sick,Chory; odczuwający nudności,I feel sick.,Czuję się źle.
790,1,Tom I,Rozdział VIII,Przymiotniki,Przymiotniki 4,Healthy,Zdrowy,Try to eat healthy food.,Staraj się jeść zdrowe jedzenie.
791,1,Tom I,Rozdział VIII,Przymiotniki,Przymiotniki 4,Lucky,Przynoszący szczęście; szczęśliwy,You're so lucky!,Masz takie szczęście!
792,1,Tom I,Rozdział VIII,Przymiotniki,Przymiotniki 4,Smart,Bystry,That was a smart decision.,To była mądra decyzja.
793,1,Tom I,Rozdział VIII,Przymiotniki,Przymiotniki 4,Strong,Silny; mocny,I feel strong.,Czuję się silny.
794,1,Tom I,Rozdział VIII,Przymiotniki,Przymiotniki 4,Fair,Sprawiedliwy; uczciwy,That's not fair.,To nie fair.
795,1,Tom I,Rozdział VIII,Przymiotniki,Przymiotniki 4,Dirty,Brudny,Your shoes are dirty.,Twoje buty są brudne.
796,1,Tom I,Rozdział VIII,Przymiotniki,Przymiotniki 4,Clean,Czysty,Clean the house.,Posprzątaj dom.
797,1,Tom I,Rozdział VIII,Przymiotniki,Przymiotniki 4,Fat,Gruby (człowiek lub zwierzę),The cat got really fat.,Kot naprawdę utył.
798,1,Tom I,Rozdział VIII,Przymiotniki,Przymiotniki 4,Sexy,Seksowny,She looked absolutely sexy.,Wyglądała absolutnie seksownie.
799,1,Tom I,Rozdział VIII,Rzeczowniki,Miasto,Pharmacy,Apteka,The pharmacy closes at eight.,Apteka zamyka się o ósmej.
800,1,Tom I,Rozdział VIII,Rzeczowniki,Miasto,Swimming pool,Basen,Let's go to the swimming pool.,Chodźmy na basen.
801,1,Tom I,Rozdział VIII,Rzeczowniki,Miasto,Library,Biblioteka,I borrowed a book from the library.,Wypożyczyłem książkę z biblioteki.
802,1,Tom I,Rozdział VIII,Rzeczowniki,Miasto,Disco,Dyskoteka,We danced all night at the disco.,Tańczyliśmy całą noc na dyskotece.
803,1,Tom I,Rozdział VIII,Rzeczowniki,Miasto,Church,Kościół,The church bells are ringing.,Dzwony kościelne dzwonią.
804,1,Tom I,Rozdział VIII,Rzeczowniki,Miasto,Museum,Muzeum,The museum is free on Sundays.,Muzeum jest darmowe w niedziele.
805,1,Tom I,Rozdział VIII,Rzeczowniki,Miasto,Bus stop,Przystanek,Wait for me at the bus stop.,Czekaj na mnie na przystanku.
806,1,Tom I,Rozdział VIII,Rzeczowniki,Miasto,Supermarket,Supermarket,I need to go to the supermarket.,Muszę iść do supermarketu.
807,1,Tom I,Rozdział VIII,Rzeczowniki,Miasto,Shopping,Zakupy,Let's go shopping this weekend.,Chodźmy na zakupy w ten weekend.
808,1,Tom I,Rozdział VIII,Rzeczowniki,Miasto,Zoo,Zoo,The kids loved the zoo.,Dzieciom bardzo podobało się zoo.
809,1,Tom I,Rozdział VIII,Przysłówki,Przysłówki 1,A little,Trochę,I speak a little English.,Mówię trochę po angielsku.
810,1,Tom I,Rozdział VIII,Przysłówki,Przysłówki 1,Alright,W porządku; dobrze; zgoda,Everything will be alright.,Wszystko będzie w porządku.
811,1,Tom I,Rozdział VIII,Przysłówki,Przysłówki 1,Close to,Blisko,We live close to the park.,Mieszkamy blisko parku.
812,1,Tom I,Rozdział VIII,Przysłówki,Przysłówki 1,Fine,W porządku; dobrze; niech będzie,"I'm fine, thanks.","W porządku, dzięki."
813,1,Tom I,Rozdział VIII,Przysłówki,Przysłówki 1,Great,Świetnie,That sounds great!,To brzmi świetnie!
814,1,Tom I,Rozdział VIII,Przysłówki,Przysłówki 1,Maybe,Może,Maybe we should wait.,Może powinniśmy poczekać.
815,1,Tom I,Rozdział VIII,Przysłówki,Przysłówki 1,Ok,Ok,"Ok, let's do it.","Ok, zróbmy to."
816,1,Tom I,Rozdział VIII,Przysłówki,Przysłówki 1,Really,Naprawdę,Do you really mean that?,Naprawdę tak myślisz?
817,1,Tom I,Rozdział VIII,Przysłówki,Przysłówki 1,So-so,Tak sobie,How was the movie? So-so.,Jaki był film? Tak sobie.
818,1,Tom I,Rozdział VIII,Przysłówki,Przysłówki 1,Together,Razem; wspólnie,We grew up together.,Dorastaliśmy razem.
819,1,Tom I,Rozdział IX,Phrasale,Ciągle w ruchu,Carry on,Kontynuować robienie czegoś,Carry on without me.,Kontynuuj beze mnie.
820,1,Tom I,Rozdział IX,Phrasale,Ciągle w ruchu,Come on,"Chodź szybko! (dawaj, dawaj!)","Come on, we're late!","Chodź szybko, spóźniamy się!"
821,1,Tom I,Rozdział IX,Phrasale,Ciągle w ruchu,Be back,Być z powrotem,I'll be back in five minutes.,Będę z powrotem za pięć minut.
822,1,Tom I,Rozdział IX,Phrasale,Ciągle w ruchu,Come back,Wrócić (przyjść z powrotem),Please come back soon.,"Proszę, wróć szybko."
823,1,Tom I,Rozdział IX,Phrasale,Ciągle w ruchu,Come in,Wejść (mniej formalnie),"Come in, the door's open.","Wejdź, drzwi są otwarte."
824,1,Tom I,Rozdział IX,Phrasale,Ciągle w ruchu,Get to,Dotrzeć dokądś,How do I get to the station?,Jak dotrę na stację?
825,1,Tom I,Rozdział IX,Phrasale,Ciągle w ruchu,Go back,Wracać,I want to go back home.,Chcę wrócić do domu.
826,1,Tom I,Rozdział IX,Phrasale,Ciągle w ruchu,Get up,Podnieść się; wstawać (z łóżka),"Get up, we're leaving!","Wstawaj, wyjeżdżamy!"
827,1,Tom I,Rozdział IX,Phrasale,Ciągle w ruchu,Sit down,Usiąść,Sit down and relax.,Usiądź i zrelaksuj się.
828,1,Tom I,Rozdział IX,Phrasale,Ciągle w ruchu,Find out,Dowiedzieć się,I need to find out the truth.,Muszę dowiedzieć się prawdy.
829,1,Tom I,Rozdział IX,Skróty,Zostań w świecie skrótów,Brb,Zw (zaraz wracam),"BRB, someone's at the door.","ZW, ktoś jest przy drzwiach."
830,1,Tom I,Rozdział IX,Skróty,Zostań w świecie skrótów,Cya,Nara,"Gotta go, CYA!","Muszę iść, NARA!"
831,1,Tom I,Rozdział IX,Skróty,Zostań w świecie skrótów,Idk,Nwm (nie wiem),"IDK, maybe later.","NWM, może później."
832,1,Tom I,Rozdział IX,Skróty,Zostań w świecie skrótów,Imo,Moim zdaniem (skrót),"IMO, this is the best option.",MOIM ZDANIEM to najlepsza opcja.
833,1,Tom I,Rozdział IX,Skróty,Zostań w świecie skrótów,Bf,Chłopak; partner (skrót),This is my BF.,To mój CHŁOPAK.
834,1,Tom I,Rozdział IX,Skróty,Zostań w świecie skrótów,Lmao,Śmiać się do rozpuku (skrót),"LMAO, that's hilarious!","PADAM ZE ŚMIECHU, to jest zabawne!"
835,1,Tom I,Rozdział IX,Skróty,Zostań w świecie skrótów,Gf,Dziewczyna; partnerka (skrót),Meet my GF.,Poznaj moją DZIEWCZYNĘ.
836,1,Tom I,Rozdział IX,Skróty,Zostań w świecie skrótów,Yolo,Żyje się tylko raz (skrót),"YOLO, let's do it!","ŻYJE SIĘ TYLKO RAZ, zróbmy to!"
837,1,Tom I,Rozdział IX,Skróty,Zostań w świecie skrótów,4u,Dla ciebie,This one's for you.,Ten jest dla ciebie.
838,1,Tom I,Rozdział IX,Skróty,Zostań w świecie skrótów,Pm,Prywatna wiadomość (skrót),Send me a PM.,Wyślij mi PW.
839,1,Tom I,Rozdział IX,Rzeczowniki,Kraje,England,Anglia,I've never been to England.,Nigdy nie byłem w Anglii.
840,1,Tom I,Rozdział IX,Rzeczowniki,Kraje,English,Angielka; anglik,My teacher is English.,Moja nauczycielka jest Angielką.
841,1,Tom I,Rozdział IX,Rzeczowniki,Kraje,United kingdom,Zjednoczone królestwo,The United Kingdom has four nations.,Zjednoczone Królestwo ma cztery narody.
842,1,Tom I,Rozdział IX,Rzeczowniki,Kraje,Great britain,Wielka brytania,Great Britain is an island.,Wielka Brytania jest wyspą.
843,1,Tom I,Rozdział IX,Rzeczowniki,Kraje,British,Brytyjka; brytyjczyk,My colleague is British.,Moja koleżanka jest Brytyjką.
844,1,Tom I,Rozdział IX,Rzeczowniki,Kraje,China,Chiny,China has a huge population.,Chiny mają ogromną populację.
845,1,Tom I,Rozdział IX,Rzeczowniki,Kraje,Chinese,Chinka; chińczyk,My neighbor is Chinese.,Moja sąsiadka jest Chinką.
846,1,Tom I,Rozdział IX,Rzeczowniki,Kraje,France,Francja,We're flying to France in June.,Lecimy do Francji w czerwcu.
847,1,Tom I,Rozdział IX,Rzeczowniki,Kraje,French,Francuzka; francuz,My friend is French.,Moja przyjaciółka jest Francuzką.
848,1,Tom I,Rozdział IX,Rzeczowniki,Kraje,Country,Kraj,Which country are you from?,Z jakiego kraju jesteś?
849,1,Tom I,Rozdział IX,Maleństwa,Kierunek I miejsce,To,"Do (dokądś, np. Do poznania)",I'm going to the store.,Idę do sklepu.
850,1,Tom I,Rozdział IX,Maleństwa,Kierunek I miejsce,On,Na (czymś),The keys are on the table.,Klucze są na stole.
851,1,Tom I,Rozdział IX,Maleństwa,Kierunek I miejsce,To,Na (np. Przystanek),We're heading to the party.,Idziemy na imprezę.
852,1,Tom I,Rozdział IX,Maleństwa,Kierunek I miejsce,Next to,Przy (coś przy czymś),Sit next to me.,Usiądź przy mnie.
853,1,Tom I,Rozdział IX,Maleństwa,Kierunek I miejsce,At,Przy (np. Stole),Meet me at the entrance.,Spotkaj się ze mną przy wejściu.
854,1,Tom I,Rozdział IX,Maleństwa,Kierunek I miejsce,In,W,It's in the drawer.,Jest w szufladzie.
855,1,Tom I,Rozdział IX,Maleństwa,Kierunek I miejsce,Via,Przez (np. Berlin),We flew to Rome via Paris.,Lecieliśmy do Rzymu przez Paryż.
856,1,Tom I,Rozdział IX,Maleństwa,Kierunek I miejsce,Up,W górę; do góry,Go up.,Idź do góry.
857,1,Tom I,Rozdział IX,Maleństwa,Kierunek I miejsce,Off,"Z (z sufitu, mostu, etc.)",Take it off the shelf.,Zdejmij to z półki.
858,1,Tom I,Rozdział IX,Maleństwa,Kierunek I miejsce,Mid,Między; w połowie,We stopped mid-way.,Zatrzymaliśmy się w połowie drogi.
859,1,Tom I,Rozdział IX,Rzeczowniki,Kraje,Poland,Polska,Poland is in central Europe.,Polska leży w środkowej Europie.
860,1,Tom I,Rozdział IX,Rzeczowniki,Kraje,Pole,Polka; polak,She's a proud Pole.,Ona jest dumną Polką.
861,1,Tom I,Rozdział IX,Rzeczowniki,Kraje,India,Indie,Spices from India are amazing.,Przyprawy z Indii są niesamowite.
862,1,Tom I,Rozdział IX,Rzeczowniki,Kraje,Indian,Hinduska; hindus,My colleague is Indian.,Moja koleżanka jest Hinduską.
863,1,Tom I,Rozdział IX,Rzeczowniki,Kraje,German,Niemka; niemiec,His wife is German.,Jego żona jest Niemką.
864,1,Tom I,Rozdział IX,Rzeczowniki,Kraje,Germany,Niemcy,We drove through Germany.,Przejechaliśmy przez Niemcy.
865,1,Tom I,Rozdział IX,Rzeczowniki,Kraje,The united states of america,Stany zjednoczone,The United States has fifty states.,Stany Zjednoczone mają pięćdziesiąt stanów.
866,1,Tom I,Rozdział IX,Rzeczowniki,Kraje,American,Amerykanka; amerykanin,My roommate is American.,Moja współlokatorka jest Amerykanką.
867,1,Tom I,Rozdział IX,Rzeczowniki,Kraje,Nationality,Narodowość,What's your nationality?,Jaka jest twoja narodowość?
868,1,Tom I,Rozdział IX,Rzeczowniki,Kraje,Nation,Naród,The whole nation celebrated.,Cały naród świętował.
869,1,Tom I,Rozdział IX,Rzeczowniki,Transport,Diesel,Olej napędowy,This car runs on diesel.,Ten samochód jeździ na olej napędowy.
870,1,Tom I,Rozdział IX,Rzeczowniki,Transport,Passenger,Pasażer,There's one passenger left.,Zostaje jeden pasażer.
871,1,Tom I,Rozdział IX,Rzeczowniki,Transport,Seat,Siedzenie,Is this seat taken?,Czy to miejsce jest zajęte?
872,1,Tom I,Rozdział IX,Rzeczowniki,Transport,Taxi,Taksówka,Let's just call a taxi.,Po prostu wezwijmy taksówkę.
873,1,Tom I,Rozdział IX,Rzeczowniki,Transport,Cab,Taryfa (taksówka),Grab a cab outside.,Złap taryfę na zewnątrz.
874,1,Tom I,Rozdział IX,Rzeczowniki,Transport,Highway,Autostrada,We took the highway instead.,Pojechaliśmy zamiast tego autostradą.
875,1,Tom I,Rozdział IX,Rzeczowniki,Transport,Petrol,Benzyna,We're low on petrol.,Mamy mało benzyny.
876,1,Tom I,Rozdział IX,Rzeczowniki,Transport,Gas,Gaz,Don't forget to pay the gas bill.,Nie zapomnij zapłacić rachunku za gaz.
877,1,Tom I,Rozdział IX,Rzeczowniki,Transport,Car keys,Kluczyki do samochodu,I can't find my car keys.,Nie mogę znaleźć kluczyków do samochodu.
878,1,Tom I,Rozdział IX,Rzeczowniki,Transport,Motorcycle,Motocykl,He rides a motorcycle to work.,On jeździ motocyklem do pracy.
879,1,Tom I,Rozdział IX,Czasowniki,Czasowniki 7,Clean,Czyścić (coś); sprzątać,Clean the house.,Posprzątaj dom.
880,1,Tom I,Rozdział IX,Czasowniki,Czasowniki 7,Cook,Gotować,I cook every day.,Gotuję codziennie.
881,1,Tom I,Rozdział IX,Czasowniki,Czasowniki 7,Fly,Latać,Fly a kite.,Puszczaj latawiec.
882,1,Tom I,Rozdział IX,Czasowniki,Czasowniki 7,Move,Przeprowadzać się,We're moving next month.,Przeprowadzamy się w przyszłym miesiącu.
883,1,Tom I,Rozdział IX,Czasowniki,Czasowniki 7,Pass,Podawać,Please pass the salt.,"Proszę, podaj sól."
884,1,Tom I,Rozdział IX,Czasowniki,Czasowniki 7,See,Widzieć,I see.,Widzę.
885,1,Tom I,Rozdział IX,Czasowniki,Czasowniki 7,Stand,Wstać; stać,Stand up.,Wstań.
886,1,Tom I,Rozdział IX,Czasowniki,Czasowniki 7,Swim,Pływać,Swim in the pool.,Pływaj w basenie.
887,1,Tom I,Rozdział IX,Czasowniki,Czasowniki 7,Visit,Odwiedzać,Come visit us sometime.,Odwiedź nas kiedyś.
888,1,Tom I,Rozdział IX,Czasowniki,Czasowniki 7,Arrive,Przybywać,What time do we arrive?,O której godzinie przyjeżdżamy?
889,1,Tom I,Rozdział IX,Zabronione,Wulgaryzmy 3,It blows,"Chujowo, do dupy",This traffic really blows.,Ten korek naprawdę jest do dupy.
890,1,Tom I,Rozdział IX,Zabronione,Wulgaryzmy 3,Not to give a fuck,Mieć wyjebane,He doesn't give a fuck about rules.,On ma wyjebane na zasady.
891,1,Tom I,Rozdział IX,Zabronione,Wulgaryzmy 3,I don't give a fuck!,Mam wyjebane,I don't give a fuck anymore!,Mam już wszystko wyjebane!
892,1,Tom I,Rozdział IX,Zabronione,Wulgaryzmy 3,I don't give a shit!,Mam to w dupie,"Honestly, I don't give a shit!","Szczerze, mam to w dupie!"
893,1,Tom I,Rozdział IX,Zabronione,Wulgaryzmy 3,Bloody hell!,Jasna cholera!,"Bloody hell, that hurt!","Jasna cholera, to zabolało!"
894,1,Tom I,Rozdział IX,Zabronione,Wulgaryzmy 3,Jerk,Cham,Stop being such a jerk.,Przestań być takim chamem.
895,1,Tom I,Rozdział IX,Zabronione,Wulgaryzmy 3,Cunt,Pizda,He called her a cunt.,Nazwał ją pizdą.
896,1,Tom I,Rozdział IX,Zabronione,Wulgaryzmy 3,Slut,Dziwka,Don't call her a slut.,Nie nazywaj jej dziwką.
897,1,Tom I,Rozdział IX,Zabronione,Wulgaryzmy 3,Ho,Dzieweczka,Stop acting like a ho.,Przestań się zachowywać jak dziwka.
898,1,Tom I,Rozdział IX,Zabronione,Wulgaryzmy 3,Whore,Kurwa,He called her a whore.,Nazwał ją kurwą.
899,1,Tom I,Rozdział IX,Rzeczowniki,Ubrania,Cap,Czapka,He wore a baseball cap.,Nosił czapkę z daszkiem.
900,1,Tom I,Rozdział IX,Rzeczowniki,Ubrania,Suit,Garnitur,He looked sharp in his suit.,Wyglądał elegancko w garniturze.
901,1,Tom I,Rozdział IX,Rzeczowniki,Ubrania,Tie,Krawat,Loosen your tie a bit.,Poluzuj trochę krawat.
902,1,Tom I,Rozdział IX,Rzeczowniki,Ubrania,Fashion,Moda,She works in fashion.,Ona pracuje w modzie.
903,1,Tom I,Rozdział IX,Rzeczowniki,Ubrania,Sunglasses,Okulary przeciwsłoneczne,Where are my sunglasses?,Gdzie są moje okulary przeciwsłoneczne?
904,1,Tom I,Rozdział IX,Rzeczowniki,Ubrania,Wallet,Portfel,I left my wallet at home.,Zostawiłem portfel w domu.
905,1,Tom I,Rozdział IX,Rzeczowniki,Ubrania,Shorts,Spodenki,"It's hot, wear shorts.","Jest gorąco, załóż spodenki."
906,1,Tom I,Rozdział IX,Rzeczowniki,Ubrania,Skirt,Spódnica,She bought a new skirt.,Kupiła nową spódnicę.
907,1,Tom I,Rozdział IX,Rzeczowniki,Ubrania,Dress,Suknia; sukienka,That dress suits you.,Ta sukienka do ciebie pasuje.
908,1,Tom I,Rozdział IX,Przymiotniki,Przymiotniki 5,Possible,Możliwy,Anything is possible.,Wszystko jest możliwe.
909,1,Tom I,Rozdział IX,Przymiotniki,Przymiotniki 5,Impossible,Niemożliwy,This task feels impossible.,To zadanie wydaje się niemożliwe.
910,1,Tom I,Rozdział IX,Przymiotniki,Przymiotniki 5,Real,Realny,Is this diamond real?,Czy ten diament jest prawdziwy?
911,1,Tom I,Rozdział IX,Przymiotniki,Przymiotniki 5,PRAWDA,Zgodny z prawdą,Is that story true?,Czy ta historia jest prawdziwa?
912,1,Tom I,Rozdział IX,Przymiotniki,Przymiotniki 5,Tired,Zmęczony,I am tired.,Jestem zmęczony.
913,1,Tom I,Rozdział IX,Przymiotniki,Przymiotniki 5,Quiet,Cichy,Please be quiet.,"Proszę, bądź cicho."
914,1,Tom I,Rozdział IX,Przymiotniki,Przymiotniki 5,Loud,Głośny,The music is too loud.,Muzyka jest za głośna.
915,1,Tom I,Rozdział IX,Przymiotniki,Przymiotniki 5,Interesting,Interesujący; ciekawy,That's a really interesting point.,To naprawdę interesująca uwaga.
916,1,Tom I,Rozdział IX,Przymiotniki,Przymiotniki 5,Normal,Normalny,This is completely normal.,To jest zupełnie normalne.
917,1,Tom I,Rozdział IX,Przymiotniki,Przymiotniki 5,Crazy,Zwariowany; szalony,This traffic is crazy today.,Ten korek jest dziś szalony.
918,1,Tom I,Rozdział IX,Rzeczowniki,Części ciała,Belly,Brzuch,My belly hurts a bit.,Boli mnie trochę brzuch.
919,1,Tom I,Rozdział IX,Rzeczowniki,Części ciała,Body,Ciało,Listen to your body.,Słuchaj swojego ciała.
920,1,Tom I,Rozdział IX,Rzeczowniki,Części ciała,Tongue,Język,I burned my tongue.,Poparzyłem sobie język.
921,1,Tom I,Rozdział IX,Rzeczowniki,Części ciała,Blood,Krew,I saw a drop of blood.,Zobaczyłem kroplę krwi.
922,1,Tom I,Rozdział IX,Rzeczowniki,Części ciała,Penis,Penis,The doctor examined his penis.,Lekarz zbadał jego penisa.
923,1,Tom I,Rozdział IX,Rzeczowniki,Części ciała,Back,Plecy,My back hurts.,Bolą mnie plecy.
924,1,Tom I,Rozdział IX,Rzeczowniki,Części ciała,Vagina,Pochwa,The doctor examined her vagina.,Lekarz zbadał jej pochwę.
925,1,Tom I,Rozdział IX,Rzeczowniki,Części ciała,Skin,Skóra,Her skin is very soft.,Jej skóra jest bardzo miękka.
926,1,Tom I,Rozdział IX,Rzeczowniki,Części ciała,Foot,Stopa,I hurt my foot yesterday.,Zraniłem sobie stopę wczoraj.
927,1,Tom I,Rozdział IX,Rzeczowniki,Części ciała,Tooth,Ząb,I have a loose tooth.,Mam ruszający się ząb.
928,1,Tom I,Rozdział X,Czasowniki,Człowiekiem jestem,Be born,Urodzić się,I was born in Warsaw.,Urodziłem się w Warszawie.
929,1,Tom I,Rozdział X,Czasowniki,Człowiekiem jestem,Behave,Zachowywać się (dobrze),Please behave yourself.,"Proszę, zachowuj się."
930,1,Tom I,Rozdział X,Czasowniki,Człowiekiem jestem,Change,Przebierać się,I need to change clothes.,Muszę się przebrać.
931,1,Tom I,Rozdział X,Czasowniki,Człowiekiem jestem,Dream,Marzyć,I dream about traveling.,Marzę o podróżowaniu.
932,1,Tom I,Rozdział X,Czasowniki,Człowiekiem jestem,Kiss,Całować,He gave her a kiss.,Pocałował ją.
933,1,Tom I,Rozdział X,Czasowniki,Człowiekiem jestem,Laugh,Śmiać się,That joke made me laugh.,Ten żart mnie rozśmieszył.
934,1,Tom I,Rozdział X,Czasowniki,Człowiekiem jestem,Send,Wysłać; przesłać,I'll send it right away.,Wyślę to od razu.
935,1,Tom I,Rozdział X,Czasowniki,Człowiekiem jestem,Surprise,Zrobić niespodziankę; zaskakiwać,I want to surprise her.,Chcę zrobić jej niespodziankę.
936,1,Tom I,Rozdział X,Czasowniki,Człowiekiem jestem,Trust,Ufać,I trust you completely.,Ufam ci całkowicie.
937,1,Tom I,Rozdział X,Czasowniki,Człowiekiem jestem,Wear,Nosić ubrania; mieć coś na sobie,What should I wear tonight?,Co powinienem dziś ubrać?
938,1,Tom I,Rozdział X,Rzeczowniki,Higiena I wygląd,Deodorant,Dezodorant,Don't forget your deodorant.,Nie zapomnij dezodorantu.
939,1,Tom I,Rozdział X,Rzeczowniki,Higiena I wygląd,Figure,Figura,She has a great figure.,Ona ma świetną figurę.
940,1,Tom I,Rozdział X,Rzeczowniki,Higiena I wygląd,Hygiene,Higiena,Good hygiene matters.,Dobra higiena ma znaczenie.
941,1,Tom I,Rozdział X,Rzeczowniki,Higiena I wygląd,Color,Kolor; barwa,What color do you prefer?,Jaki kolor wolisz?
942,1,Tom I,Rozdział X,Rzeczowniki,Higiena I wygląd,Cream,Krem,Apply this cream daily.,Nakładaj ten krem codziennie.
943,1,Tom I,Rozdział X,Rzeczowniki,Higiena I wygląd,Make-up,Makijaż,She doesn't wear much make-up.,Ona nie nosi dużo makijażu.
944,1,Tom I,Rozdział X,Rzeczowniki,Higiena I wygląd,Perfume,Perfumy,That perfume smells amazing.,Te perfumy pachną niesamowicie.
945,1,Tom I,Rozdział X,Rzeczowniki,Higiena I wygląd,Beauty,Piękno,Beauty comes in many forms.,Piękno przybiera wiele form.
946,1,Tom I,Rozdział X,Rzeczowniki,Higiena I wygląd,Tattoo,Tatuaż,He got a new tattoo.,Zrobił sobie nowy tatuaż.
947,1,Tom I,Rozdział X,Rzeczowniki,Higiena I wygląd,Gel,Żel,Use less gel this time.,Użyj mniej żelu tym razem.
948,1,Tom I,Rozdział X,Przymiotniki,Przymiotniki 6,Different,Inny (nie taki sam),This place feels different now.,To miejsce teraz wydaje się inne.
949,1,Tom I,Rozdział X,Przymiotniki,Przymiotniki 6,Cool,Chłodny (stan),The breeze is cool.,Wietrzyk jest chłodny.
950,1,Tom I,Rozdział X,Przymiotniki,Przymiotniki 6,Warm,Ciepły,The room is warm.,Pokój jest ciepły.
951,1,Tom I,Rozdział X,Przymiotniki,Przymiotniki 6,Wet,Mokry,The floor is wet.,Podłoga jest mokra.
952,1,Tom I,Rozdział X,Przymiotniki,Przymiotniki 6,Close,Bliski (lokalizacja),We are very close friends.,Jesteśmy bardzo bliskimi przyjaciółmi.
953,1,Tom I,Rozdział X,Przymiotniki,Przymiotniki 6,Sorry,Współczujący (jest mi przykro),I'm so sorry for your loss.,Bardzo mi przykro z powodu twojej straty.
954,1,Tom I,Rozdział X,Przymiotniki,Przymiotniki 6,Poor,Biedny; ubogi,The poor guy lost everything.,Biedak stracił wszystko.
955,1,Tom I,Rozdział X,Przymiotniki,Przymiotniki 6,Sweet,Słodki,This is sweet.,To jest słodkie.
956,1,Tom I,Rozdział X,Przymiotniki,Przymiotniki 6,Fresh,Świeży,This is fresh.,To jest świeże.
957,1,Tom I,Rozdział X,Przymiotniki,Przymiotniki 6,Hard,Bardzo trudny,This floor is hard.,Ta podłoga jest twarda.
958,1,Tom I,Rozdział X,Rzeczowniki,Podróże,Attraction,Atrakcja,What's the main attraction here?,Jaka jest tu główna atrakcja?
959,1,Tom I,Rozdział X,Rzeczowniki,Podróże,Trip,Krótka podróż; wyprawa,We took a short trip.,Zrobiliśmy krótką podróż.
960,1,Tom I,Rozdział X,Rzeczowniki,Podróże,Rest,Odpoczynek,I need some rest after this.,Potrzebuję odpoczynku po tym.
961,1,Tom I,Rozdział X,Rzeczowniki,Podróże,Souvenir,Pamiątka,I bought a souvenir for you.,Kupiłem ci pamiątkę.
962,1,Tom I,Rozdział X,Rzeczowniki,Podróże,Picnic,Piknik,Let's have a picnic in the park.,Zróbmy piknik w parku.
963,1,Tom I,Rozdział X,Rzeczowniki,Podróże,Backpack,Plecak,"Pack light, just a backpack.","Spakuj się lekko, tylko plecak."
964,1,Tom I,Rozdział X,Rzeczowniki,Podróże,Journey,Podróż,It was a long journey.,To była długa podróż.
965,1,Tom I,Rozdział X,Rzeczowniki,Podróże,Reception,Recepcja,Ask at the reception desk.,Zapytaj przy recepcji.
966,1,Tom I,Rozdział X,Rzeczowniki,Podróże,Visa,Wiza,Do I need a visa?,Czy potrzebuję wizy?
967,1,Tom I,Rozdział X,Rzeczowniki,Podróże,Tour,Wycieczka; zwiedzanie,We joined a city tour.,Dołączyliśmy do wycieczki po mieście.
968,1,Tom I,Rozdział X,Rzeczowniki,Kultura,Author,Autor,Who's the author of this book?,Kto jest autorem tej książki?
969,1,Tom I,Rozdział X,Rzeczowniki,Kultura,Guitar,Gitara,He plays the guitar well.,On dobrze gra na gitarze.
970,1,Tom I,Rozdział X,Rzeczowniki,Kultura,Cinema,Kino,Let's go to the cinema.,Chodźmy do kina.
971,1,Tom I,Rozdział X,Rzeczowniki,Kultura,Concert,Koncert,The concert starts at eight.,Koncert zaczyna się o ósmej.
972,1,Tom I,Rozdział X,Rzeczowniki,Kultura,Music,Muzyka,I need music to focus.,"Potrzebuję muzyki, żeby się skupić."
973,1,Tom I,Rozdział X,Rzeczowniki,Kultura,Picture,Obrazek,Draw me a picture.,Narysuj mi obrazek.
974,1,Tom I,Rozdział X,Rzeczowniki,Kultura,Song,Piosenka,This song reminds me of you.,Ta piosenka przypomina mi ciebie.
975,1,Tom I,Rozdział X,Rzeczowniki,Kultura,Art,Sztuka,Modern art confuses me.,Sztuka nowoczesna mnie myli.
976,1,Tom I,Rozdział X,Rzeczowniki,Kultura,Dance,Taniec,Dance with me.,Tańcz ze mną.
977,1,Tom I,Rozdział X,Rzeczowniki,Kultura,Photo,Zdjęcie,Can you take our photo?,Możesz zrobić nam zdjęcie?
978,1,Tom I,Rozdział X,Rzeczowniki,Emocje I uczucia,Appetite,Apetyt,I lost my appetite.,Straciłem apetyt.
979,1,Tom I,Rozdział X,Rzeczowniki,Emocje I uczucia,Emotion,Emocja,She hid her emotion well.,Dobrze ukryła swoje emocje.
980,1,Tom I,Rozdział X,Rzeczowniki,Emocje I uczucia,Dream,Marzenie,It's always been my dream.,To zawsze było moje marzenie.
981,1,Tom I,Rozdział X,Rzeczowniki,Emocje I uczucia,Surprise,Niespodzianka,What a nice surprise!,Co za miła niespodzianka!
982,1,Tom I,Rozdział X,Rzeczowniki,Emocje I uczucia,Need,Potrzeba,There's no need to worry.,Nie ma potrzeby się martwić.
983,1,Tom I,Rozdział X,Rzeczowniki,Emocje I uczucia,Laughter,Śmiech,I could hear their laughter.,Słyszałem ich śmiech.
984,1,Tom I,Rozdział X,Rzeczowniki,Emocje I uczucia,Feeling,Uczucie,I have a strange feeling.,Mam dziwne uczucie.
985,1,Tom I,Rozdział X,Rzeczowniki,Emocje I uczucia,Smell,Zapach; węch,I love the smell of coffee.,Uwielbiam zapach kawy.
986,1,Tom I,Rozdział X,Rzeczowniki,Emocje I uczucia,Taste,Zmysł smaku; gust,This has an odd taste.,To ma dziwny smak.
987,1,Tom I,Rozdział X,Rzeczowniki,Emocje I uczucia,Wish,Życzenie,Make a wish!,Pomyśl życzenie!
988,1,Tom I,Rozdział X,Czasowniki,Ręką,Bring,Przynosić,Bring your ID with you.,Weź ze sobą dowód.
989,1,Tom I,Rozdział X,Czasowniki,Ręką,Catch,Łapać,Catch the ball.,Złap piłkę.
990,1,Tom I,Rozdział X,Czasowniki,Ręką,Close,Zamykać,"Close the window, it's cold.","Zamknij okno, jest zimno."
991,1,Tom I,Rozdział X,Czasowniki,Ręką,Hold,"Trzymać (w rękach, objęciach)",Hold my hand.,Trzymaj moją rękę.
992,1,Tom I,Rozdział X,Czasowniki,Ręką,Open,Otwierać,Open your eyes.,Otwórz oczy.
993,1,Tom I,Rozdział X,Czasowniki,Ręką,Pull,Ciągnąć,Pull the rope.,Pociągnij linę.
994,1,Tom I,Rozdział X,Czasowniki,Ręką,Push,Pchać,Push the door.,Popchnij drzwi.
995,1,Tom I,Rozdział X,Czasowniki,Ręką,Put,Kłaść; stawiać,Put it back where it was.,"Odłóż to tam, gdzie było."
996,1,Tom I,Rozdział X,Czasowniki,Ręką,Touch,Dotykać,Don't touch.,Nie dotykaj.
997,1,Tom I,Rozdział X,Czasowniki,Ręką,Write,Pisać,Write a letter.,Napisz list.
998,1,Tom I,Rozdział X,Rzeczowniki,Życie,Marriage,Małżeństwo,Marriage takes real work.,Małżeństwo wymaga prawdziwej pracy.
999,1,Tom I,Rozdział X,Rzeczowniki,Życie,Birthplace,Miejsce urodzenia,This town is my birthplace.,To miasto jest moim miejscem urodzenia.
1000,1,Tom I,Rozdział X,Rzeczowniki,Życie,Couple,Para (dwie osoby),They make a lovely couple.,Tworzą uroczą parę.
1001,1,Tom I,Rozdział X,Rzeczowniki,Życie,Party,Przyjęcie; impreza,We're throwing a party Saturday.,Robimy imprezę w sobotę.
1002,1,Tom I,Rozdział X,Rzeczowniki,Życie,Style,Styl,I love your style.,Uwielbiam twój styl.
1003,1,Tom I,Rozdział X,Rzeczowniki,Życie,Lifestyle,Styl życia,I changed my whole lifestyle.,Zmieniłem cały mój styl życia.
1004,1,Tom I,Rozdział X,Rzeczowniki,Życie,Birthday,Urodziny,Happy birthday to you!,Wszystkiego najlepszego z okazji urodzin!
1005,1,Tom I,Rozdział X,Rzeczowniki,Życie,Event,Wydarzenie,It was a memorable event.,To było pamiętne wydarzenie.
1006,1,Tom I,Rozdział X,Rzeczowniki,Życie,Life,Życie,Life is full of surprises.,Życie jest pełne niespodzianek.
1007,1,Tom I,Rozdział X,Rzeczowniki,Życie,Nightlife,Życie nocne,This city has great nightlife.,To miasto ma świetne życie nocne.
1008,1,Tom I,Rozdział X,Klony,Atak klonów,Chit-chat,Gadka-szmatka; ploteczki,,
1009,1,Tom I,Rozdział X,Klony,Atak klonów,Easy-peasy,Łatwizna,,
1010,1,Tom I,Rozdział X,Klony,Atak klonów,Fair and square,Bezdyskusyjny; uczciwie (np. Coś wygrać),,
1011,1,Tom I,Rozdział X,Klony,Atak klonów,Head-to-head,Łeb w łeb,,
1012,1,Tom I,Rozdział X,Klony,Atak klonów,Hocus-pocus,Hokus pokus,,
1013,1,Tom I,Rozdział X,Klony,Atak klonów,Mumbo-jumbo,Bełkot; skomplikowany żargon,,
1014,1,Tom I,Rozdział X,Klony,Atak klonów,Night-night,Dobranoc,,
1015,1,Tom I,Rozdział X,Klony,Atak klonów,Okey-dokey,Okejka,,
1016,1,Tom I,Rozdział X,Klony,Atak klonów,Step-by-step,Krok po kroku,,
1017,1,Tom I,Rozdział X,Klony,Atak klonów,Tick tock,Tik tak,,
1018,1,Tom I,Rozdział X,Rzeczowniki,Biznes,Company,Firma,I started my own company.,Założyłem własną firmę.
1019,1,Tom I,Rozdział X,Rzeczowniki,Biznes,Client,Klient,The client called this morning.,Klient dzwonił dziś rano.
1020,1,Tom I,Rozdział X,Rzeczowniki,Biznes,Plan,Plan,What's the plan for today?,Jaki jest plan na dziś?
1021,1,Tom I,Rozdział X,Rzeczowniki,Biznes,Product,Produkt,This product sells really well.,Ten produkt bardzo dobrze się sprzedaje.
1022,1,Tom I,Rozdział X,Rzeczowniki,Biznes,Bill,Rachunek,Can we get the bill?,Możemy prosić o rachunek?
1023,1,Tom I,Rozdział X,Rzeczowniki,Biznes,Chance,Szansa,Give me one more chance.,Daj mi jeszcze jedną szansę.
1024,1,Tom I,Rozdział X,Rzeczowniki,Biznes,Deal,Umowa (układ),We made a good deal.,Zrobiliśmy dobry interes.
1025,1,Tom I,Rozdział X,Rzeczowniki,Biznes,Result,Rezultat; efekt,The results were surprising.,Wyniki były zaskakujące.
1026,1,Tom I,Rozdział X,Rzeczowniki,Biznes,Sale,Wyprzedaż,Everything's on sale today.,Wszystko jest dziś na wyprzedaży.
1027,1,Tom I,Rozdział X,Rzeczowniki,Biznes,Discount,Zniżka,Can I get a discount?,Mogę dostać zniżkę?
1028,1,Tom II,Rozdział XI,Czasowniki,Biznes zaczyna się w głowie,End,Kończyć; skończyć (się),How does the story end?,Jak kończy się ta historia?
1029,1,Tom II,Rozdział XI,Czasowniki,Biznes zaczyna się w głowie,Happen,Wydarzać się; stać się,What happened here?,Co się tutaj wydarzyło?
1030,1,Tom II,Rozdział XI,Czasowniki,Biznes zaczyna się w głowie,Mean,Znaczyć coś,What do you mean by that?,Co masz na myśli?
1031,1,Tom II,Rozdział XI,Czasowniki,Biznes zaczyna się w głowie,Must,Musieć; trzeba (teraźniejszość),You must try this cake.,Musisz spróbować tego ciasta.
1032,1,Tom II,Rozdział XI,Czasowniki,Biznes zaczyna się w głowie,Offer,Oferować; proponować,They offered me the job.,Zaoferowali mi tę pracę.
1033,1,Tom II,Rozdział XI,Czasowniki,Biznes zaczyna się w głowie,Run,Prowadzić (firmę),She runs a small business.,Ona prowadzi mały biznes.
1034,1,Tom II,Rozdział XI,Czasowniki,Biznes zaczyna się w głowie,Sell,Sprzedać,Sell your car.,Sprzedaj samochód.
1035,1,Tom II,Rozdział XI,Czasowniki,Biznes zaczyna się w głowie,Spend,Spędzać (czas),I like to spend time outdoors.,Lubię spędzać czas na zewnątrz.
1036,1,Tom II,Rozdział XI,Czasowniki,Biznes zaczyna się w głowie,Win,Wygrywać,Our team is going to win.,Nasza drużyna wygra.
1037,1,Tom II,Rozdział XI,Czasowniki,Biznes zaczyna się w głowie,Would,-bym; -byś; -by; -byśmy; -byście,I would love some tea.,Chętnie napiłbym się herbaty.
1038,1,Tom II,Rozdział XI,Rzeczowniki,Kalendarz I czas,December,Grudzień,December feels magical.,Grudzień wydaje się magiczny.
1039,1,Tom II,Rozdział XI,Rzeczowniki,Kalendarz I czas,Autumn,Jesień,I love the colors of autumn.,Uwielbiam kolory jesieni.
1040,1,Tom II,Rozdział XI,Rzeczowniki,Kalendarz I czas,Calendar,Kalendarz,Check the calendar for that date.,Sprawdź w kalendarzu tę datę.
1041,1,Tom II,Rozdział XI,Rzeczowniki,Kalendarz I czas,Summer,Lato,Summer is finally here.,Lato wreszcie nadeszło.
1042,1,Tom II,Rozdział XI,Rzeczowniki,Kalendarz I czas,November,Listopad,November is grey and cold.,Listopad jest szary i zimny.
1043,1,Tom II,Rozdział XI,Rzeczowniki,Kalendarz I czas,February,Luty,February is the shortest month.,Luty jest najkrótszym miesiącem.
1044,1,Tom II,Rozdział XI,Rzeczowniki,Kalendarz I czas,March,Marzec,Spring starts in March.,Wiosna zaczyna się w marcu.
1045,1,Tom II,Rozdział XI,Rzeczowniki,Kalendarz I czas,August,Sierpień,We're on vacation in August.,Jesteśmy na wakacjach w sierpniu.
1046,1,Tom II,Rozdział XI,Rzeczowniki,Kalendarz I czas,January,Styczeń,January feels so long.,Styczeń wydaje się taki długi.
1047,1,Tom II,Rozdział XI,Rzeczowniki,Kalendarz I czas,Winter,Zima,I don't like winter much.,Nie lubię za bardzo zimy.
1048,1,Tom II,Rozdział XI,Przymiotniki,Języki,Italian,Włoski,I love Italian food.,Uwielbiam włoskie jedzenie.
1049,1,Tom II,Rozdział XI,Przymiotniki,Języki,Hindi,Hindi,She's learning Hindi.,Ona uczy się hindi.
1050,1,Tom II,Rozdział XI,Przymiotniki,Języki,Spanish,Hiszpański,He speaks fluent Spanish.,On mówi płynnie po hiszpańsku.
1051,1,Tom II,Rozdział XI,Przymiotniki,Języki,Japanese,Japoński,Japanese food is so delicate.,Japońskie jedzenie jest takie delikatne.
1052,1,Tom II,Rozdział XI,Przymiotniki,Języki,Turkish,Turecki,We drank Turkish coffee.,Piliśmy turecką kawę.
1053,1,Tom II,Rozdział XI,Przymiotniki,Języki,English,Angielski,My English is improving.,Mój angielski się poprawia.
1054,1,Tom II,Rozdział XI,Przymiotniki,Języki,Chinese,Chiński,Chinese characters are fascinating.,Chińskie znaki są fascynujące.
1055,1,Tom II,Rozdział XI,Przymiotniki,Języki,French,Francuski,The French bread was amazing.,Francuski chleb był niesamowity.
1056,1,Tom II,Rozdział XI,Przymiotniki,Języki,Polish,Polski,Polish grammar is tricky.,Polska gramatyka jest trudna.
1057,1,Tom II,Rozdział XI,Przymiotniki,Języki,German,Niemiecki,German engineering is precise.,Niemiecka inżynieria jest precyzyjna.
1058,1,Tom II,Rozdział XI,Rzeczowniki,Kalendarz I czas,June,Czerwiec,We're getting married in June.,Bierzemy ślub w czerwcu.
1059,1,Tom II,Rozdział XI,Rzeczowniki,Kalendarz I czas,Date,Data,What's today's date?,Jaka jest dzisiaj data?
1060,1,Tom II,Rozdział XI,Rzeczowniki,Kalendarz I czas,Holiday,Dzień świąteczny,Monday is a public holiday.,Poniedziałek jest dniem świątecznym.
1061,1,Tom II,Rozdział XI,Rzeczowniki,Kalendarz I czas,April,Kwiecień,April showers bring May flowers.,Kwietniowe deszcze przynoszą majowe kwiaty.
1062,1,Tom II,Rozdział XI,Rzeczowniki,Kalendarz I czas,July,Lipiec,We're traveling in July.,Podróżujemy w lipcu.
1063,1,Tom II,Rozdział XI,Rzeczowniki,Kalendarz I czas,May,Maj,May is my favorite month.,Maj to mój ulubiony miesiąc.
1064,1,Tom II,Rozdział XI,Rzeczowniki,Kalendarz I czas,Moment,Moment; chwila,Wait just a moment.,Poczekaj chwilę.
1065,1,Tom II,Rozdział XI,Rzeczowniki,Kalendarz I czas,October,Październik,October brings falling leaves.,Październik przynosi opadające liście.
1066,1,Tom II,Rozdział XI,Rzeczowniki,Kalendarz I czas,Spring,Wiosna,Spring makes everything bloom.,"Wiosna sprawia, że wszystko kwitnie."
1067,1,Tom II,Rozdział XI,Rzeczowniki,Kalendarz I czas,September,Wrzesień,School starts in September.,Szkoła zaczyna się we wrześniu.
1068,1,Tom II,Rozdział XI,Rzeczowniki,Sprzęt elektroniczny,Update,Aktualizacja,There's a new software update.,Jest nowa aktualizacja oprogramowania.
1069,1,Tom II,Rozdział XI,Rzeczowniki,Sprzęt elektroniczny,Air conditioning,Klimatyzacja,Turn on the air conditioning.,Włącz klimatyzację.
1070,1,Tom II,Rozdział XI,Rzeczowniki,Sprzęt elektroniczny,Code,Kod,Enter the security code.,Wpisz kod bezpieczeństwa.
1071,1,Tom II,Rozdział XI,Rzeczowniki,Sprzęt elektroniczny,Comment,Komentarz,Leave a comment below.,Zostaw komentarz poniżej.
1072,1,Tom II,Rozdział XI,Rzeczowniki,Sprzęt elektroniczny,Microwave,Mikrofalówka,Heat in the microwave.,Podgrzej w mikrofalówce.
1073,1,Tom II,Rozdział XI,Rzeczowniki,Sprzęt elektroniczny,Phone number,Numer telefonu,Can I get your phone number?,Mogę dostać twój numer telefonu?
1074,1,Tom II,Rozdział XI,Rzeczowniki,Sprzęt elektroniczny,Headphones,Słuchawki na głowę,I forgot my headphones again.,Znowu zapomniałem słuchawek.
1075,1,Tom II,Rozdział XI,Rzeczowniki,Sprzęt elektroniczny,Status,Status,Check your order status.,Sprawdź status swojego zamówienia.
1076,1,Tom II,Rozdział XI,Rzeczowniki,Sprzęt elektroniczny,Signal,Sygnał,There's no signal here.,Nie ma tu zasięgu.
1077,1,Tom II,Rozdział XI,Rzeczowniki,Sprzęt elektroniczny,User,Użytkownik,Each user needs a password.,Każdy użytkownik potrzebuje hasła.
1078,1,Tom II,Rozdział XI,Rzeczowniki,Zawody,Actor,Aktor,He's a famous actor.,On jest znanym aktorem.
1079,1,Tom II,Rozdział XI,Rzeczowniki,Zawody,Actress,Aktorka,She's my favorite actress.,Ona jest moją ulubioną aktorką.
1080,1,Tom II,Rozdział XI,Rzeczowniki,Zawody,Firefighter,Strażak,A firefighter helps.,Strażak pomaga.
1081,1,Tom II,Rozdział XI,Rzeczowniki,Zawody,Architect,Architekt,My uncle is an architect.,Mój wujek jest architektem.
1082,1,Tom II,Rozdział XI,Rzeczowniki,Zawody,Assistant,Asystent,I hired a new assistant.,Zatrudniłem nowego asystenta.
1083,1,Tom II,Rozdział XI,Rzeczowniki,Zawody,Dentist,Dentysta,I have a dentist appointment.,Mam wizytę u dentysty.
1084,1,Tom II,Rozdział XI,Rzeczowniki,Zawody,Detective,Detektyw,The detective solved the case.,Detektyw rozwiązał sprawę.
1085,1,Tom II,Rozdział XI,Rzeczowniki,Zawody,Director,Dyrektor; reżyser,He is the director of the company.,On jest dyrektorem firmy.
1086,1,Tom II,Rozdział XI,Rzeczowniki,Zawody,Journalist,Dziennikarz,He works as a journalist.,On pracuje jako dziennikarz.
1087,1,Tom II,Rozdział XI,Rzeczowniki,Zawody,Photographer,Fotograf,We hired a wedding photographer.,Wynajęliśmy fotografa ślubnego.
1088,1,Tom II,Rozdział XI,Rzeczowniki,Rzeczowniki 6,Alcohol,Alkohol,I don't drink alcohol.,Nie piję alkoholu.
1089,1,Tom II,Rozdział XI,Rzeczowniki,Rzeczowniki 6,Jewelry,Biżuteria,She loves fine jewelry.,Ona uwielbia piękną biżuterię.
1090,1,Tom II,Rozdział XI,Rzeczowniki,Rzeczowniki 6,Diamond,Diament,The ring has a diamond.,Pierścionek ma diament.
1091,1,Tom II,Rozdział XI,Rzeczowniki,Rzeczowniki 6,Earring,Kolczyk,She lost one earring.,Zgubiła jeden kolczyk.
1092,1,Tom II,Rozdział XI,Rzeczowniki,Rzeczowniki 6,Cigarette,Papieros,He quit smoking cigarettes.,Rzucił palenie papierosów.
1093,1,Tom II,Rozdział XI,Rzeczowniki,Rzeczowniki 6,Ring,Pierścionek,He proposed with a ring.,Oświadczył się z pierścionkiem.
1094,1,Tom II,Rozdział XI,Rzeczowniki,Rzeczowniki 6,Beer,Piwo,Let's grab a cold beer.,Chodźmy na zimne piwo.
1095,1,Tom II,Rozdział XI,Rzeczowniki,Rzeczowniki 6,Whisky,Whisky,He drinks whisky on ice.,On pije whisky z lodem.
1096,1,Tom II,Rozdział XI,Rzeczowniki,Rzeczowniki 6,Vodka,Wódka,Vodka is popular in Poland.,Wódka jest popularna w Polsce.
1097,1,Tom II,Rozdział XI,Rzeczowniki,Rzeczowniki 6,Watch,Zegarek,Watch the movie.,Oglądaj film.
1098,2,Tom II,Rozdział XI,Rzeczowniki,Człowiek,Foreigner,Cudzoziemiec,,
1099,2,Tom II,Rozdział XI,Rzeczowniki,Człowiek,Humanity,Człowieczeństwo; ludzkość,,
1100,2,Tom II,Rozdział XI,Rzeczowniki,Człowiek,Others,Inni,,
1101,2,Tom II,Rozdział XI,Rzeczowniki,Człowiek,Human,Człowiek,,
1102,2,Tom II,Rozdział XI,Rzeczowniki,Człowiek,Dame,Damulka,,
1103,2,Tom II,Rozdział XI,Rzeczowniki,Człowiek,Grown-up,Dorosły (mniej oficjalnie),,
1104,2,Tom II,Rozdział XI,Rzeczowniki,Człowiek,Gay,Gej,,
1105,2,Tom II,Rozdział XI,Rzeczowniki,Człowiek,Fellow,Gość (mężczyzna),,
1106,2,Tom II,Rozdział XI,Rzeczowniki,Człowiek,Homosexual,Homoseksualista,,
1107,2,Tom II,Rozdział XI,Rzeczowniki,Człowiek,Idiot,Idiota,,
1108,2,Tom II,Rozdział XI,Rzeczowniki,Człowiek,Individual,Jednostka (osoba),,
1109,2,Tom II,Rozdział XI,Rzeczowniki,Człowiek,Liar,Kłamca,,
1110,2,Tom II,Rozdział XI,Rzeczowniki,Człowiek,Ms.,"Kobieta (każda, niezależnie od stanu cywilnego)",,
1111,2,Tom II,Rozdział XI,Rzeczowniki,Człowiek,Lover,Kochanek,,
1112,2,Tom II,Rozdział XI,Rzeczowniki,Człowiek,Nickname,Ksywa; przezwisko,,
1113,2,Tom II,Rozdział XI,Rzeczowniki,Rodzina,Twin,Bliźniak,,
1114,2,Tom II,Rozdział XI,Rzeczowniki,Rodzina,Only child,Jedynak; jedynaczka,,
1115,2,Tom II,Rozdział XI,Rzeczowniki,Rodzina,Relative,Krewny,,
1116,2,Tom II,Rozdział XI,Rzeczowniki,Rodzina,Mom,Mama,,
1117,2,Tom II,Rozdział XI,Rzeczowniki,Rodzina,Siblings,Rodzeństwo,,
1118,2,Tom II,Rozdział XI,Rzeczowniki,Rodzina,Niece,Siostrzenica; bratanica,,
1119,2,Tom II,Rozdział XI,Rzeczowniki,Rodzina,Nephew,Siostrzeniec; bratanek,,
1120,2,Tom II,Rozdział XI,Rzeczowniki,Rodzina,Dad,Tata,,
1121,2,Tom II,Rozdział XI,Rzeczowniki,Rodzina,Mother-in-law,Teściowa,,
1122,2,Tom II,Rozdział XI,Rzeczowniki,Rodzina,Father-in-law,Teść,,
1123,2,Tom II,Rozdział XI,Rzeczowniki,Rodzina,Grandchildren,Wnuki,,
1124,2,Tom II,Rozdział XI,Rzeczowniki,Rodzina,Family life,Życie rodzinne,,
1125,2,Tom II,Rozdział XI,Rzeczowniki,Rodzina,Daughter-in-law,Synowa,,
1126,2,Tom II,Rozdział XI,Rzeczowniki,Rodzina,Grandson,Wnuk,,
1127,2,Tom II,Rozdział XI,Rzeczowniki,Rodzina,Son-in-law,Zięć,,
1128,2,Tom II,Rozdział XI,Liczby,Działania,First,Pierwszy,,
1129,2,Tom II,Rozdział XI,Liczby,Działania,Second,Drugi,,
1130,2,Tom II,Rozdział XI,Liczby,Działania,Third,Trzeci,,
1131,2,Tom II,Rozdział XI,Liczby,Działania,Fourth,Czwarty,,
1132,2,Tom II,Rozdział XI,Liczby,Działania,Fifth,Piąty,,
1133,2,Tom II,Rozdział XI,Liczby,Działania,Sixth,Szósty,,
1134,2,Tom II,Rozdział XI,Liczby,Działania,Seventh,Siódmy,,
1135,2,Tom II,Rozdział XI,Liczby,Działania,Eighth,Ósmy,,
1136,2,Tom II,Rozdział XI,Liczby,Działania,Ninth,Dziewiąty,,
1137,2,Tom II,Rozdział XI,Liczby,Działania,Tenth,Dziesiąty,,
1138,2,Tom II,Rozdział XII,Zabronione,Słodziak,All mine,Moja ty,,
1139,2,Tom II,Rozdział XII,Zabronione,Słodziak,Butterfly,Motylek,,
1140,2,Tom II,Rozdział XII,Zabronione,Słodziak,Cookie,Cukiereczek,,
1141,2,Tom II,Rozdział XII,Zabronione,Słodziak,Cutie,Słodziutka,,
1142,2,Tom II,Rozdział XII,Zabronione,Słodziak,Doll,Laleczka,,
1143,2,Tom II,Rozdział XII,Zabronione,Słodziak,Honey bunch,Słodyczy moja,,
1144,2,Tom II,Rozdział XII,Zabronione,Słodziak,Kitten,Kicia,,
1145,2,Tom II,Rozdział XII,Zabronione,Słodziak,Peaches,Brzoskwinka,,
1146,2,Tom II,Rozdział XII,Zabronione,Słodziak,Sweetness,Słodziak,,
1147,2,Tom II,Rozdział XII,Zabronione,Słodziak,Teddy bear,Misiaczek,,
1148,2,Tom II,Rozdział XII,Przymiotniki,Mile widziane,Hospitable,Gościnny,,
1149,2,Tom II,Rozdział XII,Przymiotniki,Mile widziane,Imaginative,Pomysłowy; twórczy,,
1150,2,Tom II,Rozdział XII,Przymiotniki,Mile widziane,Respectable,Porządny; szanowany,,
1151,2,Tom II,Rozdział XII,Przymiotniki,Mile widziane,Merry,Radosny; wesoły,,
1152,2,Tom II,Rozdział XII,Przymiotniki,Mile widziane,Consistent,Spójny; niezmienny,,
1153,2,Tom II,Rozdział XII,Przymiotniki,Mile widziane,Frank,Szczery,,
1154,2,Tom II,Rozdział XII,Przymiotniki,Mile widziane,Engaged,Zaangażowany,,
1155,2,Tom II,Rozdział XII,Przymiotniki,Mile widziane,Skillful,Zręczny; wprawny w czymś,,
1156,2,Tom II,Rozdział XII,Przymiotniki,Mile widziane,Proficient,Biegły,,
1157,2,Tom II,Rozdział XII,Przymiotniki,Mile widziane,Credible,Wiarygodny,,
1158,2,Tom II,Rozdział XII,Przymiotniki,Mile widziane,Genial,Dobrotliwy; przyjazny,,
1159,2,Tom II,Rozdział XII,Przymiotniki,Mile widziane,Vigorous,Pełen wigoru; żywotny,,
1160,2,Tom II,Rozdział XII,Przymiotniki,Mile widziane,Fruitful,Owocny; przynoszący efekty,,
1161,2,Tom II,Rozdział XII,Przymiotniki,Mile widziane,Upbeat,Wesoły; podnoszący na duchu,,
1162,2,Tom II,Rozdział XII,Przymiotniki,Mile widziane,Open-minded,Otwarty; wolny od uprzedzeń,,
1163,2,Tom II,Rozdział XII,Czasowniki,Komunikacja,Agree,Zgadzać się,,
1164,2,Tom II,Rozdział XII,Czasowniki,Komunikacja,Argue,Spierać się; kłócić się,,
1165,2,Tom II,Rozdział XII,Czasowniki,Komunikacja,Call,"Nazywać (kogoś, coś)",,
1166,2,Tom II,Rozdział XII,Czasowniki,Komunikacja,Call,Wzywać,,
1167,2,Tom II,Rozdział XII,Czasowniki,Komunikacja,Describe,Opisywać,,
1168,2,Tom II,Rozdział XII,Czasowniki,Komunikacja,Disagree,Nie zgadzać się,,
1169,2,Tom II,Rozdział XII,Czasowniki,Komunikacja,Discuss,Omawiać,,
1170,2,Tom II,Rozdział XII,Czasowniki,Komunikacja,Invite,Zapraszać,,
1171,2,Tom II,Rozdział XII,Czasowniki,Komunikacja,Spell,Przeliterować,,
1172,2,Tom II,Rozdział XII,Czasowniki,Komunikacja,Apologize,Przepraszać,,
1173,2,Tom II,Rozdział XII,Czasowniki,Komunikacja,Promise,Obiecywać,,
1174,2,Tom II,Rozdział XII,Czasowniki,Komunikacja,Repeat,Powtarzać,,
1175,2,Tom II,Rozdział XII,Czasowniki,Komunikacja,Reply,Odpowiadać (w mowie lub piśmie),,
1176,2,Tom II,Rozdział XII,Czasowniki,Komunikacja,Respond,"Reagować, odpowiadać (bardziej formalnie, często w listach czy ankietach)",,
1177,2,Tom II,Rozdział XII,Czasowniki,Komunikacja,Specify,Uściślać; precyzować,,
1178,2,Tom II,Rozdział XII,Slang,Slang 5,Big guy,Chłopie,,
1179,2,Tom II,Rozdział XII,Slang,Slang 5,Freeze!,Stój!,,
1180,2,Tom II,Rozdział XII,Slang,Slang 5,Holy smokes,Cholera jasna; jasny gwint,,
1181,2,Tom II,Rozdział XII,Slang,Slang 5,No cap,Bez jaj,,
1182,2,Tom II,Rozdział XII,Slang,Slang 5,Not in my book,Nie według moich zasad,,
1183,2,Tom II,Rozdział XII,Slang,Slang 5,On your six,Za tobą,,
1184,2,Tom II,Rozdział XII,Slang,Slang 5,Period,I kropka – totalnie,,
1185,2,Tom II,Rozdział XII,Slang,Slang 5,Trill,Mega prawdziwy,,
1186,2,Tom II,Rozdział XII,Slang,Slang 5,What's poppin,Co jest grane?,,
1187,2,Tom II,Rozdział XII,Slang,Slang 5,Later,Pożegnanie; nara,,
1188,2,Tom II,Rozdział XII,Czasowniki,Czasowniki 8,Complement,Komplementować,,
1189,2,Tom II,Rozdział XII,Czasowniki,Czasowniki 8,Install,Instalować,,
1190,2,Tom II,Rozdział XII,Czasowniki,Czasowniki 8,Propose,Proponować,,
1191,2,Tom II,Rozdział XII,Czasowniki,Czasowniki 8,Realize,Realizować (zamierzenie),,
1192,2,Tom II,Rozdział XII,Czasowniki,Czasowniki 8,Present,Zaprezentować; prezentować,,
1193,2,Tom II,Rozdział XII,Czasowniki,Czasowniki 8,Accept,Akceptować,,
1194,2,Tom II,Rozdział XII,Czasowniki,Czasowniki 8,Analyze,Analizować,,
1195,2,Tom II,Rozdział XII,Czasowniki,Czasowniki 8,Arrange,Aranżować coś,,
1196,2,Tom II,Rozdział XII,Czasowniki,Czasowniki 8,Arrest,Aresztować,,
1197,2,Tom II,Rozdział XII,Czasowniki,Czasowniki 8,Attack,Atakować,,
1198,2,Tom II,Rozdział XII,Czasowniki,Czasowniki 8,Comment,Komentować,,
1199,2,Tom II,Rozdział XII,Czasowniki,Czasowniki 8,Communicate,Komunikować,,
1200,2,Tom II,Rozdział XII,Czasowniki,Czasowniki 8,Congratulate,Gratulować,,
1201,2,Tom II,Rozdział XII,Czasowniki,Czasowniki 8,Control,Kontrolować; nadzorować,,
1202,2,Tom II,Rozdział XII,Czasowniki,Czasowniki 8,Flirt,Flirtować,,
1203,2,Tom II,Rozdział XII,Rzeczowniki,Dom,Aquarium,Akwarium,,
1204,2,Tom II,Rozdział XII,Rzeczowniki,Dom,Balcony,Balkon,,
1205,2,Tom II,Rozdział XII,Rzeczowniki,Dom,Dining room,Jadalnia,,
1206,2,Tom II,Rozdział XII,Rzeczowniki,Dom,Mess,Bałagan,,
1207,2,Tom II,Rozdział XII,Rzeczowniki,Dom,Gate,Brama,,
1208,2,Tom II,Rozdział XII,Rzeczowniki,Dom,Roof,Dach,,
1209,2,Tom II,Rozdział XII,Rzeczowniki,Dom,Decoration,Dekoracje,,
1210,2,Tom II,Rozdział XII,Rzeczowniki,Dom,Carpet,Dywan,,
1211,2,Tom II,Rozdział XII,Rzeczowniki,Dom,Blanket,Koc,,
1212,2,Tom II,Rozdział XII,Rzeczowniki,Dom,Mattress,Materac,,
1213,2,Tom II,Rozdział XII,Rzeczowniki,Dom,Area code,Numer kierunkowy,,
1214,2,Tom II,Rozdział XII,Rzeczowniki,Dom,Security,Ochrona; środki bezpieczeństwa,,
1215,2,Tom II,Rozdział XII,Rzeczowniki,Dom,Basement,Piwnica,,
1216,2,Tom II,Rozdział XII,Rzeczowniki,Dom,Area,Powierzchnia; obszar,,
1217,2,Tom II,Rozdział XII,Rzeczowniki,Dom,Shelf,Półka,,
1218,2,Tom II,Rozdział XII,Slang,Slang 6,Ain't no thang,Nic takiego (to nie jest trudne),,
1219,2,Tom II,Rozdział XII,Slang,Slang 6,Don't sweat it,Nie przejmuj się,,
1220,2,Tom II,Rozdział XII,Slang,Slang 6,Giddy up,"Wchodzę w to (dosłownie ""Wio!"")",,
1221,2,Tom II,Rozdział XII,Slang,Slang 6,If you catch my drift,"Jeśli czaisz, o co mi chodzi",,
1222,2,Tom II,Rozdział XII,Slang,Slang 6,It hit the spot,Tego właśnie potrzebowałem,,
1223,2,Tom II,Rozdział XII,Slang,Slang 6,Keep your cool,Trzymaj luzik,,
1224,2,Tom II,Rozdział XII,Slang,Slang 6,Kudos,Czapki z głów (gdy kogoś chwalimy),,
1225,2,Tom II,Rozdział XII,Slang,Slang 6,Moar!,"Więcej, dawaj!",,
1226,2,Tom II,Rozdział XII,Slang,Slang 6,Yummy!,Pycha!; mniam mniam!; pyszny,,
1227,2,Tom II,Rozdział XII,Slang,Slang 6,True dat,Prawda to,,
1228,2,Tom II,Rozdział XII,Rzeczowniki,Dziecko,Doll,Lalka,,
1229,2,Tom II,Rozdział XII,Rzeczowniki,Dziecko,Kid,Dzieciak,,
1230,2,Tom II,Rozdział XII,Rzeczowniki,Dziecko,Toy,Zabawka,,
1231,2,Tom II,Rozdział XII,Rzeczowniki,Dziecko,Childhood,Dzieciństwo,,
1232,2,Tom II,Rozdział XII,Rzeczowniki,Dziecko,Rattle,Grzechotka,,
1233,2,Tom II,Rozdział XII,Rzeczowniki,Dziecko,Crib,Łóżeczko niemowlęce,,
1234,2,Tom II,Rozdział XII,Rzeczowniki,Dziecko,Baby girl,Mała dziewczynka,,
1235,2,Tom II,Rozdział XII,Rzeczowniki,Dziecko,Baby boy,Mały chłopczyk,,
1236,2,Tom II,Rozdział XII,Rzeczowniki,Dziecko,Mommy,Mamusia,,
1237,2,Tom II,Rozdział XII,Rzeczowniki,Dziecko,Birth,Narodziny,,
1238,2,Tom II,Rozdział XII,Rzeczowniki,Dziecko,Nanny,Niania,,
1239,2,Tom II,Rozdział XII,Rzeczowniki,Dziecko,Newborn,Noworodek,,
1240,2,Tom II,Rozdział XII,Rzeczowniki,Dziecko,Daddy,Tatuś,,
1241,2,Tom II,Rozdział XII,Rzeczowniki,Dziecko,Chewing gum,Guma do żucia,,
1242,2,Tom II,Rozdział XII,Rzeczowniki,Dziecko,Stuffed toy,Pluszowa zabawka,,
1243,2,Tom II,Rozdział XII,Przymiotniki,Unikać,Aggressive,Agresywny,,
1244,2,Tom II,Rozdział XII,Przymiotniki,Unikać,Arrogant,Arogancki,,
1245,2,Tom II,Rozdział XII,Przymiotniki,Unikać,Greedy,Chciwy; łakomy,,
1246,2,Tom II,Rozdział XII,Przymiotniki,Unikać,Childish,Dziecinny,,
1247,2,Tom II,Rozdział XII,Przymiotniki,Unikać,Worse,Gorszy,,
1248,2,Tom II,Rozdział XII,Przymiotniki,Unikać,Moody,Kapryśny; humorzasty,,
1249,2,Tom II,Rozdział XII,Przymiotniki,Unikać,Lazy,Leniwy,,
1250,2,Tom II,Rozdział XII,Przymiotniki,Unikać,Naive,Naiwny,,
1251,2,Tom II,Rozdział XII,Przymiotniki,Unikać,Worst,Najgorszy,,
1252,2,Tom II,Rozdział XII,Przymiotniki,Unikać,Guilty,Winny,,
1253,2,Tom II,Rozdział XII,Przymiotniki,Unikać,Nervous,Nerwowy; zdenerwowany,,
1254,2,Tom II,Rozdział XII,Przymiotniki,Unikać,Ignorant,Niedouczony,,
1255,2,Tom II,Rozdział XII,Przymiotniki,Unikać,Rude,Niegrzeczny (chamski); nieuprzejmy,,
1256,2,Tom II,Rozdział XII,Przymiotniki,Unikać,Naughty,Niesforny; niegrzeczny,,
1257,2,Tom II,Rozdział XII,Przymiotniki,Unikać,Foolish,Niemądry; głupi,,
1258,2,Tom II,Rozdział XII,Skróty,Czasu mamy mało,Atm,W tej chwili (skrót),,
1259,2,Tom II,Rozdział XII,Skróty,Czasu mamy mało,B4,Wcześniej (skrót),,
1260,2,Tom II,Rozdział XII,Skróty,Czasu mamy mało,B4n,Narka,,
1261,2,Tom II,Rozdział XII,Skróty,Czasu mamy mało,Bbs,Niedługo wracam (skrót),,
1262,2,Tom II,Rozdział XII,Skróty,Czasu mamy mało,Cwot,Kompletna strata czasu (skrót),,
1263,2,Tom II,Rozdział XII,Skróty,Czasu mamy mało,G2g,Muszę Iść (skrót),,
1264,2,Tom II,Rozdział XII,Skróty,Czasu mamy mało,L8r,Później; do późniejszego (skrót),,
1265,2,Tom II,Rozdział XII,Skróty,Czasu mamy mało,Omw,W drodze (skrót),,
1266,2,Tom II,Rozdział XII,Skróty,Czasu mamy mało,Ttyl,Pogadamy później (skrót),,
1267,2,Tom II,Rozdział XII,Skróty,Czasu mamy mało,W8,Czekaj (skrót),,
1268,2,Tom II,Rozdział XIII,Slang,Slang 7,Bruh,Brachu; oj ziomuś,,
1269,2,Tom II,Rozdział XIII,Slang,Slang 7,Buddy,Koleżka,,
1270,2,Tom II,Rozdział XIII,Slang,Slang 7,Lad,Ziomek; chłopak; młodzieniec,,
1271,2,Tom II,Rozdział XIII,Slang,Slang 7,Roomie,Współlokator (slang),,
1272,2,Tom II,Rozdział XIII,Slang,Slang 7,Amigo,Hiszpański ziomuś,,
1273,2,Tom II,Rozdział XIII,Slang,Slang 7,Bloke,Facet; gość; koleś (uk),,
1274,2,Tom II,Rozdział XIII,Slang,Slang 7,Dawg,Ziomal,,
1275,2,Tom II,Rozdział XIII,Slang,Slang 7,Fellow,Kolega,,
1276,2,Tom II,Rozdział XIII,Slang,Slang 7,Newbie,Nowy (nowicjusz),,
1277,2,Tom II,Rozdział XIII,Slang,Slang 7,Homie,Ziomuś,,
1278,2,Tom II,Rozdział XIII,Czasowniki,Czasowniki 9,Create,Tworzyć,,
1279,2,Tom II,Rozdział XIII,Czasowniki,Czasowniki 9,Keep,Trzymać (niefizycznie); zachowywać coś,,
1280,2,Tom II,Rozdział XIII,Czasowniki,Czasowniki 9,Order,Układać w kolejności,,
1281,2,Tom II,Rozdział XIII,Czasowniki,Czasowniki 9,Set,Ustawiać; nastawiać,,
1282,2,Tom II,Rozdział XIII,Czasowniki,Czasowniki 9,Will,(służy do wyrażania przyszłości),,
1283,2,Tom II,Rozdział XIII,Czasowniki,Czasowniki 9,Act,Działać; zachowywać się,,
1284,2,Tom II,Rozdział XIII,Czasowniki,Czasowniki 9,Become,Stawać się; zostać (kimś),,
1285,2,Tom II,Rozdział XIII,Czasowniki,Czasowniki 9,Collect,Odbierać (coś skądś); kolekcjonować,,
1286,2,Tom II,Rozdział XIII,Czasowniki,Czasowniki 9,Could,Mogłem; mogłam,,
1287,2,Tom II,Rozdział XIII,Czasowniki,Czasowniki 9,May,Móc; wolno; może coś się stać,,
1288,2,Tom II,Rozdział XIII,Czasowniki,Czasowniki 9,Might,Może coś się stać (hipotetycznie),,
1289,2,Tom II,Rozdział XIII,Czasowniki,Czasowniki 9,Perform,Wykonywać; przeprowadzać (operację),,
1290,2,Tom II,Rozdział XIII,Czasowniki,Czasowniki 9,Seem,Wydawać się; wyglądać na,,
1291,2,Tom II,Rozdział XIII,Czasowniki,Czasowniki 9,Belong,Należeć,,
1292,2,Tom II,Rozdział XIII,Czasowniki,Czasowniki 9,Discover,Odkrywać (np. Nowy ląd),,
1293,2,Tom II,Rozdział XIII,Rzeczowniki,Jedzenie,Bacon,Boczek,,
1294,2,Tom II,Rozdział XIII,Rzeczowniki,Jedzenie,Roll,Bułka,,
1295,2,Tom II,Rozdział XIII,Rzeczowniki,Jedzenie,Cake,Ciasto; tort,,
1296,2,Tom II,Rozdział XIII,Rzeczowniki,Jedzenie,Jam,Dżem,,
1297,2,Tom II,Rozdział XIII,Rzeczowniki,Jedzenie,Jelly,Galaretka,,
1298,2,Tom II,Rozdział XIII,Rzeczowniki,Jedzenie,Scrambled eggs,Jajecznica,,
1299,2,Tom II,Rozdział XIII,Rzeczowniki,Jedzenie,Take out,Jedzenie na wynos,,
1300,2,Tom II,Rozdział XIII,Rzeczowniki,Jedzenie,Ketchup,Keczup,,
1301,2,Tom II,Rozdział XIII,Rzeczowniki,Jedzenie,Sausage,Kiełbasa,,
1302,2,Tom II,Rozdział XIII,Rzeczowniki,Jedzenie,Chop,Kotlet,,
1303,2,Tom II,Rozdział XIII,Rzeczowniki,Jedzenie,Slice,Kromka; plaster,,
1304,2,Tom II,Rozdział XIII,Rzeczowniki,Jedzenie,Mayonnaise,Majonez,,
1305,2,Tom II,Rozdział XIII,Rzeczowniki,Jedzenie,Mustard,Musztarda,,
1306,2,Tom II,Rozdział XIII,Rzeczowniki,Jedzenie,Pancake,Naleśnik,,
1307,2,Tom II,Rozdział XIII,Rzeczowniki,Jedzenie,Oil,Olej,,
1308,2,Tom II,Rozdział XIII,Czasowniki,Niefajne,Annoy,Wkurzać; denerwować; drażnić,,
1309,2,Tom II,Rozdział XIII,Czasowniki,Niefajne,Cheat,Oszukiwać (np. W grze); ściągać (np. Na teście),,
1310,2,Tom II,Rozdział XIII,Czasowniki,Niefajne,Hit,Uderzyć,,
1311,2,Tom II,Rozdział XIII,Czasowniki,Niefajne,Hurt,Ranić,,
1312,2,Tom II,Rozdział XIII,Czasowniki,Niefajne,Lie,Kłamać,,
1313,2,Tom II,Rozdział XIII,Czasowniki,Niefajne,Lose,Przegrywać,,
1314,2,Tom II,Rozdział XIII,Czasowniki,Niefajne,Miss,Nie zdążyć; przegapić (np. Pociąg),,
1315,2,Tom II,Rozdział XIII,Czasowniki,Niefajne,Regret,Żałować,,
1316,2,Tom II,Rozdział XIII,Czasowniki,Niefajne,Scream,"Krzyczeć (przeraźliwie, z bólu, ze strachu)",,
1317,2,Tom II,Rozdział XIII,Czasowniki,Niefajne,Shout,Krzyczeć (mówić coś głośno),,
1318,2,Tom II,Rozdział XIII,Czasowniki,Niefajne,Smell,Śmierdzieć; pachnieć,,
1319,2,Tom II,Rozdział XIII,Czasowniki,Niefajne,Worry,Martwić (się lub kogoś),,
1320,2,Tom II,Rozdział XIII,Czasowniki,Niefajne,Commit,Popełniać (przestępstwo),,
1321,2,Tom II,Rozdział XIII,Czasowniki,Niefajne,Fail,Zawodzić; ponosić porażkę; oblać (nie zdać),,
1322,2,Tom II,Rozdział XIII,Czasowniki,Niefajne,Suffer,Cierpieć,,
1323,2,Tom II,Rozdział XIII,Rzeczowniki,Miasto,Shopping center,Centrum handlowe,,
1324,2,Tom II,Rozdział XIII,Rzeczowniki,Miasto,Sidewalk,Chodnik,,
1325,2,Tom II,Rozdział XIII,Rzeczowniki,Miasto,District,Dzielnica,,
1326,2,Tom II,Rozdział XIII,Rzeczowniki,Miasto,Bridge,Most,,
1327,2,Tom II,Rozdział XIII,Rzeczowniki,Miasto,Factory,Fabryka; wytwórnia,,
1328,2,Tom II,Rozdział XIII,Rzeczowniki,Miasto,Zip code,Kod pocztowy,,
1329,2,Tom II,Rozdział XIII,Rzeczowniki,Miasto,Bench,Ławka,,
1330,2,Tom II,Rozdział XIII,Rzeczowniki,Miasto,Hometown,Miasto rodzinne,,
1331,2,Tom II,Rozdział XIII,Rzeczowniki,Miasto,Court,Sąd,,
1332,2,Tom II,Rozdział XIII,Rzeczowniki,Miasto,Capital,Stolica,,
1333,2,Tom II,Rozdział XIII,Rzeczowniki,Miasto,Jail,Więzienie (przed procesem sądowym),,
1334,2,Tom II,Rozdział XIII,Rzeczowniki,Miasto,Secondary school,Gimnazjum,,
1335,2,Tom II,Rozdział XIII,Rzeczowniki,Miasto,Prison,Więzienie (po otrzymaniu wyroku karnego),,
1336,2,Tom II,Rozdział XIII,Rzeczowniki,Miasto,Old town,Stare miasto,,
1337,2,Tom II,Rozdział XIII,Rzeczowniki,Miasto,Gift shop,Sklep z pamiątkami,,
1338,2,Tom II,Rozdział XIII,Przymiotniki,Przymiotniki 7,Attractive,Atrakcyjny,,
1339,2,Tom II,Rozdział XIII,Przymiotniki,Przymiotniki 7,Messy,Bałaganiarski; niechlujny,,
1340,2,Tom II,Rozdział XIII,Przymiotniki,Przymiotniki 7,Skinny,Bardzo szczupły; chudy,,
1341,2,Tom II,Rozdział XIII,Przymiotniki,Przymiotniki 7,Blond,Blond,,
1342,2,Tom II,Rozdział XIII,Przymiotniki,Przymiotniki 7,Ugly,Brzydki,,
1343,2,Tom II,Rozdział XIII,Przymiotniki,Przymiotniki 7,Good-looking,Dobrze wyglądający,,
1344,2,Tom II,Rozdział XIII,Przymiotniki,Przymiotniki 7,Well-built,Dobrze zbudowany,,
1345,2,Tom II,Rozdział XIII,Przymiotniki,Przymiotniki 7,Curly,Kręcone (włosy),,
1346,2,Tom II,Rozdział XIII,Przymiotniki,Przymiotniki 7,Bald,Łysy,,
1347,2,Tom II,Rozdział XIII,Przymiotniki,Przymiotniki 7,Overweight,Mający nadwagę,,
1348,2,Tom II,Rozdział XIII,Przymiotniki,Przymiotniki 7,Nude,Nagi,,
1349,2,Tom II,Rozdział XIII,Przymiotniki,Przymiotniki 7,Out of shape,Nie w formie; bez formy,,
1350,2,Tom II,Rozdział XIII,Przymiotniki,Przymiotniki 7,Obese,Otyły,,
1351,2,Tom II,Rozdział XIII,Przymiotniki,Przymiotniki 7,Hairy,Owłosiony,,
1352,2,Tom II,Rozdział XIII,Przymiotniki,Przymiotniki 7,Neat,Schludny,,
1353,2,Tom II,Rozdział XIII,Skróty,Popularne,Mms,Wiadomość multimedialna (skrót),,
1354,2,Tom II,Rozdział XIII,Skróty,Popularne,Www,Sieć ogólnoświatowa; internet  (skrót),,
1355,2,Tom II,Rozdział XIII,Skróty,Popularne,Msg,Wiad.,,
1356,2,Tom II,Rozdział XIII,Skróty,Popularne,No.,Nr.,,
1357,2,Tom II,Rozdział XIII,Skróty,Popularne,Ppl,Ludzie (skrót),,
1358,2,Tom II,Rozdział XIII,Skróty,Popularne,Sb,Jakaś osoba (skrót),,
1359,2,Tom II,Rozdział XIII,Skróty,Popularne,Smn,Ktoś (skrót),,
1360,2,Tom II,Rozdział XIII,Skróty,Popularne,Sms,Wiadomość tekstowa (skrót),,
1361,2,Tom II,Rozdział XIII,Skróty,Popularne,Sth,Coś (skrót),,
1362,2,Tom II,Rozdział XIII,Skróty,Popularne,Tbc,Cdn.,,
1363,2,Tom II,Rozdział XIII,Rzeczowniki,Kraje,Italy,Włochy,,
1364,2,Tom II,Rozdział XIII,Rzeczowniki,Kraje,Italian,Włoszka; włoch,,
1365,2,Tom II,Rozdział XIII,Rzeczowniki,Kraje,Czech republic,Czechy,,
1366,2,Tom II,Rozdział XIII,Rzeczowniki,Kraje,Czech,Czeszka; czech,,
1367,2,Tom II,Rozdział XIII,Rzeczowniki,Kraje,Greece,Grecja,,
1368,2,Tom II,Rozdział XIII,Rzeczowniki,Kraje,Greek,Greczynka; grek,,
1369,2,Tom II,Rozdział XIII,Rzeczowniki,Kraje,Spain,Hiszpania,,
1370,2,Tom II,Rozdział XIII,Rzeczowniki,Kraje,Spanish,Hiszpanka; hiszpan,,
1371,2,Tom II,Rozdział XIII,Rzeczowniki,Kraje,The netherlands,Holandia,,
1372,2,Tom II,Rozdział XIII,Rzeczowniki,Kraje,Dutch,Holenderka; holender,,
1373,2,Tom II,Rozdział XIII,Rzeczowniki,Kraje,Ireland,Irlandia,,
1374,2,Tom II,Rozdział XIII,Rzeczowniki,Kraje,Irish,Irlandka; irlandczyk,,
1375,2,Tom II,Rozdział XIII,Rzeczowniki,Kraje,Japan,Japonia,,
1376,2,Tom II,Rozdział XIII,Rzeczowniki,Kraje,Japanese,Japonka; japończyk,,
1377,2,Tom II,Rozdział XIII,Rzeczowniki,Kraje,Norway,Norwegia,,
1378,2,Tom II,Rozdział XIII,Czasowniki,Biznes,Book,Bukować (rezerwować),,
1379,2,Tom II,Rozdział XIII,Czasowniki,Biznes,Save,Zaoszczędzić; oszczędzać,,
1380,2,Tom II,Rozdział XIII,Czasowniki,Biznes,Deal,Handlować,,
1381,2,Tom II,Rozdział XIII,Czasowniki,Biznes,Hire,Zatrudnić; wynajmować (kogoś),,
1382,2,Tom II,Rozdział XIII,Czasowniki,Biznes,Order,Zamawiać,,
1383,2,Tom II,Rozdział XIII,Czasowniki,Biznes,Rent,Wypożyczać; wynajmować (coś),,
1384,2,Tom II,Rozdział XIII,Czasowniki,Biznes,Own,Być właścicielem czegoś,,
1385,2,Tom II,Rozdział XIII,Czasowniki,Biznes,Develop,Rozwijać (się),,
1386,2,Tom II,Rozdział XIII,Czasowniki,Biznes,Employ,Zatrudniać (kogoś),,
1387,2,Tom II,Rozdział XIII,Czasowniki,Biznes,Introduce,Wprowadzać (nowy produkt),,
1388,2,Tom II,Rozdział XIII,Czasowniki,Biznes,Manage,Zarządzać,,
1389,2,Tom II,Rozdział XIII,Czasowniki,Biznes,Promote,Awansować (kogoś); promować,,
1390,2,Tom II,Rozdział XIII,Czasowniki,Biznes,Report,Zgłaszać; raportować,,
1391,2,Tom II,Rozdział XIII,Czasowniki,Biznes,Return,Zwracać; wracać,,
1392,2,Tom II,Rozdział XIII,Czasowniki,Biznes,Supply,Zaopatrywać; dostarczać,,
1393,2,Tom II,Rozdział XIII,Rzeczowniki,Transport,Truck,Ciężarówka,,
1394,2,Tom II,Rozdział XIII,Rzeczowniki,Transport,Helicopter,Helikopter,,
1395,2,Tom II,Rozdział XIII,Rzeczowniki,Transport,Ambulance,Karetka,,
1396,2,Tom II,Rozdział XIII,Rzeczowniki,Transport,Helmet,Kask,,
1397,2,Tom II,Rozdział XIII,Rzeczowniki,Transport,Ticket,Mandat,,
1398,2,Tom II,Rozdział XIII,Rzeczowniki,Transport,Railway,Kolej,,
1399,2,Tom II,Rozdział XIII,Rzeczowniki,Transport,Airline,Linia lotnicza,,
1400,2,Tom II,Rozdział XIII,Rzeczowniki,Transport,Boat,Łódź,,
1401,2,Tom II,Rozdział XIII,Rzeczowniki,Transport,Platform,Peron,,
1402,2,Tom II,Rozdział XIII,Rzeczowniki,Transport,Harbor,Port (nadbrzeże),,
1403,2,Tom II,Rozdział XIII,Rzeczowniki,Transport,Timetable,Rozkład jazdy,,
1404,2,Tom II,Rozdział XIII,Rzeczowniki,Transport,Gas station,Stacja benzynowa,,
1405,2,Tom II,Rozdział XIII,Rzeczowniki,Transport,Tram,Tramwaj,,
1406,2,Tom II,Rozdział XIII,Rzeczowniki,Transport,Transport,Transport; środek transportu,,
1407,2,Tom II,Rozdział XIII,Rzeczowniki,Transport,Transportation,Transport; przewóz,,
1408,2,Tom II,Rodział XIV,Liczby,Który na mecie,Number,Liczba; numer,,
1409,2,Tom II,Rodział XIV,Liczby,Który na mecie,Single,Pojedynczy; jeden,,
1410,2,Tom II,Rodział XIV,Liczby,Który na mecie,Double,Podwójny,,
1411,2,Tom II,Rodział XIV,Liczby,Który na mecie,Triple,Potrójny,,
1412,2,Tom II,Rodział XIV,Liczby,Który na mecie,Quadruple,Poczwórny,,
1413,2,Tom II,Rodział XIV,Liczby,Który na mecie,Times,Razy (np. Dwa razy dwa),,
1414,2,Tom II,Rodział XIV,Liczby,Który na mecie,Circa,Około (jakiejś liczby),,
1415,2,Tom II,Rodział XIV,Liczby,Który na mecie,Per,Na (jednostkę),,
1416,2,Tom II,Rodział XIV,Liczby,Który na mecie,Plus,Plus,,
1417,2,Tom II,Rodział XIV,Liczby,Który na mecie,Minus,Minus,,
1418,2,Tom II,Rodział XIV,Rzeczowniki,Ubrania,Bikini,Bikini,,
1419,2,Tom II,Rodział XIV,Rzeczowniki,Ubrania,Button,Guzik,,
1420,2,Tom II,Rodział XIV,Rzeczowniki,Ubrania,Hat,Kapelusz,,
1421,2,Tom II,Rodział XIV,Rzeczowniki,Ubrania,Pocket,Kieszeń,,
1422,2,Tom II,Rodział XIV,Rzeczowniki,Ubrania,Jacket,Kurtka; marynarka,,
1423,2,Tom II,Rodział XIV,Rzeczowniki,Ubrania,Belt,Pasek (do spodni),,
1424,2,Tom II,Rodział XIV,Rzeczowniki,Ubrania,Pajamas,Piżama,,
1425,2,Tom II,Rodział XIV,Rzeczowniki,Ubrania,Coat,Płaszcz,,
1426,2,Tom II,Rodział XIV,Rzeczowniki,Ubrania,Sandals,Sandały,,
1427,2,Tom II,Rodział XIV,Rzeczowniki,Ubrania,Bra,Stanik,,
1428,2,Tom II,Rodział XIV,Rzeczowniki,Ubrania,Sweater,Sweter,,
1429,2,Tom II,Rodział XIV,Rzeczowniki,Ubrania,Scarf,Szalik,,
1430,2,Tom II,Rodział XIV,Rzeczowniki,Ubrania,Purse,Torebka,,
1431,2,Tom II,Rodział XIV,Rzeczowniki,Ubrania,Trend,Trend,,
1432,2,Tom II,Rodział XIV,Rzeczowniki,Ubrania,Miniskirt,Minispódniczka,,
1433,2,Tom II,Rodział XIV,Slang,Slang 8,Girl code,Babski kodeks,,
1434,2,Tom II,Rodział XIV,Slang,Slang 8,Squad,Ekipa,,
1435,2,Tom II,Rodział XIV,Slang,Slang 8,Dead,Skisnąć,,
1436,2,Tom II,Rodział XIV,Slang,Slang 8,Brocode,Kodeks ziomali,,
1437,2,Tom II,Rodział XIV,Slang,Slang 8,Low-key,Po cichu; w tajemnicy; w przyczajce,,
1438,2,Tom II,Rodział XIV,Slang,Slang 8,Bromance,Zażyła męska przyjaźń,,
1439,2,Tom II,Rodział XIV,Slang,Slang 8,Fam,Grupa najbliższych przyjaciół; paczka,,
1440,2,Tom II,Rodział XIV,Slang,Slang 8,Beef,Kosa; konflikt,,
1441,2,Tom II,Rodział XIV,Slang,Slang 8,Cold shoulder,Ignorować kogoś,,
1442,2,Tom II,Rodział XIV,Slang,Slang 8,Ghost sb,Urwać z kimś kontakt,,
1443,2,Tom II,Rodział XIV,Slang,Slang 9,Gucci,Luksusowo,,
1444,2,Tom II,Rodział XIV,Slang,Slang 9,Kicks,Kiksy; bucisze,,
1445,2,Tom II,Rodział XIV,Slang,Slang 9,On fleek,Wyglądać perfekcyjnie,,
1446,2,Tom II,Rodział XIV,Slang,Slang 9,Pimp something out,Odpicować,,
1447,2,Tom II,Rodział XIV,Slang,Slang 9,Ripped,Nabity (po siłce),,
1448,2,Tom II,Rodział XIV,Slang,Slang 9,Selfie,Fotka samego siebie; selfiak,,
1449,2,Tom II,Rodział XIV,Slang,Slang 9,Shades,Oksy,,
1450,2,Tom II,Rodział XIV,Slang,Slang 9,Skin and bone,Skóra I kości; bardzo chudy,,
1451,2,Tom II,Rodział XIV,Slang,Slang 9,Swag,Lanser; pokazówka; niezła stylówa,,
1452,2,Tom II,Rodział XIV,Slang,Slang 9,Threads,Ciuchy; szmaty,,
1453,2,Tom II,Rodział XIV,Czasowniki,Umysłowe,Compare,Porównywać,,
1454,2,Tom II,Rodział XIV,Czasowniki,Umysłowe,Count,Liczyć,,
1455,2,Tom II,Rodział XIV,Czasowniki,Umysłowe,Guess,Zgadywać; sądzić że,,
1456,2,Tom II,Rodział XIV,Czasowniki,Umysłowe,Imagine,Wyobrażać sobie,,
1457,2,Tom II,Rodział XIV,Czasowniki,Umysłowe,Pick,Wybrać,,
1458,2,Tom II,Rodział XIV,Czasowniki,Umysłowe,React,Zareagować,,
1459,2,Tom II,Rodział XIV,Czasowniki,Umysłowe,Realize,Zdawać sobie sprawę,,
1460,2,Tom II,Rodział XIV,Czasowniki,Umysłowe,Suppose,Przypuszczać; zakładać,,
1461,2,Tom II,Rodział XIV,Czasowniki,Umysłowe,Teach,Uczyć (kogoś),,
1462,2,Tom II,Rodział XIV,Czasowniki,Umysłowe,Wonder,Zastanawiać się,,
1463,2,Tom II,Rodział XIV,Czasowniki,Umysłowe,Consider,Rozważać; brać pod uwagę,,
1464,2,Tom II,Rodział XIV,Czasowniki,Umysłowe,Doubt,Wątpić,,
1465,2,Tom II,Rodział XIV,Czasowniki,Umysłowe,Expect,Spodziewać się,,
1466,2,Tom II,Rodział XIV,Czasowniki,Umysłowe,Manage,Dawać sobie radę,,
1467,2,Tom II,Rodział XIV,Czasowniki,Umysłowe,Focus,Skupiać,,
1468,2,Tom II,Rodział XIV,Rzeczowniki,Części ciała,Shoulder,Bark,,
1469,2,Tom II,Rodział XIV,Rzeczowniki,Części ciała,Eyebrow,Brew,,
1470,2,Tom II,Rodział XIV,Rzeczowniki,Części ciała,Beard,Broda,,
1471,2,Tom II,Rodział XIV,Rzeczowniki,Części ciała,Stomach,Brzuch; żołądek,,
1472,2,Tom II,Rodział XIV,Rzeczowniki,Części ciała,Part of the body,Część ciała,,
1473,2,Tom II,Rodział XIV,Rzeczowniki,Części ciała,Palm,Dłoń,,
1474,2,Tom II,Rodział XIV,Rzeczowniki,Części ciała,Throat,Gardło,,
1475,2,Tom II,Rodział XIV,Rzeczowniki,Części ciała,Thumb,Kciuk,,
1476,2,Tom II,Rodział XIV,Rzeczowniki,Części ciała,Chest,Klatka piersiowa,,
1477,2,Tom II,Rodział XIV,Rzeczowniki,Części ciała,Knee,Kolano,,
1478,2,Tom II,Rodział XIV,Rzeczowniki,Części ciała,Bone,Kość,,
1479,2,Tom II,Rodział XIV,Rzeczowniki,Części ciała,Spine,Kręgosłup,,
1480,2,Tom II,Rodział XIV,Rzeczowniki,Części ciała,Elbow,Łokieć,,
1481,2,Tom II,Rodział XIV,Rzeczowniki,Części ciała,Muscle,Mięsień,,
1482,2,Tom II,Rodział XIV,Rzeczowniki,Części ciała,Brain,Mózg,,
1483,2,Tom II,Rodział XIV,Slang,Slang 10,Bankroll,Pliki pliki (dużo pieniędzy),,
1484,2,Tom II,Rodział XIV,Slang,Slang 10,Break money,Rozmienić pieniądze,,
1485,2,Tom II,Rodział XIV,Slang,Slang 10,Freebie,Coś za darmo,,
1486,2,Tom II,Rodział XIV,Slang,Slang 10,Front money,Zaliczka,,
1487,2,Tom II,Rodział XIV,Slang,Slang 10,Robbery,Drożyzna; rozbój w biały dzień,,
1488,2,Tom II,Rodział XIV,Slang,Slang 10,Change,Drobne (drobniaki),,
1489,2,Tom II,Rodział XIV,Slang,Slang 10,Chip in,Zrzucić się na coś,,
1490,2,Tom II,Rodział XIV,Slang,Slang 10,Grand,Tysiak,,
1491,2,Tom II,Rodział XIV,Slang,Slang 10,Pennies,Niewielkie pieniądze (marne grosze); drobniaki,,
1492,2,Tom II,Rodział XIV,Slang,Slang 10,Cut,Część zysku (działka),,
1493,2,Tom II,Rodział XIV,Czasowniki,Ruch I bezczynność,Cross,Przechodzić (ulicę); krzyżować się,,
1494,2,Tom II,Rodział XIV,Czasowniki,Ruch I bezczynność,Depart,Odjeżdżać (odlatywać); wyjeżdżać,,
1495,2,Tom II,Rodział XIV,Czasowniki,Ruch I bezczynność,Enter,Wejść,,
1496,2,Tom II,Rodział XIV,Czasowniki,Ruch I bezczynność,Fall,Spadać; upadać,,
1497,2,Tom II,Rodział XIV,Czasowniki,Ruch I bezczynność,Hurry,Spieszyć się; gnać,,
1498,2,Tom II,Rodział XIV,Czasowniki,Ruch I bezczynność,Land,Lądować,,
1499,2,Tom II,Rodział XIV,Czasowniki,Ruch I bezczynność,Leave,Wychodzić; wyjeżdżać,,
1500,2,Tom II,Rodział XIV,Czasowniki,Ruch I bezczynność,Lie,Leżeć,,
1501,2,Tom II,Rodział XIV,Czasowniki,Ruch I bezczynność,Stay,Zostać; zatrzymać się (np. Na noc); przebywać,,
1502,2,Tom II,Rodział XIV,Czasowniki,Ruch I bezczynność,Turn,Obracać się,,
1503,2,Tom II,Rodział XIV,Czasowniki,Ruch I bezczynność,Turn,Skręcać,,
1504,2,Tom II,Rodział XIV,Czasowniki,Ruch I bezczynność,Appear,Pojawiać się,,
1505,2,Tom II,Rodział XIV,Czasowniki,Ruch I bezczynność,Disappear,Znikać,,
1506,2,Tom II,Rodział XIV,Czasowniki,Ruch I bezczynność,Follow,Śledzić; Iść za kimś,,
1507,2,Tom II,Rodział XIV,Czasowniki,Ruch I bezczynność,Return,Powracać,,
1508,2,Tom II,Rodział XIV,Przymiotniki,Czas I kolejność,Quick,Szybki (trwający krótko),,
1509,2,Tom II,Rodział XIV,Przymiotniki,Czas I kolejność,Current,Bieżący,,
1510,2,Tom II,Rodział XIV,Przymiotniki,Czas I kolejność,Former,Były; poprzedni,,
1511,2,Tom II,Rodział XIV,Przymiotniki,Czas I kolejność,All-day,Całodniowy,,
1512,2,Tom II,Rodział XIV,Przymiotniki,Czas I kolejność,Temporal,Doczesny; czasowy,,
1513,2,Tom II,Rodział XIV,Przymiotniki,Czas I kolejność,Today's,Dzisiejszy,,
1514,2,Tom II,Rodział XIV,Przymiotniki,Czas I kolejność,Tomorrow's,Jutrzejszy,,
1515,2,Tom II,Rodział XIV,Przymiotniki,Czas I kolejność,Recent,Niedawny; ostatni,,
1516,2,Tom II,Rodział XIV,Przymiotniki,Czas I kolejność,Nonstop,Nieprzerwany; non stop,,
1517,2,Tom II,Rodział XIV,Przymiotniki,Czas I kolejność,Past,Przeszły; z przeszłości,,
1518,2,Tom II,Rodział XIV,Przymiotniki,Czas I kolejność,Future,Przyszły,,
1519,2,Tom II,Rodział XIV,Przymiotniki,Czas I kolejność,Present,Teraźniejszy; obecny,,
1520,2,Tom II,Rodział XIV,Przymiotniki,Czas I kolejność,Earlier,Wcześniejszy,,
1521,2,Tom II,Rodział XIV,Przymiotniki,Czas I kolejność,Yesterday's,Wczorajszy,,
1522,2,Tom II,Rodział XIV,Przymiotniki,Czas I kolejność,Time-consuming,Czasochłonny,,
1523,2,Tom II,Rodział XIV,Skróty,Komunikacja,M8,Kumpel; kolega (skrót),,
1524,2,Tom II,Rodział XIV,Skróty,Komunikacja,B@u,Nawzajem (skrót),,
1525,2,Tom II,Rodział XIV,Skróty,Komunikacja,Jsyk,Tak żebyś wiedział (skrót),,
1526,2,Tom II,Rodział XIV,Skróty,Komunikacja,Afaik,"Z tego, co mi wiadomo (skrót)",,
1527,2,Tom II,Rodział XIV,Skróty,Komunikacja,Tbh,Szczerze mówiąc (skrót),,
1528,2,Tom II,Rodział XIV,Skróty,Komunikacja,U2,Ty też; cb też (skrót),,
1529,2,Tom II,Rodział XIV,Skróty,Komunikacja,Idc,Nie dbam o to (skrót),,
1530,2,Tom II,Rodział XIV,Skróty,Komunikacja,Nvm,Nieważne; mniejsza z tym (skrót),,
1531,2,Tom II,Rodział XIV,Skróty,Komunikacja,Obv,No a jak (skrót),,
1532,2,Tom II,Rodział XIV,Skróty,Komunikacja,Ofc,Peffka,,
1533,2,Tom II,Rozdział XV,Czasowniki,Świat cyfrowy,Charge,Ładować (np. Baterie),,
1534,2,Tom II,Rozdział XV,Czasowniki,Świat cyfrowy,Click,Klikać,,
1535,2,Tom II,Rozdział XV,Czasowniki,Świat cyfrowy,Copy,Kopiować,,
1536,2,Tom II,Rozdział XV,Czasowniki,Świat cyfrowy,Lock,Zablokować (system),,
1537,2,Tom II,Rozdział XV,Czasowniki,Świat cyfrowy,E-mail,Napisać e-mail,,
1538,2,Tom II,Rozdział XV,Czasowniki,Świat cyfrowy,Paste,Wklejać (dane),,
1539,2,Tom II,Rozdział XV,Czasowniki,Świat cyfrowy,Print,Drukować,,
1540,2,Tom II,Rozdział XV,Czasowniki,Świat cyfrowy,Sound,Brzmieć,,
1541,2,Tom II,Rozdział XV,Czasowniki,Świat cyfrowy,Attach,Załączać; dołączać,,
1542,2,Tom II,Rozdział XV,Czasowniki,Świat cyfrowy,Cancel,Anulować,,
1543,2,Tom II,Rozdział XV,Czasowniki,Świat cyfrowy,Mark,Zaznaczać; wyznaczać,,
1544,2,Tom II,Rozdział XV,Czasowniki,Świat cyfrowy,Save,Zapisywać (dane),,
1545,2,Tom II,Rozdział XV,Czasowniki,Świat cyfrowy,Search,Szukać; przeszukiwać,,
1546,2,Tom II,Rozdział XV,Czasowniki,Świat cyfrowy,Press,Naciskać (np. Klawisz),,
1547,2,Tom II,Rozdział XV,Czasowniki,Świat cyfrowy,Disconnect,Rozłączyć,,
1548,2,Tom II,Rozdział XV,Rzeczowniki,Kalendarz I czas,Free time,Czas wolny,,
1549,2,Tom II,Rozdział XV,Rzeczowniki,Kalendarz I czas,Weekday,Dzień roboczy; powszedni,,
1550,2,Tom II,Rozdział XV,Rzeczowniki,Kalendarz I czas,Age,Epoka,,
1551,2,Tom II,Rozdział XV,Rzeczowniki,Kalendarz I czas,Quarter,Kwadrans,,
1552,2,Tom II,Rozdział XV,Rzeczowniki,Kalendarz I czas,Delay,Opóźnienie,,
1553,2,Tom II,Rozdział XV,Rzeczowniki,Kalendarz I czas,The day after tomorrow,Pojutrze,,
1554,2,Tom II,Rozdział XV,Rzeczowniki,Kalendarz I czas,Midday,Południe; środek dnia,,
1555,2,Tom II,Rozdział XV,Rzeczowniki,Kalendarz I czas,Noon,Południe (12:00 godzina),,
1556,2,Tom II,Rozdział XV,Rzeczowniki,Kalendarz I czas,Season,Pora roku; sezon,,
1557,2,Tom II,Rozdział XV,Rzeczowniki,Kalendarz I czas,Midnight,Północ (12:00 w nocy),,
1558,2,Tom II,Rozdział XV,Rzeczowniki,Kalendarz I czas,The day before yesterday,Przedwczoraj,,
1559,2,Tom II,Rozdział XV,Rzeczowniki,Kalendarz I czas,Past,Przeszłość,,
1560,2,Tom II,Rozdział XV,Rzeczowniki,Kalendarz I czas,Future,Przyszłość,,
1561,2,Tom II,Rozdział XV,Rzeczowniki,Kalendarz I czas,Century,Stulecie; wiek,,
1562,2,Tom II,Rozdział XV,Rzeczowniki,Kalendarz I czas,Present,Teraźniejszość,,
1563,2,Tom II,Rozdział XV,Rzeczowniki,Pogoda,Storm,Burza,,
1564,2,Tom II,Rozdział XV,Rzeczowniki,Pogoda,Cloud,Chmura,,
1565,2,Tom II,Rozdział XV,Rzeczowniki,Pogoda,Climate,Klimat,,
1566,2,Tom II,Rozdział XV,Rzeczowniki,Pogoda,Fog,Mgła,,
1567,2,Tom II,Rozdział XV,Rzeczowniki,Pogoda,Weather forecast,Prognoza pogody,,
1568,2,Tom II,Rozdział XV,Rzeczowniki,Pogoda,Degree,Stopień,,
1569,2,Tom II,Rozdział XV,Rzeczowniki,Pogoda,Sunshine,Blask słońca,,
1570,2,Tom II,Rozdział XV,Rzeczowniki,Pogoda,Shade,Cień (zacienione miejsce),,
1571,2,Tom II,Rozdział XV,Rzeczowniki,Pogoda,Shadow,Cień (czegoś),,
1572,2,Tom II,Rozdział XV,Rzeczowniki,Pogoda,Thunder,Grzmot,,
1573,2,Tom II,Rozdział XV,Rzeczowniki,Pogoda,Frost,Mróz,,
1574,2,Tom II,Rozdział XV,Rzeczowniki,Pogoda,Steam,Para (wodna),,
1575,2,Tom II,Rozdział XV,Rzeczowniki,Pogoda,Rainbow,Tęcza,,
1576,2,Tom II,Rozdział XV,Rzeczowniki,Pogoda,Sunrise,Wschód słońca,,
1577,2,Tom II,Rozdział XV,Rzeczowniki,Pogoda,Sunset,Zachód słońca,,
1578,2,Tom II,Rozdział XV,Przysłówki,Czas I kolejność,Now,Teraz; natychmiast,,
1579,2,Tom II,Rozdział XV,Przysłówki,Czas I kolejność,Currently,Obecnie; aktualnie,,
1580,2,Tom II,Rozdział XV,Przysłówki,Czas I kolejność,Just,Dopiero co,,
1581,2,Tom II,Rozdział XV,Przysłówki,Czas I kolejność,During,W czasie; podczas,,
1582,2,Tom II,Rozdział XV,Przysłówki,Czas I kolejność,Ever,Kiedykolwiek; zawsze,,
1583,2,Tom II,Rozdział XV,Przysłówki,Czas I kolejność,In time,W porę,,
1584,2,Tom II,Rozdział XV,Przysłówki,Czas I kolejność,Last,Ostatnio; na końcu,,
1585,2,Tom II,Rozdział XV,Przysłówki,Czas I kolejność,Later,Później,,
1586,2,Tom II,Rozdział XV,Przysłówki,Czas I kolejność,On time,Na czas (punktualnie),,
1587,2,Tom II,Rozdział XV,Przysłówki,Czas I kolejność,One day,Pewnego dnia (w przyszłości),,
1588,2,Tom II,Rozdział XV,Przysłówki,Czas I kolejność,Past,"Po (np. Godzinie drugiej, czterdziestce)",,
1589,2,Tom II,Rozdział XV,Przysłówki,Czas I kolejność,Sometime,Pewnego razu; któregoś dnia,,
1590,2,Tom II,Rozdział XV,Przysłówki,Czas I kolejność,Soon,Wkrótce,,
1591,2,Tom II,Rozdział XV,Przysłówki,Czas I kolejność,Sooner,Wcześniej,,
1592,2,Tom II,Rozdział XV,Przysłówki,Czas I kolejność,Still,Nadal; jeszcze,,
1593,2,Tom II,Rozdział XV,Czasowniki,Czasowniki 10,Allow,Dopuścić; pozwalać,,
1594,2,Tom II,Rozdział XV,Czasowniki,Czasowniki 10,Borrow,Pożyczać (coś od kogoś),,
1595,2,Tom II,Rozdział XV,Czasowniki,Czasowniki 10,Deal,Zająć się czymś; poradzić sobie z czymś,,
1596,2,Tom II,Rozdział XV,Czasowniki,Czasowniki 10,Leave,"Zostawiać (coś, kogoś)",,
1597,2,Tom II,Rozdział XV,Czasowniki,Czasowniki 10,Lend,Pożyczać (coś komuś),,
1598,2,Tom II,Rozdział XV,Czasowniki,Czasowniki 10,Let,Pozwalać,,
1599,2,Tom II,Rozdział XV,Czasowniki,Czasowniki 10,Avoid,Unikać; ominąć,,
1600,2,Tom II,Rozdział XV,Czasowniki,Czasowniki 10,Cooperate,Współpracować,,
1601,2,Tom II,Rozdział XV,Czasowniki,Czasowniki 10,Depend,Zależeć od; polegać na,,
1602,2,Tom II,Rozdział XV,Czasowniki,Czasowniki 10,Join,Przyłączać się; dołączać,,
1603,2,Tom II,Rozdział XV,Czasowniki,Czasowniki 10,Reject,Odrzucać,,
1604,2,Tom II,Rozdział XV,Czasowniki,Czasowniki 10,Serve,Służyć; obsługiwać (w restauracji),,
1605,2,Tom II,Rozdział XV,Czasowniki,Czasowniki 10,Treat,Traktować,,
1606,2,Tom II,Rozdział XV,Czasowniki,Czasowniki 10,Require,Wymagać,,
1607,2,Tom II,Rozdział XV,Czasowniki,Czasowniki 10,Priest,Kapłan; ksiądz,,
1608,2,Tom II,Rozdział XV,Rzeczowniki,Podróże,Ticket office,Kasa biletowa,,
1609,2,Tom II,Rozdział XV,Rzeczowniki,Podróże,Carry on,Bagaż podręczny,,
1610,2,Tom II,Rozdział XV,Rzeczowniki,Podróże,Border,Granica (np. Między państwami),,
1611,2,Tom II,Rozdział XV,Rzeczowniki,Podróże,Hostel,Hostel,,
1612,2,Tom II,Rozdział XV,Rzeczowniki,Podróże,Motel,Motel,,
1613,2,Tom II,Rozdział XV,Rzeczowniki,Podróże,Stay,Pobyt,,
1614,2,Tom II,Rozdział XV,Rzeczowniki,Podróże,Postcard,Pocztówka,,
1615,2,Tom II,Rozdział XV,Rzeczowniki,Podróże,Traveling,Podróżowanie,,
1616,2,Tom II,Rozdział XV,Rzeczowniki,Podróże,Double room,Pokój dwuosobowy,,
1617,2,Tom II,Rozdział XV,Rzeczowniki,Podróże,Single room,Pokój jednoosobowy,,
1618,2,Tom II,Rozdział XV,Rzeczowniki,Podróże,Arrival,Przyjazd,,
1619,2,Tom II,Rozdział XV,Rzeczowniki,Podróże,Tourist attraction,Atrakcja turystyczna,,
1620,2,Tom II,Rozdział XV,Rzeczowniki,Podróże,Travel agency,Biuro podróży,,
1621,2,Tom II,Rozdział XV,Rzeczowniki,Podróże,Camping,Kemping,,
1622,2,Tom II,Rozdział XV,Rzeczowniki,Podróże,Holiday resort,Miejscowość wypoczynkowa,,
1623,2,Tom II,Rozdział XV,Rzeczowniki,Zawody,Hairdresser,Fryzjer,,
1624,2,Tom II,Rozdział XV,Rzeczowniki,Zawody,Barber,Fryzjer męski,,
1625,2,Tom II,Rozdział XV,Rzeczowniki,Zawody,Engineer,Inżynier,,
1626,2,Tom II,Rozdział XV,Rzeczowniki,Zawody,Waiter,Kelner,,
1627,2,Tom II,Rozdział XV,Rzeczowniki,Zawody,Waitress,Kelnerka,,
1628,2,Tom II,Rozdział XV,Rzeczowniki,Zawody,Driver,Kierowca,,
1629,2,Tom II,Rozdział XV,Rzeczowniki,Zawody,Manager,Kierownik; kierowniczka,,
1630,2,Tom II,Rozdział XV,Rzeczowniki,Zawody,Beautician,Kosmetyczka,,
1631,2,Tom II,Rozdział XV,Rzeczowniki,Zawody,Accountant,Księgowy; księgowa,,
1632,2,Tom II,Rozdział XV,Rzeczowniki,Zawody,Cook,Kucharz; kucharka,,
1633,2,Tom II,Rozdział XV,Rzeczowniki,Zawody,Doctor,Lekarz; lekarka,,
1634,2,Tom II,Rozdział XV,Rzeczowniki,Zawody,Postman,Listonosz,,
1635,2,Tom II,Rozdział XV,Rzeczowniki,Zawody,Painter,Malarz; malarka,,
1636,2,Tom II,Rozdział XV,Rzeczowniki,Zawody,Mechanic,Mechanik,,
1637,2,Tom II,Rozdział XV,Rzeczowniki,Zawody,Model,Model; modelka,,
1638,2,Tom II,Rozdział XV,Czasowniki,"Wszystko, co najlepsze",Enjoy,Cieszyć się czymś,,
1639,2,Tom II,Rozdział XV,Czasowniki,"Wszystko, co najlepsze",Forgive,Wybaczać,,
1640,2,Tom II,Rozdział XV,Czasowniki,"Wszystko, co najlepsze",Pray,Modlić się,,
1641,2,Tom II,Rozdział XV,Czasowniki,"Wszystko, co najlepsze",Respect,Szanować,,
1642,2,Tom II,Rozdział XV,Czasowniki,"Wszystko, co najlepsze",Save,Ocalić,,
1643,2,Tom II,Rozdział XV,Czasowniki,"Wszystko, co najlepsze",Share,Dzielić się z innymi,,
1644,2,Tom II,Rozdział XV,Czasowniki,"Wszystko, co najlepsze",Admire,Podziwiać,,
1645,2,Tom II,Rozdział XV,Czasowniki,"Wszystko, co najlepsze",Appreciate,Doceniać,,
1646,2,Tom II,Rozdział XV,Czasowniki,"Wszystko, co najlepsze",Protect,Chronić,,
1647,2,Tom II,Rozdział XV,Czasowniki,"Wszystko, co najlepsze",Satisfy,Usatysfakcjonować; zaspokajać (potrzeby),,
1648,2,Tom II,Rozdział XV,Czasowniki,"Wszystko, co najlepsze",Please,Zadowalać; sprawiać komuś przyjemność,,
1649,2,Tom II,Rozdział XV,Czasowniki,"Wszystko, co najlepsze",Praise,Pochwalić kogoś; wychwalać,,
1650,2,Tom II,Rozdział XV,Czasowniki,"Wszystko, co najlepsze",Cheer,Wiwatować; dopingować,,
1651,2,Tom II,Rozdział XV,Czasowniki,"Wszystko, co najlepsze",Encourage,Zachęcać; dodawać odwagi,,
1652,2,Tom II,Rozdział XV,Czasowniki,"Wszystko, co najlepsze",Rescue,Ratować,,
1653,2,Tom II,Rozdział XV,Rzeczowniki,Kultura,Drawing,Rysunek,,
1654,2,Tom II,Rozdział XV,Rzeczowniki,Kultura,Symbol,Symbol,,
1655,2,Tom II,Rozdział XV,Rzeczowniki,Kultura,Band,Zespół muzyczny,,
1656,2,Tom II,Rozdział XV,Rzeczowniki,Kultura,Photography,Fotografia,,
1657,2,Tom II,Rozdział XV,Rzeczowniki,Kultura,Theater,Teatr,,
1658,2,Tom II,Rozdział XV,Rzeczowniki,Kultura,Charge,Ładować (np. Baterie),,
1659,2,Tom II,Rozdział XV,Rzeczowniki,Kultura,Click,Klikać,,
1660,2,Tom II,Rozdział XV,Rzeczowniki,Kultura,Copy,Kopiować,,
1661,2,Tom II,Rozdział XV,Rzeczowniki,Kultura,Lock,Zablokować (system),,
1662,2,Tom II,Rozdział XV,Rzeczowniki,Kultura,E-mail,Napisać e-mail,,
1663,2,Tom II,Rozdział XV,Rzeczowniki,Kultura,Paste,Wklejać (dane),,
1664,2,Tom II,Rozdział XV,Rzeczowniki,Kultura,Print,Drukować,,
1665,2,Tom II,Rozdział XV,Rzeczowniki,Kultura,Sound,Brzmieć,,
1666,2,Tom II,Rozdział XV,Rzeczowniki,Kultura,Attach,Załączać; dołączać,,
1667,2,Tom II,Rozdział XV,Rzeczowniki,Kultura,Cancel,Anulować,,
1668,2,Tom II,Rozdział XV,Przysłówki,Miejsce,Over,Po drugiej stronie,,
1669,2,Tom II,Rozdział XV,Przysłówki,Miejsce,Against,Naprzeciw; o,,
1670,2,Tom II,Rozdział XV,Przysłówki,Miejsce,Far,Daleko,,
1671,2,Tom II,Rozdział XV,Przysłówki,Miejsce,Above,Nad; ponad; powyżej,,
1672,2,Tom II,Rozdział XV,Przysłówki,Miejsce,Across,Na przeciwko; po drugiej stronie,,
1673,2,Tom II,Rozdział XV,Przysłówki,Miejsce,All over,Wszędzie; pełno,,
1674,2,Tom II,Rozdział XV,Przysłówki,Miejsce,Anywhere,Gdziekolwiek,,
1675,2,Tom II,Rozdział XV,Przysłówki,Miejsce,Around,Dookoła; w pobliżu,,
1676,2,Tom II,Rozdział XV,Przysłówki,Miejsce,Away,Z dala,,
1677,2,Tom II,Rozdział XV,Przysłówki,Miejsce,Behind,Z tyłu; za (czymś),,
1678,2,Tom II,Rozdział XV,Przysłówki,Miejsce,Over,Ponad; powyżej (np. 18 lat),,
1679,2,Tom II,Rozdział XV,Przysłówki,Miejsce,Below,Pod (czymś),,
1680,2,Tom II,Rozdział XV,Przysłówki,Miejsce,Beside,Obok (czegoś),,
1681,2,Tom II,Rozdział XV,Przysłówki,Miejsce,Between,Pomiędzy; między,,
1682,2,Tom II,Rozdział XV,Przysłówki,Miejsce,Everywhere,Wszędzie,,
1683,2,Tom II,Rozdział XVI,Przymiotniki,Przymiotniki 8,Useless,Bezużyteczny,,
1684,2,Tom II,Rozdział XVI,Przymiotniki,Przymiotniki 8,Useful,Użyteczny; przydatny,,
1685,2,Tom II,Rozdział XVI,Przymiotniki,Przymiotniki 8,Wild,Dziki; zdziczały (nieoswojony),,
1686,2,Tom II,Rozdział XVI,Przymiotniki,Przymiotniki 8,Uncomfortable,Niewygodny,,
1687,2,Tom II,Rozdział XVI,Przymiotniki,Przymiotniki 8,Dead,Martwy,,
1688,2,Tom II,Rozdział XVI,Przymiotniki,Przymiotniki 8,Alive,Żywy,,
1689,2,Tom II,Rozdział XVI,Przymiotniki,Przymiotniki 8,Clear,Przejrzysty,,
1690,2,Tom II,Rozdział XVI,Przymiotniki,Przymiotniki 8,Comfortable,Wygodny,,
1691,2,Tom II,Rozdział XVI,Przymiotniki,Przymiotniki 8,Tough,Wymagający; ciężki (np. Przeciwnik),,
1692,2,Tom II,Rozdział XVI,Przymiotniki,Przymiotniki 8,Silent,Milczący,,
1693,2,Tom II,Rozdział XVI,Przymiotniki,Przymiotniki 8,Noisy,Hałaśliwy,,
1694,2,Tom II,Rozdział XVI,Przymiotniki,Przymiotniki 8,Obvious,Oczywisty,,
1695,2,Tom II,Rozdział XVI,Przymiotniki,Przymiotniki 8,Neutral,Neutralny,,
1696,2,Tom II,Rozdział XVI,Przymiotniki,Przymiotniki 8,Proper,Odpowiedni; właściwy,,
1697,2,Tom II,Rozdział XVI,Przymiotniki,Przymiotniki 8,Pleasant,Sympatyczny; przyjemny,,
1698,2,Tom II,Rozdział XVI,Spójniki,Spójniki 1,Even,Nawet,,
1699,2,Tom II,Rozdział XVI,Spójniki,Spójniki 1,However,Jednakże; jakkolwiek,,
1700,2,Tom II,Rozdział XVI,Spójniki,Spójniki 1,Besides,Oprócz (tego); poza tym,,
1701,2,Tom II,Rozdział XVI,Spójniki,Spójniki 1,Though,Chociaż; mimo że,,
1702,2,Tom II,Rozdział XVI,Spójniki,Spójniki 1,Although,Mimo że,,
1703,2,Tom II,Rozdział XVI,Spójniki,Spójniki 1,At the same time,Jednocześnie,,
1704,2,Tom II,Rozdział XVI,Spójniki,Spójniki 1,In fact,Właściwie,,
1705,2,Tom II,Rozdział XVI,Spójniki,Spójniki 1,Instead of,Zamiast,,
1706,2,Tom II,Rozdział XVI,Spójniki,Spójniki 1,Rather than,Raczej niż,,
1707,2,Tom II,Rozdział XVI,Spójniki,Spójniki 1,Than,Niż,,
1708,2,Tom II,Rozdział XVI,Phrasale,Komunikacja,Ask for,Prosić o,,
1709,2,Tom II,Rozdział XVI,Phrasale,Komunikacja,Call back,Oddzwonić,,
1710,2,Tom II,Rozdział XVI,Phrasale,Komunikacja,Talk to,Mówić do kogoś; rozmawiać z kimś,,
1711,2,Tom II,Rozdział XVI,Phrasale,Komunikacja,Talk over,Przegadać,,
1712,2,Tom II,Rozdział XVI,Phrasale,Komunikacja,Sum up,Zsumować; podsumować,,
1713,2,Tom II,Rozdział XVI,Phrasale,Komunikacja,Agree with,Akceptować coś; godzić się na coś,,
1714,2,Tom II,Rozdział XVI,Phrasale,Komunikacja,Hear about,Usłyszeć o,,
1715,2,Tom II,Rozdział XVI,Phrasale,Komunikacja,Make sth up,Zmyślić coś,,
1716,2,Tom II,Rozdział XVI,Phrasale,Komunikacja,Break up,Przerywać (połączenie),,
1717,2,Tom II,Rozdział XVI,Phrasale,Komunikacja,Hang up,Rozłączyć się (przez telefon),,
1718,2,Tom II,Rozdział XVI,Rzeczowniki,Zwierzęta,Bull,Byk,,
1719,2,Tom II,Rozdział XVI,Rzeczowniki,Zwierzęta,Hamster,Chomik,,
1720,2,Tom II,Rozdział XVI,Rzeczowniki,Zwierzęta,Mosquito,Komar,,
1721,2,Tom II,Rozdział XVI,Rzeczowniki,Zwierzęta,Kitten,Kotek; kocię,,
1722,2,Tom II,Rozdział XVI,Rzeczowniki,Zwierzęta,Rabbit,Królik,,
1723,2,Tom II,Rozdział XVI,Rzeczowniki,Zwierzęta,Lion,Lew,,
1724,2,Tom II,Rozdział XVI,Rzeczowniki,Zwierzęta,Monkey,Małpa,,
1725,2,Tom II,Rozdział XVI,Rzeczowniki,Zwierzęta,Bear,Niedźwiedź,,
1726,2,Tom II,Rozdział XVI,Rzeczowniki,Zwierzęta,Insect,Owad,,
1727,2,Tom II,Rozdział XVI,Rzeczowniki,Zwierzęta,Sheep,Owca,,
1728,2,Tom II,Rozdział XVI,Rzeczowniki,Zwierzęta,Bee,Pszczoła,,
1729,2,Tom II,Rozdział XVI,Rzeczowniki,Zwierzęta,Elephant,Słoń,,
1730,2,Tom II,Rozdział XVI,Rzeczowniki,Zwierzęta,Tiger,Tygrys,,
1731,2,Tom II,Rozdział XVI,Rzeczowniki,Zwierzęta,Snake,Wąż,,
1732,2,Tom II,Rozdział XVI,Rzeczowniki,Zwierzęta,Pet,Zwierzę domowe,,
1733,2,Tom II,Rozdział XVI,Rzeczowniki,Biznes,Business,Biznes,,
1734,2,Tom II,Rozdział XVI,Rzeczowniki,Biznes,Businessman,Biznesmen,,
1735,2,Tom II,Rozdział XVI,Rzeczowniki,Biznes,Department,Dział,,
1736,2,Tom II,Rozdział XVI,Rzeczowniki,Biznes,Opening hours,Godziny otwarcia,,
1737,2,Tom II,Rozdział XVI,Rzeczowniki,Biznes,Economy,Gospodarka,,
1738,2,Tom II,Rozdział XVI,Rzeczowniki,Biznes,Logo,Logo,,
1739,2,Tom II,Rozdział XVI,Rzeczowniki,Biznes,Brand,Marka,,
1740,2,Tom II,Rozdział XVI,Rzeczowniki,Biznes,Offer,Oferta,,
1741,2,Tom II,Rozdział XVI,Rzeczowniki,Biznes,Organization,Organizacja,,
1742,2,Tom II,Rozdział XVI,Rzeczowniki,Biznes,Signature,Podpis,,
1743,2,Tom II,Rozdział XVI,Rzeczowniki,Biznes,Advertisement,Reklama,,
1744,2,Tom II,Rozdział XVI,Rzeczowniki,Biznes,Advert,Ogłoszenie (reklama),,
1745,2,Tom II,Rozdział XVI,Rzeczowniki,Biznes,"He who doesn't risk, never gets to drink champagne!",Ryzyko,,
1746,2,Tom II,Rozdział XVI,Rzeczowniki,Biznes,Boss,Szef,,
1747,2,Tom II,Rozdział XVI,Rzeczowniki,Biznes,Order,Zamówienie; porządek,,
1748,2,Tom II,Rozdział XVI,Przymiotniki,Człowiek,Ill,Chory; wrogi; nieżyczliwy,,
1749,2,Tom II,Rozdział XVI,Przymiotniki,Człowiek,Twin,Bliźniaczy,,
1750,2,Tom II,Rozdział XVI,Przymiotniki,Człowiek,Mature,Dojrzały,,
1751,2,Tom II,Rozdział XVI,Przymiotniki,Człowiek,Personal,Osobisty,,
1752,2,Tom II,Rozdział XVI,Przymiotniki,Człowiek,Adult,Dorosły,,
1753,2,Tom II,Rozdział XVI,Przymiotniki,Człowiek,Retired,Emerytowany,,
1754,2,Tom II,Rozdział XVI,Przymiotniki,Człowiek,Deaf,Głuchy,,
1755,2,Tom II,Rozdział XVI,Przymiotniki,Człowiek,Human,Ludzki,,
1756,2,Tom II,Rozdział XVI,Przymiotniki,Człowiek,Male,Męski; płci męskiej,,
1757,2,Tom II,Rozdział XVI,Przymiotniki,Człowiek,Teenage,Nastoletni,,
1758,2,Tom II,Rozdział XVI,Przymiotniki,Człowiek,Alone,Sam (bez nikogo),,
1759,2,Tom II,Rozdział XVI,Przymiotniki,Człowiek,Pregnant,W ciąży; ciężarna,,
1760,2,Tom II,Rozdział XVI,Przymiotniki,Człowiek,Educated,Wykształcony; wyedukowany,,
1761,2,Tom II,Rozdział XVI,Przymiotniki,Człowiek,Female,Żeński; płci żeńskiej,,
1762,2,Tom II,Rozdział XVI,Przymiotniki,Człowiek,Married,Żonaty; zamężna,,
1763,2,Tom II,Rozdział XVI,Zaimki,Elfy,Myself,Ja sam/sama; samego (samej) siebie; się,,
1764,2,Tom II,Rozdział XVI,Zaimki,Elfy,Ourselves,My sami; nas samych; się,,
1765,2,Tom II,Rozdział XVI,Zaimki,Elfy,Itself,Ono samo; siebie; się,,
1766,2,Tom II,Rozdział XVI,Zaimki,Elfy,Themselves,Oni sami; samych siebie; się,,
1767,2,Tom II,Rozdział XVI,Zaimki,Elfy,Yourself,Ty sam/sama; samego/samej siebie; się,,
1768,2,Tom II,Rozdział XVI,Zaimki,Elfy,Yourselves,Wy sami; was samych; się,,
1769,2,Tom II,Rozdział XVI,Zaimki,Elfy,Herself,Ona sama; samą/samej siebie; się,,
1770,2,Tom II,Rozdział XVI,Zaimki,Elfy,Himself,On sam; samego siebie; się,,
1771,2,Tom II,Rozdział XVI,Zaimki,Elfy,Myself,Ja sam/sama; samego (samej) siebie; się,,
1772,2,Tom II,Rozdział XVI,Zaimki,Elfy,Ourselves,My sami; nas samych; się,,
1773,2,Tom II,Rozdział XVI,Rzeczowniki,It,Chat,Czat,,
1774,2,Tom II,Rozdział XVI,Rzeczowniki,It,Button,Klawisz,,
1775,2,Tom II,Rozdział XVI,Rzeczowniki,It,Printer,Drukarka,,
1776,2,Tom II,Rozdział XVI,Rzeczowniki,It,Data,Dane,,
1777,2,Tom II,Rozdział XVI,Rzeczowniki,It,Screen,Ekran,,
1778,2,Tom II,Rozdział XVI,Rzeczowniki,It,Folder,Folder,,
1779,2,Tom II,Rozdział XVI,Rzeczowniki,It,Message board,Forum,,
1780,2,Tom II,Rozdział XVI,Rzeczowniki,It,Password,Hasło,,
1781,2,Tom II,Rozdział XVI,Rzeczowniki,It,Keyboard,Klawiatura,,
1782,2,Tom II,Rozdział XVI,Rzeczowniki,It,Copy,Kopia,,
1783,2,Tom II,Rozdział XVI,Rzeczowniki,It,Monitor,Monitor (ekran komputera),,
1784,2,Tom II,Rozdział XVI,Rzeczowniki,It,Option,Opcja,,
1785,2,Tom II,Rozdział XVI,Rzeczowniki,It,Technology,Technologia,,
1786,2,Tom II,Rozdział XVI,Rzeczowniki,It,File,Plik,,
1787,2,Tom II,Rozdział XVI,Rzeczowniki,It,E-mail,Poczta elektroniczna,,
1788,2,Tom II,Rozdział XVI,Rzeczowniki,Sport,Baseball,Baseball,,
1789,2,Tom II,Rozdział XVI,Rzeczowniki,Sport,Running,Bieganie,,
1790,2,Tom II,Rozdział XVI,Rzeczowniki,Sport,Goal,Gol,,
1791,2,Tom II,Rozdział XVI,Rzeczowniki,Sport,Position,Pozycja,,
1792,2,Tom II,Rozdział XVI,Rzeczowniki,Sport,Exercise,Ćwiczenie,,
1793,2,Tom II,Rozdział XVI,Rzeczowniki,Sport,Amateur,Amator,,
1794,2,Tom II,Rozdział XVI,Rzeczowniki,Sport,Game,Gra,,
1795,2,Tom II,Rozdział XVI,Rzeczowniki,Sport,Point,Punkt,,
1796,2,Tom II,Rozdział XVI,Rzeczowniki,Sport,Hobby,Hobby,,
1797,2,Tom II,Rozdział XVI,Rzeczowniki,Sport,Hockey,Hokej,,
1798,2,Tom II,Rozdział XVI,Rzeczowniki,Sport,Instructor,Instruktor,,
1799,2,Tom II,Rozdział XVI,Rzeczowniki,Sport,Beginner,Początkujący,,
1800,2,Tom II,Rozdział XVI,Rzeczowniki,Sport,Yoga,Joga,,
1801,2,Tom II,Rozdział XVI,Rzeczowniki,Sport,Jogging,Jogging,,
1802,2,Tom II,Rozdział XVI,Rzeczowniki,Sport,Cards,Karty,,
1803,2,Tom II,Rozdział XVI,Maleństwa,Gadka,As,Jako (np. Jako twoja siostra),,
1804,2,Tom II,Rozdział XVI,Maleństwa,Gadka,Too,Też; także,,
1805,2,Tom II,Rozdział XVI,Maleństwa,Gadka,By,"Przez (zrobione przez kogoś, coś)",,
1806,2,Tom II,Rozdział XVI,Maleństwa,Gadka,So,Taki (z przymiotnikiem),,
1807,2,Tom II,Rozdział XVI,Maleństwa,Gadka,Such,Taki (z rzeczownikiem),,
1808,2,Tom II,Rozdział XVI,Maleństwa,Gadka,Nor,Też nie,,
1809,2,Tom II,Rozdział XVI,Maleństwa,Gadka,Yet,Jeszcze (głównie jako „jeszcze nie”),,
1810,2,Tom II,Rozdział XVI,Maleństwa,Gadka,Of,Z (np. Składa się z),,
1811,2,Tom II,Rozdział XVI,Maleństwa,Gadka,Too,Zbyt (np. Zbyt drogie),,
1812,2,Tom II,Rozdział XVI,Maleństwa,Gadka,Few,Mało; niewiele (z rzeczownikami policzalnymi),,
1813,2,Tom II,Rozdział XVII,Zabronione,Rewelacja,Astonishing,Zadziwiający,,
1814,2,Tom II,Rozdział XVII,Zabronione,Rewelacja,Heroic,Heroiczny,,
1815,2,Tom II,Rozdział XVII,Zabronione,Rewelacja,Exceptional,Wyjątkowy,,
1816,2,Tom II,Rozdział XVII,Zabronione,Rewelacja,Magnificent,Wyśmienity; cudny,,
1817,2,Tom II,Rozdział XVII,Zabronione,Rewelacja,Out of this world,Nie z tego świata,,
1818,2,Tom II,Rozdział XVII,Zabronione,Rewelacja,Outstanding,Wybitny,,
1819,2,Tom II,Rozdział XVII,Zabronione,Rewelacja,Powerful,Potężny,,
1820,2,Tom II,Rozdział XVII,Zabronione,Rewelacja,Terrific,Fantastyczny; przeznakomity,,
1821,2,Tom II,Rozdział XVII,Zabronione,Rewelacja,The bomb,Hit; przebój; w pytę,,
1822,2,Tom II,Rozdział XVII,Zabronione,Rewelacja,You rock,Dajesz czadu,,
1823,2,Tom II,Rozdział XVII,Rzeczowniki,Świętowanie,Barbecue,Grill,,
1824,2,Tom II,Rozdział XVII,Rzeczowniki,Świętowanie,Kiss,Pocałunek,,
1825,2,Tom II,Rozdział XVII,Rzeczowniki,Świętowanie,Anniversary,Rocznica,,
1826,2,Tom II,Rozdział XVII,Rzeczowniki,Świętowanie,Name day,Imieniny,,
1827,2,Tom II,Rozdział XVII,Rzeczowniki,Świętowanie,Celebration,Uroczystość,,
1828,2,Tom II,Rozdział XVII,Rzeczowniki,Świętowanie,Gift,Prezent,,
1829,2,Tom II,Rozdział XVII,Rzeczowniki,Świętowanie,New year,Nowy rok,,
1830,2,Tom II,Rozdział XVII,Rzeczowniki,Świętowanie,Invitation,Zaproszenie,,
1831,2,Tom II,Rozdział XVII,Rzeczowniki,Świętowanie,New year's eve,Sylwester,,
1832,2,Tom II,Rozdział XVII,Rzeczowniki,Świętowanie,Visitor,Odwiedzający; gość,,
1833,2,Tom II,Rozdział XVII,Rzeczowniki,Świętowanie,Occasion,Okazja (sposobność),,
1834,2,Tom II,Rozdział XVII,Rzeczowniki,Świętowanie,Toast,Toast,,
1835,2,Tom II,Rozdział XVII,Rzeczowniki,Świętowanie,Karaoke,Karaoke,,
1836,2,Tom II,Rozdział XVII,Rzeczowniki,Świętowanie,Valentine's day,Walentynki,,
1837,2,Tom II,Rozdział XVII,Rzeczowniki,Świętowanie,As,Jako (np. Jako twoja siostra),,
1838,2,Tom II,Rozdział XVII,Zabronione,Wulgaryzmy 4,Arsehole,Dupek,,
1839,2,Tom II,Rozdział XVII,Zabronione,Wulgaryzmy 4,Wang,Fiut,,
1840,2,Tom II,Rozdział XVII,Zabronione,Wulgaryzmy 4,Dong,Fiut,,
1841,2,Tom II,Rozdział XVII,Zabronione,Wulgaryzmy 4,Boner,Penis w stanie erekcji,,
1842,2,Tom II,Rozdział XVII,Zabronione,Wulgaryzmy 4,Hard-on,Penis w stanie erekcji,,
1843,2,Tom II,Rozdział XVII,Zabronione,Wulgaryzmy 4,Tosser,Ciota,,
1844,2,Tom II,Rozdział XVII,Zabronione,Wulgaryzmy 4,Wanker,Pierdolona ciota,,
1845,2,Tom II,Rozdział XVII,Zabronione,Wulgaryzmy 4,Deepshit,Gnojek,,
1846,2,Tom II,Rozdział XVII,Zabronione,Wulgaryzmy 4,Faggot,"Pedał, cipa",,
1847,2,Tom II,Rozdział XVII,Zabronione,Wulgaryzmy 4,Call-boy,Męska dziwka,,
1848,2,Tom II,Rozdział XVII,Rzeczowniki,Zdrowie,Breath,Oddech,,
1849,2,Tom II,Rozdział XVII,Rzeczowniki,Zdrowie,Sleep,Sen,,
1850,2,Tom II,Rozdział XVII,Rzeczowniki,Zdrowie,Vitamins,Witaminy,,
1851,2,Tom II,Rozdział XVII,Rzeczowniki,Zdrowie,Cholesterol,Cholesterol,,
1852,2,Tom II,Rozdział XVII,Rzeczowniki,Zdrowie,Well-being,Dobre samopoczucie,,
1853,2,Tom II,Rozdział XVII,Rzeczowniki,Zdrowie,First aid,Pierwsza pomoc,,
1854,2,Tom II,Rozdział XVII,Rzeczowniki,Zdrowie,Regeneration,Regeneracja,,
1855,2,Tom II,Rozdział XVII,Rzeczowniki,Zdrowie,Rehabilitation,Rehabilitacja,,
1856,2,Tom II,Rozdział XVII,Rzeczowniki,Zdrowie,Thermometer,Termometr,,
1857,2,Tom II,Rozdział XVII,Rzeczowniki,Zdrowie,Blood pressure,Ciśnienie krwi,,
1858,2,Tom II,Rozdział XVII,Rzeczowniki,Zdrowie,Protein,Białko,,
1859,2,Tom II,Rozdział XVII,Rzeczowniki,Zdrowie,Fat,Tłuszcz,,
1860,2,Tom II,Rozdział XVII,Rzeczowniki,Zdrowie,Physical activity,Aktywność fizyczna,,
1861,2,Tom II,Rozdział XVII,Rzeczowniki,Zdrowie,Psychotherapy,Psychoterapia,,
1862,2,Tom II,Rozdział XVII,Przymiotniki,Języki,Czech,Czeski,,
1863,2,Tom II,Rozdział XVII,Przymiotniki,Języki,Greek,Grecki,,
1864,2,Tom II,Rozdział XVII,Przymiotniki,Języki,Dutch,Niderlandzki,,
1865,2,Tom II,Rozdział XVII,Przymiotniki,Języki,Irish,Irlandzki,,
1866,2,Tom II,Rozdział XVII,Przymiotniki,Języki,Norwegian,Norweski,,
1867,2,Tom II,Rozdział XVII,Przymiotniki,Języki,Russian,Rosyjski,,
1868,2,Tom II,Rozdział XVII,Przymiotniki,Języki,Hungarian,Węgierski,,
1869,2,Tom II,Rozdział XVII,Przymiotniki,Języki,Belarusian,Białoruski,,
1870,2,Tom II,Rozdział XVII,Przymiotniki,Języki,Croatian,Chorwacki,,
1871,2,Tom II,Rozdział XVII,Przymiotniki,Języki,Portuguese,Portugalski,,
1872,2,Tom II,Rozdział XVII,Przymiotniki,Języki,Serbian,Serbski,,
1873,2,Tom II,Rozdział XVII,Przymiotniki,Języki,Slovak,Słowacki,,
1874,2,Tom II,Rozdział XVII,Przymiotniki,Języki,Scottish,Szkocki,,
1875,2,Tom II,Rozdział XVII,Przymiotniki,Języki,Swedish,Szwedzki,,
1876,2,Tom II,Rozdział XVII,Przymiotniki,Języki,Ukrainian,Ukraiński,,
1877,2,Tom II,Rozdział XVII,Rzeczowniki,Społeczeństwo,Retirement,Emerytura (czas po zakończeniu pracy),,
1878,2,Tom II,Rozdział XVII,Rzeczowniki,Społeczeństwo,Flag,Flaga,,
1879,2,Tom II,Rozdział XVII,Rzeczowniki,Społeczeństwo,Line,Kolejka,,
1880,2,Tom II,Rozdział XVII,Rzeczowniki,Społeczeństwo,King,Król,,
1881,2,Tom II,Rozdział XVII,Rzeczowniki,Społeczeństwo,Queen,Królowa,,
1882,2,Tom II,Rozdział XVII,Rzeczowniki,Społeczeństwo,State,Państwo; stan usa,,
1883,2,Tom II,Rozdział XVII,Rzeczowniki,Społeczeństwo,Peace,Pokój,,
1884,2,Tom II,Rozdział XVII,Rzeczowniki,Społeczeństwo,Politics,Polityka (dziedzina),,
1885,2,Tom II,Rozdział XVII,Rzeczowniki,Społeczeństwo,Law,Prawo; ustawa,,
1886,2,Tom II,Rozdział XVII,Rzeczowniki,Społeczeństwo,Prime minister,Premier,,
1887,2,Tom II,Rozdział XVII,Rzeczowniki,Społeczeństwo,Freedom,Wolność,,
1888,2,Tom II,Rozdział XVII,Rzeczowniki,Społeczeństwo,President,Prezydent; prezes,,
1889,2,Tom II,Rozdział XVII,Rzeczowniki,Społeczeństwo,Rule,Przepis; zasada; rządy (prawa),,
1890,2,Tom II,Rozdział XVII,Rzeczowniki,Społeczeństwo,Government,Rząd,,
1891,2,Tom II,Rozdział XVII,Rzeczowniki,Społeczeństwo,Society,Społeczeństwo,,
1892,2,Tom II,Rozdział XVII,Rzeczowniki,Rzeczowniki 7,Silence,Cisza,,
1893,2,Tom II,Rozdział XVII,Rzeczowniki,Rzeczowniki 7,Bottom,Dół (dolna część czegoś),,
1894,2,Tom II,Rozdział XVII,Rzeczowniki,Rzeczowniki 7,Sound,Dźwięk,,
1895,2,Tom II,Rozdział XVII,Rzeczowniki,Rzeczowniki 7,Voice,Głos,,
1896,2,Tom II,Rozdział XVII,Rzeczowniki,Rzeczowniki 7,Top,Góra (górna część czegoś),,
1897,2,Tom II,Rozdział XVII,Rzeczowniki,Rzeczowniki 7,Noise,Hałas,,
1898,2,Tom II,Rozdział XVII,Rzeczowniki,Rzeczowniki 7,Scream,Krzyk,,
1899,2,Tom II,Rozdział XVII,Rzeczowniki,Rzeczowniki 7,Shape,Kształt,,
1900,2,Tom II,Rozdział XVII,Rzeczowniki,Rzeczowniki 7,Front,Przód,,
1901,2,Tom II,Rozdział XVII,Rzeczowniki,Rzeczowniki 7,Back,Tył,,
1902,2,Tom II,Rozdział XVII,Rzeczowniki,Rzeczowniki 7,Corner,Róg,,
1903,2,Tom II,Rozdział XVII,Rzeczowniki,Rzeczowniki 7,Side,Strona; bok,,
1904,2,Tom II,Rozdział XVII,Rzeczowniki,Rzeczowniki 7,Middle,Środek,,
1905,2,Tom II,Rozdział XVII,Rzeczowniki,Rzeczowniki 7,Space,Przestrzeń; miejsce,,
1906,2,Tom II,Rozdział XVII,Rzeczowniki,Rzeczowniki 7,Line,Linia,,
1907,2,Tom II,Rozdział XVII,Rzeczowniki,Opakowania,Bottle,Butelka,,
1908,2,Tom II,Rozdział XVII,Rzeczowniki,Opakowania,Package,Paczka,,
1909,2,Tom II,Rozdział XVII,Rzeczowniki,Opakowania,Box,Pudełko,,
1910,2,Tom II,Rozdział XVII,Rzeczowniki,Opakowania,Can,Puszka,,
1911,2,Tom II,Rozdział XVII,Rzeczowniki,Opakowania,Sachet,Saszetka,,
1912,2,Tom II,Rozdział XVII,Rzeczowniki,Opakowania,Case,Futerał; pokrowiec,,
1913,2,Tom II,Rozdział XVII,Rzeczowniki,Opakowania,Carton,Karton (mleka),,
1914,2,Tom II,Rozdział XVII,Rzeczowniki,Opakowania,Basket,Koszyk,,
1915,2,Tom II,Rozdział XVII,Rzeczowniki,Opakowania,Packaging,Opakowanie,,
1916,2,Tom II,Rozdział XVII,Rzeczowniki,Opakowania,Container,Pojemnik,,
1917,2,Tom II,Rozdział XVII,Rzeczowniki,Opakowania,Plastic bag,Reklamówka,,
1918,2,Tom II,Rozdział XVII,Rzeczowniki,Opakowania,Jar,Słoik,,
1919,2,Tom II,Rozdział XVII,Rzeczowniki,Opakowania,Tube,Tubka,,
1920,2,Tom II,Rozdział XVII,Rzeczowniki,Opakowania,Sack,Wór; worek,,
1921,2,Tom II,Rozdział XVII,Rzeczowniki,Opakowania,Barrel,Beczka,,
1922,2,Tom II,Rozdział XVII,Rzeczowniki,Materiały I substancje,Paint,Farba,,
1923,2,Tom II,Rozdział XVII,Rzeczowniki,Materiały I substancje,Stone,Kamień,,
1924,2,Tom II,Rozdział XVII,Rzeczowniki,Materiały I substancje,Wood,Drewno,,
1925,2,Tom II,Rozdział XVII,Rzeczowniki,Materiały I substancje,Rubber,Guma; gumka do ścierania,,
1926,2,Tom II,Rozdział XVII,Rzeczowniki,Materiały I substancje,Glue,Klej,,
1927,2,Tom II,Rozdział XVII,Rzeczowniki,Materiały I substancje,Material,Materiał,,
1928,2,Tom II,Rozdział XVII,Rzeczowniki,Materiały I substancje,Metal,Metal,,
1929,2,Tom II,Rozdział XVII,Rzeczowniki,Materiały I substancje,Mineral,Minerał,,
1930,2,Tom II,Rozdział XVII,Rzeczowniki,Materiały I substancje,Plastic,Plastik,,
1931,2,Tom II,Rozdział XVII,Rzeczowniki,Materiały I substancje,Powder,Proszek; puder,,
1932,2,Tom II,Rozdział XVII,Rzeczowniki,Materiały I substancje,Silver,Srebro,,
1933,2,Tom II,Rozdział XVII,Rzeczowniki,Materiały I substancje,Substance,Substancja,,
1934,2,Tom II,Rozdział XVII,Rzeczowniki,Materiały I substancje,Brick,Cegła,,
1935,2,Tom II,Rozdział XVII,Rzeczowniki,Materiały I substancje,Gold,Złoto,,
1936,2,Tom II,Rozdział XVII,Rzeczowniki,Materiały I substancje,Cement,Cement,,
1937,2,Tom II,Rozdział XVII,Rzeczowniki,Rzeczowniki 8,Falsehood,Fałsz,,
1938,2,Tom II,Rozdział XVII,Rzeczowniki,Rzeczowniki 8,Contact,Kontakt,,
1939,2,Tom II,Rozdział XVII,Rzeczowniki,Rzeczowniki 8,Quality,Jakość,,
1940,2,Tom II,Rozdział XVII,Rzeczowniki,Rzeczowniki 8,End,Koniec,,
1941,2,Tom II,Rozdział XVII,Rzeczowniki,Rzeczowniki 8,Possibility,Możliwość,,
1942,2,Tom II,Rozdział XVII,Rzeczowniki,Rzeczowniki 8,Beginning,Początek,,
1943,2,Tom II,Rozdział XVII,Rzeczowniki,Rzeczowniki 8,Truth,Prawda,,
1944,2,Tom II,Rozdział XVII,Rzeczowniki,Rzeczowniki 8,Kind,Rodzaj,,
1945,2,Tom II,Rozdział XVII,Rzeczowniki,Rzeczowniki 8,Difference,Różnica,,
1946,2,Tom II,Rozdział XVII,Rzeczowniki,Rzeczowniki 8,Sort,Sort; rodzaj,,
1947,2,Tom II,Rozdział XVII,Rzeczowniki,Rzeczowniki 8,Matter,Sprawa,,
1948,2,Tom II,Rozdział XVII,Rzeczowniki,Rzeczowniki 8,Situation,Sytuacja,,
1949,2,Tom II,Rozdział XVII,Rzeczowniki,Rzeczowniki 8,Type,Typ,,
1950,2,Tom II,Rozdział XVII,Rzeczowniki,Rzeczowniki 8,State,Stan (w jakim ktoś/coś się znajduje),,
1951,2,Tom II,Rozdział XVII,Rzeczowniki,Rzeczowniki 8,Choice,Wybór,,
1952,2,Tom II,Rozdział XVII,Rzeczowniki,Media,Article,Artykuł,,
1953,2,Tom II,Rozdział XVII,Rzeczowniki,Media,Celebrity,Celebryta; sława,,
1954,2,Tom II,Rozdział XVII,Rzeczowniki,Media,Magazine,Magazyn (gazeta),,
1955,2,Tom II,Rozdział XVII,Rzeczowniki,Media,Press,Prasa,,
1956,2,Tom II,Rozdział XVII,Rzeczowniki,Media,Fame,Sława,,
1957,2,Tom II,Rozdział XVII,Rzeczowniki,Media,Interview,Wywiad,,
1958,2,Tom II,Rozdział XVII,Rzeczowniki,Media,Conference,Konferencja,,
1959,2,Tom II,Rozdział XVII,Rzeczowniki,Media,Media,Media,,
1960,2,Tom II,Rozdział XVII,Rzeczowniki,Media,Image,Wizerunek,,
1961,2,Tom II,Rozdział XVII,Rzeczowniki,Media,Billboard,Billboard,,
1962,2,Tom II,Rozdział XVII,Rzeczowniki,Media,Journal,Czasopismo,,
1963,2,Tom II,Rozdział XVII,Rzeczowniki,Media,Motto,Motto,,
1964,2,Tom II,Rozdział XVII,Rzeczowniki,Media,Panel,Panel,,
1965,2,Tom II,Rozdział XVII,Rzeczowniki,Media,Slogan,Slogan,,
1966,2,Tom II,Rozdział XVII,Rzeczowniki,Media,Newsletter,Biuletyn,,
1967,2,Tom II,Rozdział XVIII,Przymiotniki,Jedzenie,Cut,Pokrojony,,
1968,2,Tom II,Rozdział XVIII,Przymiotniki,Jedzenie,Crispy,Chrupiący; skrzypiący,,
1969,2,Tom II,Rozdział XVIII,Przymiotniki,Jedzenie,Diet,Dietetyczny,,
1970,2,Tom II,Rozdział XVIII,Przymiotniki,Jedzenie,Fizzy,Gazowany (napój),,
1971,2,Tom II,Rozdział XVIII,Przymiotniki,Jedzenie,Bitter,Gorzki,,
1972,2,Tom II,Rozdział XVIII,Przymiotniki,Jedzenie,Sour,Kwaśny,,
1973,2,Tom II,Rozdział XVIII,Przymiotniki,Jedzenie,Still,Niegazowany,,
1974,2,Tom II,Rozdział XVIII,Przymiotniki,Jedzenie,Low-fat,Niskotłuszczowy,,
1975,2,Tom II,Rozdział XVIII,Przymiotniki,Jedzenie,Yucky,Ohydne; obleśne,,
1976,2,Tom II,Rozdział XVIII,Przymiotniki,Jedzenie,Spicy,Pikantny,,
1977,2,Tom II,Rozdział XVIII,Przymiotniki,Jedzenie,Semi-sweet,Półsłodki,,
1978,2,Tom II,Rozdział XVIII,Przymiotniki,Jedzenie,Yummy,Pyszne,,
1979,2,Tom II,Rozdział XVIII,Przymiotniki,Jedzenie,Raw,Surowy (np. Warzywa),,
1980,2,Tom II,Rozdział XVIII,Przymiotniki,Jedzenie,Salty,Słony,,
1981,2,Tom II,Rozdział XVIII,Przymiotniki,Jedzenie,Tasty,Smaczny,,
1982,2,Tom II,Rozdział XVIII,Rzeczowniki,Mile widziane,In love,Zakochany,,
1983,2,Tom II,Rozdział XVIII,Rzeczowniki,Mile widziane,Dear,Szanowny; drogi,,
1984,2,Tom II,Rozdział XVIII,Rzeczowniki,Mile widziane,Loving,Kochający; czuły,,
1985,2,Tom II,Rozdział XVIII,Rzeczowniki,Mile widziane,Ambitious,Ambitny,,
1986,2,Tom II,Rozdział XVIII,Rzeczowniki,Mile widziane,Patient,Cierpliwy,,
1987,2,Tom II,Rozdział XVIII,Rzeczowniki,Mile widziane,Proud,Dumny,,
1988,2,Tom II,Rozdział XVIII,Rzeczowniki,Mile widziane,Generous,Hojny; wspaniałomyślny,,
1989,2,Tom II,Rozdział XVIII,Rzeczowniki,Mile widziane,Outgoing,Łatwo poznający nowych ludzi; towarzyski,,
1990,2,Tom II,Rozdział XVIII,Rzeczowniki,Mile widziane,Wise,Mądry,,
1991,2,Tom II,Rozdział XVIII,Rzeczowniki,Mile widziane,Kind,Miły,,
1992,2,Tom II,Rozdział XVIII,Rzeczowniki,Mile widziane,Reliable,Niezawodny; wiarygodny,,
1993,2,Tom II,Rozdział XVIII,Rzeczowniki,Mile widziane,Responsible,Odpowiedzialny,,
1994,2,Tom II,Rozdział XVIII,Rzeczowniki,Mile widziane,Optimistic,Optymistyczny,,
1995,2,Tom II,Rozdział XVIII,Rzeczowniki,Mile widziane,Confident,Pewny siebie,,
1996,2,Tom II,Rozdział XVIII,Rzeczowniki,Mile widziane,Cheerful,Pogodny; radosny,,
1997,2,Tom II,Rozdział XVIII,Rzeczowniki,Wojskowe,Smoke,Dym,,
1998,2,Tom II,Rozdział XVIII,Rzeczowniki,Wojskowe,Conflict,Konflikt,,
1999,2,Tom II,Rozdział XVIII,Rzeczowniki,Wojskowe,Fire,Ogień; pożar,,
2000,2,Tom II,Rozdział XVIII,Rzeczowniki,Wojskowe,Crisis,Kryzys,,
2001,2,Tom II,Rozdział XVIII,Rzeczowniki,Wojskowe,Gun,Spluwa (pistolet),,
2002,2,Tom II,Rozdział XVIII,Rzeczowniki,Wojskowe,Captain,Kapitan,,
2003,2,Tom II,Rozdział XVIII,Rzeczowniki,Wojskowe,War,Wojna,,
2004,2,Tom II,Rozdział XVIII,Rzeczowniki,Wojskowe,Soldier,Żołnierz,,
2005,2,Tom II,Rozdział XVIII,Rzeczowniki,Wojskowe,Accuracy,Celność; precyzja,,
2006,2,Tom II,Rozdział XVIII,Rzeczowniki,Wojskowe,Bomb,Bomba,,
2007,2,Tom II,Rozdział XVIII,Rzeczowniki,Wojskowe,Weapon,Broń,,
2008,2,Tom II,Rozdział XVIII,Rzeczowniki,Wojskowe,Mission,Misja,,
2009,2,Tom II,Rozdział XVIII,Rzeczowniki,Wojskowe,Military,Siły zbrojne,,
2010,2,Tom II,Rozdział XVIII,Rzeczowniki,Wojskowe,Army,"Armia, wojsko",,
2011,2,Tom II,Rozdział XVIII,Rzeczowniki,Wojskowe,Officer,Oficer,,
2012,2,Tom II,Rozdział XVIII,Rzeczowniki,Praca,Promotion,Awans,,
2013,2,Tom II,Rozdział XVIII,Rzeczowniki,Praca,Workday,Dzień pracy,,
2014,2,Tom II,Rozdział XVIII,Rzeczowniki,Praca,Working hours,Godziny pracy,,
2015,2,Tom II,Rozdział XVIII,Rzeczowniki,Praca,Meeting,Spotkanie,,
2016,2,Tom II,Rozdział XVIII,Rzeczowniki,Praca,Staff,Kadra; pracownicy,,
2017,2,Tom II,Rozdział XVIII,Rzeczowniki,Praca,Position,Stanowisko (w pracy),,
2018,2,Tom II,Rozdział XVIII,Rzeczowniki,Praca,Career,Kariera,,
2019,2,Tom II,Rozdział XVIII,Rzeczowniki,Praca,Colleague,Kolega z pracy,,
2020,2,Tom II,Rozdział XVIII,Rzeczowniki,Praca,Workplace,Miejsce pracy,,
2021,2,Tom II,Rozdział XVIII,Rzeczowniki,Praca,Personnel,Personel,,
2022,2,Tom II,Rozdział XVIII,Rzeczowniki,Praca,Agreement,Porozumienie,,
2023,2,Tom II,Rozdział XVIII,Rzeczowniki,Praca,Full-time job,Praca na cały etat,,
2024,2,Tom II,Rozdział XVIII,Rzeczowniki,Praca,Part-time job,Praca na pół etatu,,
2025,2,Tom II,Rozdział XVIII,Rzeczowniki,Praca,Employer,Pracodawca,,
2026,2,Tom II,Rozdział XVIII,Rzeczowniki,Praca,Employee,Pracownik,,
2027,2,Tom II,Rozdział XVIII,Phrasale,Ręką,Get sth off sth,Ściągnąć; zdjąć (coś z czegoś),,
2028,2,Tom II,Rozdział XVIII,Phrasale,Ręką,Hang up,Zawiesić; powiesić coś,,
2029,2,Tom II,Rozdział XVIII,Phrasale,Ręką,Hold on to sth,Trzymać się (czegoś),,
2030,2,Tom II,Rozdział XVIII,Phrasale,Ręką,Lift up,Podźwignąć; podnieść,,
2031,2,Tom II,Rozdział XVIII,Phrasale,Ręką,Pick sth up,Podnosić coś,,
2032,2,Tom II,Rozdział XVIII,Phrasale,Ręką,Pull sth on,Pociągnąć (za) coś,,
2033,2,Tom II,Rozdział XVIII,Phrasale,Ręką,Put down,Zanotować coś,,
2034,2,Tom II,Rozdział XVIII,Phrasale,Ręką,Take down,Zdejmować coś,,
2035,2,Tom II,Rozdział XVIII,Phrasale,Ręką,Take sth off,Zdjąć coś,,
2036,2,Tom II,Rozdział XVIII,Phrasale,Ręką,Take out,Wyciągnąć coś,,
2037,2,Tom II,Rozdział XVIII,Przymiotniki,Miary,Thin,Chudy (człowiek); cienki (przedmiot),,
2038,2,Tom II,Rozdział XVIII,Przymiotniki,Miary,Tight,Ciasny,,
2039,2,Tom II,Rozdział XVIII,Przymiotniki,Miary,Large,Wielki,,
2040,2,Tom II,Rozdział XVIII,Przymiotniki,Miary,Deep,Głęboki,,
2041,2,Tom II,Rozdział XVIII,Przymiotniki,Miary,Thick,Gruby (przedmiot),,
2042,2,Tom II,Rozdział XVIII,Przymiotniki,Miary,Round,Okrągły,,
2043,2,Tom II,Rozdział XVIII,Przymiotniki,Miary,Light,Lekki,,
2044,2,Tom II,Rozdział XVIII,Przymiotniki,Miary,Loose,Luźny,,
2045,2,Tom II,Rozdział XVIII,Przymiotniki,Miary,Tiny,Malutki,,
2046,2,Tom II,Rozdział XVIII,Przymiotniki,Miary,Broad,Obszerny; szeroki,,
2047,2,Tom II,Rozdział XVIII,Przymiotniki,Miary,Huge,Ogromny,,
2048,2,Tom II,Rozdział XVIII,Przymiotniki,Miary,Sharp,Ostry (np. Nóż),,
2049,2,Tom II,Rozdział XVIII,Przymiotniki,Miary,Flat,Równy (o powierzchni); płaski,,
2050,2,Tom II,Rozdział XVIII,Przymiotniki,Miary,Wide,Szeroki,,
2051,2,Tom II,Rozdział XVIII,Przymiotniki,Miary,Narrow,Wąski,,
2052,2,Tom II,Rozdział XVIII,Phrasale,Świat cyfrowy,Plug in,Podłączyć (się),,
2053,2,Tom II,Rozdział XVIII,Phrasale,Świat cyfrowy,Sign out,Wypisać się (np. Z listy gości),,
2054,2,Tom II,Rozdział XVIII,Phrasale,Świat cyfrowy,Switch off,Wyłączyć (pstryczkiem),,
2055,2,Tom II,Rozdział XVIII,Phrasale,Świat cyfrowy,Hook up,Podpiąć (np. Kabel),,
2056,2,Tom II,Rozdział XVIII,Phrasale,Świat cyfrowy,Switch on,Włączyć (pstryczkiem),,
2057,2,Tom II,Rozdział XVIII,Phrasale,Świat cyfrowy,Pop up,Wyskoczyć na ekranie,,
2058,2,Tom II,Rozdział XVIII,Phrasale,Świat cyfrowy,Turn down,Ściszać,,
2059,2,Tom II,Rozdział XVIII,Phrasale,Świat cyfrowy,Turn sth off,Wyłączyć coś,,
2060,2,Tom II,Rozdział XVIII,Phrasale,Świat cyfrowy,Turn on,Włączyć,,
2061,2,Tom II,Rozdział XVIII,Phrasale,Świat cyfrowy,Turn up,Podgłaśniać,,
2062,2,Tom II,Rozdział XIX,Zabronione,Wulgaryzmy 5,Fucker,Jebaniec,,
2063,2,Tom II,Rozdział XIX,Zabronione,Wulgaryzmy 5,Fuckface,Jebany gnój,,
2064,2,Tom II,Rozdział XIX,Zabronione,Wulgaryzmy 5,Fucknut,Pojeb,,
2065,2,Tom II,Rozdział XIX,Zabronione,Wulgaryzmy 5,Hooker,Prostytutka,,
2066,2,Tom II,Rozdział XIX,Zabronione,Wulgaryzmy 5,Cock-sucker,Lachociąg,,
2067,2,Tom II,Rozdział XIX,Zabronione,Wulgaryzmy 5,Cum slut,"Kurwa, szmata",,
2068,2,Tom II,Rozdział XIX,Zabronione,Wulgaryzmy 5,Skank,Kurewka,,
2069,2,Tom II,Rozdział XIX,Zabronione,Wulgaryzmy 5,Cunt rag,Szmata,,
2070,2,Tom II,Rozdział XIX,Zabronione,Wulgaryzmy 5,Twat,Pizda,,
2071,2,Tom II,Rozdział XIX,Zabronione,Wulgaryzmy 5,Coochy,Cipa,,
2072,2,Tom II,Rozdział XVIII,Rzeczowniki,Budynki,Block of flats,Blok,,
2073,2,Tom II,Rozdział XVIII,Rzeczowniki,Budynki,Story,Kondygnacja,,
2074,2,Tom II,Rozdział XVIII,Rzeczowniki,Budynki,Ground floor,Parter,,
2075,2,Tom II,Rozdział XVIII,Rzeczowniki,Budynki,Floor,Piętro,,
2076,2,Tom II,Rozdział XVIII,Rzeczowniki,Budynki,Station,Stacja; dworzec,,
2077,2,Tom II,Rozdział XVIII,Rzeczowniki,Budynki,Entrance,Wejście,,
2078,2,Tom II,Rozdział XVIII,Rzeczowniki,Budynki,Exit,Wyjście,,
2079,2,Tom II,Rozdział XVIII,Rzeczowniki,Budynki,Office building,Biurowiec,,
2080,2,Tom II,Rozdział XVIII,Rzeczowniki,Budynki,Apartment block,Blok mieszkalny,,
2081,2,Tom II,Rozdział XVIII,Rzeczowniki,Budynki,Palace,Pałac,,
2082,2,Tom II,Rozdział XVIII,Rzeczowniki,Budynki,Ruins,Ruiny,,
2083,2,Tom II,Rozdział XVIII,Rzeczowniki,Budynki,Tower,Wieża,,
2084,2,Tom II,Rozdział XVIII,Rzeczowniki,Budynki,Castle,Zamek (budynek),,
2085,2,Tom II,Rozdział XVIII,Rzeczowniki,Budynki,Studio,Studio; kawalerka,,
2086,2,Tom II,Rozdział XVIII,Klony,Klony,Boo-boo,Kuku (rana); ojej; głupi błąd,,
2087,2,Tom II,Rozdział XVIII,Klony,Klony,Choo-choo,Ciuch-ciuch (dźwięk lokomotywy),,
2088,2,Tom II,Rozdział XVIII,Klony,Klony,Chop chop,Migiem,,
2089,2,Tom II,Rozdział XVIII,Klony,Klony,Ding-dong,Odgłos dzwonka,,
2090,2,Tom II,Rozdział XVIII,Klony,Klony,Heebie-jeebies,Ciarki; gęsia skórka (ze strachu),,
2091,2,Tom II,Rozdział XVIII,Klony,Klony,Jeepers creepers,"O jejku, jejku! Coś takiego!",,
2092,2,Tom II,Rozdział XVIII,Klony,Klony,Mishmash,Miszmasz,,
2093,2,Tom II,Rozdział XVIII,Klony,Klony,Nitty-gritty,Sedno sprawy,,
2094,2,Tom II,Rozdział XVIII,Klony,Klony,Super-duper,Fajowski; fantastyczny,,
2095,2,Tom II,Rozdział XVIII,Klony,Klony,Teeny-weeny,Tyci-tyci,,
2096,2,Tom II,Rozdział XVIII,Rzeczowniki,Dla dorosłych,Masturbation,Masturbacja,,
2097,2,Tom II,Rozdział XVIII,Rzeczowniki,Dla dorosłych,Hangover,Kac,,
2098,2,Tom II,Rozdział XVIII,Rzeczowniki,Dla dorosłych,Orgasm,Orgazm,,
2099,2,Tom II,Rozdział XVIII,Rzeczowniki,Dla dorosłych,Smoking,Palenie papierosów,,
2100,2,Tom II,Rozdział XVIII,Rzeczowniki,Dla dorosłych,Champagne,Szampan,,
2101,2,Tom II,Rozdział XVIII,Rzeczowniki,Dla dorosłych,Cigar,Cygaro,,
2102,2,Tom II,Rozdział XVIII,Rzeczowniki,Dla dorosłych,Pipe,Fajka,,
2103,2,Tom II,Rozdział XVIII,Rzeczowniki,Dla dorosłych,Pornography,Pornografia,,
2104,2,Tom II,Rozdział XVIII,Rzeczowniki,Dla dorosłych,Condom,Prezerwatywa,,
2105,2,Tom II,Rozdział XVIII,Rzeczowniki,Dla dorosłych,Poker,Poker,,
2106,2,Tom II,Rozdział XVIII,Rzeczowniki,Dla dorosłych,Prostitute,Prostytutka,,
2107,2,Tom II,Rozdział XVIII,Rzeczowniki,Dla dorosłych,Aperitif,Aperitif,,
2108,2,Tom II,Rozdział XVIII,Rzeczowniki,Dla dorosłych,Rum,Rum,,
2109,2,Tom II,Rozdział XVIII,Rzeczowniki,Dla dorosłych,Cocktail,Koktajl,,
2110,2,Tom II,Rozdział XVIII,Rzeczowniki,Dla dorosłych,Casino,Kasyno,,
2111,2,Tom II,Rozdział XIX,Slang,Slang 11,Bloody,Cholerny,,
2112,2,Tom II,Rozdział XIX,Slang,Slang 11,Damn it,Cholera,,
2113,2,Tom II,Rozdział XIX,Slang,Slang 11,Epic fail,Totalna porażka,,
2114,2,Tom II,Rozdział XIX,Slang,Slang 11,Meh,"Ble, ble; takie sobie; meh",,
2115,2,Tom II,Rozdział XIX,Slang,Slang 11,No dice,Nie ma szans,,
2116,2,Tom II,Rozdział XIX,Slang,Slang 11,Talk to the hand,Gadaj zdrów,,
2117,2,Tom II,Rozdział XIX,Slang,Slang 11,My bad,Mój błąd,,
2118,2,Tom II,Rozdział XIX,Slang,Slang 11,Oh snap!,"O cholera, a niech to!",,
2119,2,Tom II,Rozdział XIX,Slang,Slang 11,Or nah,A może jednak nie…,,
2120,2,Tom II,Rozdział XIX,Slang,Slang 11,Yucky!,Fuj! Ohydne!,,
2121,2,Tom II,Rozdział XIX,Czasowniki,Ręką,Carry,Nieść coś,,
2122,2,Tom II,Rozdział XIX,Czasowniki,Ręką,Knock,Pukać,,
2123,2,Tom II,Rozdział XIX,Czasowniki,Ręką,Lock,Zamykać na klucz,,
2124,2,Tom II,Rozdział XIX,Czasowniki,Ręką,Pick,Zrywać (np. Owoce),,
2125,2,Tom II,Rozdział XIX,Czasowniki,Ręką,Throw,Rzucać,,
2126,2,Tom II,Rozdział XIX,Czasowniki,Ręką,Hang,Powiesić,,
2127,2,Tom II,Rozdział XIX,Czasowniki,Ręką,Place,Umieszczać; kłaść,,
2128,2,Tom II,Rozdział XIX,Czasowniki,Ręką,Shut,Zamknąć; zatrzasnąć,,
2129,2,Tom II,Rozdział XIX,Czasowniki,Ręką,Sign,Podpisywać,,
2130,2,Tom II,Rozdział XIX,Czasowniki,Ręką,Clap,Klaskać,,
2131,2,Tom II,Rozdział XIX,Czasowniki,Ręką,Grab,"Chwytać (nagle, niespodziewanie)",,
2132,2,Tom II,Rozdział XIX,Czasowniki,Ręką,Lay,Położyć; wyłożyć coś (przedmiot),,
2133,2,Tom II,Rozdział XIX,Czasowniki,Ręką,Reach,Dosięgać; sięgać,,
2134,2,Tom II,Rozdział XIX,Czasowniki,Ręką,Shake,Trząść; potrząsać,,
2135,2,Tom II,Rozdział XIX,Czasowniki,Ręką,Drop,Upuszczać,,
2136,2,Tom II,Rozdział XIX,Przymiotniki,Restauracja,Average,Przeciętny,,
2137,2,Tom II,Rozdział XIX,Przymiotniki,Restauracja,Decent,Przyzwoity; skromny,,
2138,2,Tom II,Rozdział XIX,Przymiotniki,Restauracja,Known,Wiadomy; znany,,
2139,2,Tom II,Rozdział XIX,Przymiotniki,Restauracja,Unknown,Nieznany; niewiadomy,,
2140,2,Tom II,Rozdział XIX,Przymiotniki,Restauracja,Available,Dostępny,,
2141,2,Tom II,Rozdział XIX,Przymiotniki,Restauracja,Ordinary,Zwyczajny,,
2142,2,Tom II,Rozdział XIX,Przymiotniki,Restauracja,Cozy,Przytulny,,
2143,2,Tom II,Rozdział XIX,Przymiotniki,Restauracja,Well-known,Dobrze znany,,
2144,2,Tom II,Rozdział XIX,Przymiotniki,Restauracja,Four-star,Czterogwiazdkowy,,
2145,2,Tom II,Rozdział XIX,Przymiotniki,Restauracja,Recommended,Polecany,,
2146,2,Tom II,Rozdział XIX,Przymiotniki,Restauracja,Booked,Zarezerwowany,,
2147,2,Tom II,Rozdział XIX,Przymiotniki,Restauracja,Top-rated,Najwyżej oceniany,,
2148,2,Tom II,Rozdział XIX,Przymiotniki,Restauracja,High-quality,Wysokiej jakości,,
2149,2,Tom II,Rozdział XIX,Przymiotniki,Restauracja,Five-star,Pięciogwiazdkowy,,
2150,2,Tom II,Rozdział XIX,Przymiotniki,Restauracja,Little-known,Słabo znany,,
2151,2,Tom II,Rozdział XIX,Rzeczowniki,Sukces,Determination,Determinacja,,
2152,2,Tom II,Rozdział XIX,Rzeczowniki,Sukces,Congratulations,Gratulacje,,
2153,2,Tom II,Rozdział XIX,Rzeczowniki,Sukces,Billionaire,Miliarder,,
2154,2,Tom II,Rozdział XIX,Rzeczowniki,Sukces,Millionaire,Milioner,,
2155,2,Tom II,Rozdział XIX,Rzeczowniki,Sukces,Champion,Mistrz,,
2156,2,Tom II,Rozdział XIX,Rzeczowniki,Sukces,Prize,Nagroda (rzecz dawana w nagrodę),,
2157,2,Tom II,Rozdział XIX,Rzeczowniki,Sukces,Success,Sukces,,
2158,2,Tom II,Rozdział XIX,Rzeczowniki,Sukces,Winner,Wygrany,,
2159,2,Tom II,Rozdział XIX,Rzeczowniki,Sukces,Wealth,Bogactwo,,
2160,2,Tom II,Rozdział XIX,Rzeczowniki,Sukces,Opportunity,Okazja; możliwość,,
2161,2,Tom II,Rozdział XIX,Rzeczowniki,Sukces,Prestige,Prestiż,,
2162,2,Tom II,Rozdział XIX,Rzeczowniki,Sukces,World champion,Mistrz świata,,
2163,2,Tom II,Rozdział XIX,Rzeczowniki,Sukces,Luxury,Luksus,,
2164,2,Tom II,Rozdział XIX,Rzeczowniki,Sukces,Award,Nagroda (oficjalna),,
2165,2,Tom II,Rozdział XIX,Rzeczowniki,Sukces,Applause,Aplauz,,
2166,2,Tom II,Rozdział XIX,Phrasale,Przemieszczanie się,Get back,Wrócić,,
2167,2,Tom II,Rozdział XIX,Phrasale,Przemieszczanie się,Go for sth,Iść po coś,,
2168,2,Tom II,Rozdział XIX,Phrasale,Przemieszczanie się,Go in,Wejść do,,
2169,2,Tom II,Rozdział XIX,Phrasale,Przemieszczanie się,Go out,Wyjść na zewnątrz,,
2170,2,Tom II,Rozdział XIX,Phrasale,Przemieszczanie się,Walk into,Wchodzić,,
2171,2,Tom II,Rozdział XIX,Phrasale,Przemieszczanie się,Come down,Zejść na dół,,
2172,2,Tom II,Rozdział XIX,Phrasale,Przemieszczanie się,Come up,Podejść bliżej,,
2173,2,Tom II,Rozdział XIX,Phrasale,Przemieszczanie się,Drop by,Zahaczyć gdzieś; wpaść,,
2174,2,Tom II,Rozdział XIX,Phrasale,Przemieszczanie się,Drop in,Wpaść gdzieś,,
2175,2,Tom II,Rozdział XIX,Phrasale,Przemieszczanie się,Get out,Wyjść (z pomieszczenia),,
2176,2,Tom II,Rozdział XIX,Rzeczowniki,Biuro,Calculator,Kalkulator,,
2177,2,Tom II,Rozdział XIX,Rzeczowniki,Biuro,Envelope,Koperta,,
2178,2,Tom II,Rozdział XIX,Rzeczowniki,Biuro,List,Lista,,
2179,2,Tom II,Rozdział XIX,Rzeczowniki,Biuro,Form,Forma; formularz,,
2180,2,Tom II,Rozdział XIX,Rzeczowniki,Biuro,Report,Raport,,
2181,2,Tom II,Rozdział XIX,Rzeczowniki,Biuro,Sheet,Kartka,,
2182,2,Tom II,Rozdział XIX,Rzeczowniki,Biuro,Marker,Marker,,
2183,2,Tom II,Rozdział XIX,Rzeczowniki,Biuro,Paperwork,Papierkowa robota,,
2184,2,Tom II,Rozdział XIX,Rzeczowniki,Biuro,Documentation,Dokumentacja,,
2185,2,Tom II,Rozdział XIX,Rzeczowniki,Biuro,Stamp,Stempel,,
2186,2,Tom II,Rozdział XIX,Rzeczowniki,Biuro,Business card,Wizytówka,,
2187,2,Tom II,Rozdział XIX,Rzeczowniki,Biuro,Questionnaire,Kwestionariusz,,
2188,2,Tom II,Rozdział XIX,Rzeczowniki,Biuro,Paperclip,Spinacz,,
2189,2,Tom II,Rozdział XIX,Rzeczowniki,Biuro,Briefcase,Teczka,,
2190,2,Tom II,Rozdział XIX,Rzeczowniki,Biuro,Marker pen,Flamaster,,
2191,2,Tom II,Rozdział XIX,Rzeczowniki,Książki I pisownia,Verb,Czasownik,,
2192,2,Tom II,Rozdział XIX,Rzeczowniki,Książki I pisownia,Grammar,Gramatyka,,
2193,2,Tom II,Rozdział XIX,Rzeczowniki,Książki I pisownia,Story,Historia (opowieść),,
2194,2,Tom II,Rozdział XIX,Rzeczowniki,Książki I pisownia,Description,Opis,,
2195,2,Tom II,Rozdział XIX,Rzeczowniki,Książki I pisownia,Adjective,Przymiotnik,,
2196,2,Tom II,Rozdział XIX,Rzeczowniki,Książki I pisownia,Adverb,Przysłówek,,
2197,2,Tom II,Rozdział XIX,Rzeczowniki,Książki I pisownia,Chapter,Rozdział,,
2198,2,Tom II,Rozdział XIX,Rzeczowniki,Książki I pisownia,Noun,Rzeczownik,,
2199,2,Tom II,Rozdział XIX,Rzeczowniki,Książki I pisownia,Vocabulary,Słownictwo,,
2200,2,Tom II,Rozdział XIX,Rzeczowniki,Książki I pisownia,Dictionary,Słownik,,
2201,2,Tom II,Rozdział XIX,Rzeczowniki,Książki I pisownia,Page,Strona (w książce),,
2202,2,Tom II,Rozdział XIX,Rzeczowniki,Książki I pisownia,Translation,Tłumaczenie; przekład,,
2203,2,Tom II,Rozdział XIX,Rzeczowniki,Książki I pisownia,Title,Tytuł,,
2204,2,Tom II,Rozdział XIX,Rzeczowniki,Książki I pisownia,Publication,Publikacja,,
2205,2,Tom II,Rozdział XIX,Rzeczowniki,Książki I pisownia,Encyclopedia,Encyklopedia,,
2206,2,Tom II,Rozdział XIX,Rzeczowniki,Geografia,Africa,Afryka,,
2207,2,Tom II,Rozdział XIX,Rzeczowniki,Geografia,South america,Ameryka południowa,,
2208,2,Tom II,Rozdział XIX,Rzeczowniki,Geografia,North america,Ameryka północna,,
2209,2,Tom II,Rozdział XIX,Rzeczowniki,Geografia,Sand,Piasek,,
2210,2,Tom II,Rozdział XIX,Rzeczowniki,Geografia,Antarctica,Antarktyda,,
2211,2,Tom II,Rozdział XIX,Rzeczowniki,Geografia,Australia,Australia (kontynent),,
2212,2,Tom II,Rozdział XIX,Rzeczowniki,Geografia,Asia,Azja,,
2213,2,Tom II,Rozdział XIX,Rzeczowniki,Geografia,Europe,Europa,,
2214,2,Tom II,Rozdział XIX,Rzeczowniki,Geografia,Geography,Geografia,,
2215,2,Tom II,Rozdział XIX,Rzeczowniki,Geografia,Direction,Kierunek,,
2216,2,Tom II,Rozdział XIX,Rzeczowniki,Geografia,Ocean,Ocean,,
2217,2,Tom II,Rozdział XIX,Rzeczowniki,Geografia,South,Południe (kierunek),,
2218,2,Tom II,Rozdział XIX,Rzeczowniki,Geografia,North,Północ,,
2219,2,Tom II,Rozdział XIX,Rzeczowniki,Geografia,East,Wschód,,
2220,2,Tom II,Rozdział XIX,Rzeczowniki,Geografia,West,Zachód,,
2221,2,Tom II,Rozdział XIX,Przymiotniki,Sukces,Famous,Słynny; sławny,,
2222,2,Tom II,Rozdział XIX,Przymiotniki,Sukces,Special,Specjalny; wyjątkowy,,
2223,2,Tom II,Rozdział XIX,Przymiotniki,Sukces,Wealthy,Zamożny,,
2224,2,Tom II,Rozdział XIX,Przymiotniki,Sukces,Exciting,Ekscytujący,,
2225,2,Tom II,Rozdział XIX,Przymiotniki,Sukces,Fascinating,Fascynujący,,
2226,2,Tom II,Rozdział XIX,Przymiotniki,Sukces,Brilliant,Genialny (jak coś świetnie wymyśliłeś); błyskotliwy,,
2227,2,Tom II,Rozdział XIX,Przymiotniki,Sukces,Ideal,Idealny,,
2228,2,Tom II,Rozdział XIX,Przymiotniki,Sukces,Greatest,Najwspanialszy,,
2229,2,Tom II,Rozdział XIX,Przymiotniki,Sukces,Unbelievable,Nie do wiary; niewiarygodny,,
2230,2,Tom II,Rozdział XIX,Przymiotniki,Sukces,Incredible,Niewiarygodny; niesamowity,,
2231,2,Tom II,Rozdział XIX,Przymiotniki,Sukces,Excellent,Znakomity; doskonały; wspaniały,,
2232,2,Tom II,Rozdział XIX,Przymiotniki,Sukces,Wonderful,Wspaniały; cudowny,,
2233,2,Tom II,Rozdział XIX,Przymiotniki,Sukces,Well-educated,Dobrze wykształcony,,
2234,2,Tom II,Rozdział XIX,Przymiotniki,Sukces,Best-known,Najsłynniejszy,,
2235,2,Tom II,Rozdział XIX,Przymiotniki,Sukces,Successful,Odnoszący sukcesy; udany,,
2236,2,Tom II,Rozdział XIX,Rzeczowniki,Gdy musisz coś zmierzyć,Centimeter,Centymetr,,
2237,2,Tom II,Rozdział XIX,Rzeczowniki,Gdy musisz coś zmierzyć,Gram,Gram,,
2238,2,Tom II,Rozdział XIX,Rzeczowniki,Gdy musisz coś zmierzyć,Group,Grupa,,
2239,2,Tom II,Rozdział XIX,Rzeczowniki,Gdy musisz coś zmierzyć,Piece,Kawałek; część,,
2240,2,Tom II,Rozdział XIX,Rzeczowniki,Gdy musisz coś zmierzyć,Kilogram,Kilogram,,
2241,2,Tom II,Rozdział XIX,Rzeczowniki,Gdy musisz coś zmierzyć,Kilometer,Kilometr,,
2242,2,Tom II,Rozdział XIX,Rzeczowniki,Gdy musisz coś zmierzyć,Liter,Litr,,
2243,2,Tom II,Rozdział XIX,Rzeczowniki,Gdy musisz coś zmierzyć,Meter,Metr,,
2244,2,Tom II,Rozdział XIX,Rzeczowniki,Gdy musisz coś zmierzyć,Speed,Prędkość,,
2245,2,Tom II,Rozdział XIX,Rzeczowniki,Gdy musisz coś zmierzyć,Size,Rozmiar,,
2246,2,Tom II,Rozdział XIX,Rzeczowniki,Gdy musisz coś zmierzyć,Set,Zestaw,,
2247,2,Tom II,Rozdział XIX,Rzeczowniki,Gdy musisz coś zmierzyć,Pressure,Ciśnienie,,
2248,2,Tom II,Rozdział XIX,Rzeczowniki,Gdy musisz coś zmierzyć,Dose,Dawka,,
2249,2,Tom II,Rozdział XIX,Rzeczowniki,Gdy musisz coś zmierzyć,Limit,Granica (liczba),,
2250,2,Tom II,Rozdział XIX,Rzeczowniki,Gdy musisz coś zmierzyć,Calorie,Kaloria,,
2251,2,Tom II,Rozdział XX,Rzeczowniki,Unikać,Anger,Gniew; złość,,
2252,2,Tom II,Rozdział XX,Rzeczowniki,Unikać,Narcotics,Narkotyki,,
2253,2,Tom II,Rozdział XX,Rzeczowniki,Unikać,Lie,Kłamstwo,,
2254,2,Tom II,Rozdział XX,Rzeczowniki,Unikać,Trouble,Kłopot,,
2255,2,Tom II,Rozdział XX,Rzeczowniki,Unikać,Tear,Łza,,
2256,2,Tom II,Rozdział XX,Rzeczowniki,Unikać,Hate,Nienawiść,,
2257,2,Tom II,Rozdział XX,Rzeczowniki,Unikać,Bad luck,Pech,,
2258,2,Tom II,Rozdział XX,Rzeczowniki,Unikać,Cry,Płacz; wołanie (o pomoc),,
2259,2,Tom II,Rozdział XX,Rzeczowniki,Unikać,Sorrow,Zasmucenie; przygnębienie,,
2260,2,Tom II,Rozdział XX,Rzeczowniki,Unikać,Fear,Strach,,
2261,2,Tom II,Rozdział XX,Rzeczowniki,Unikać,Shock,Szok,,
2262,2,Tom II,Rozdział XX,Rzeczowniki,Unikać,Fault,Wina (kiedy ktoś coś zrobił źle),,
2263,2,Tom II,Rozdział XX,Rzeczowniki,Unikać,Burnout,Wypalenie (przemęczenie),,
2264,2,Tom II,Rozdział XX,Rzeczowniki,Unikać,Aggression,Agresja,,
2265,2,Tom II,Rozdział XX,Rzeczowniki,Unikać,Suffering,Cierpienie,,
2266,2,Tom II,Rozdział XX,Zabronione,Wulgaryzmy 6,Arse,Dupa,,
2267,2,Tom II,Rozdział XX,Zabronione,Wulgaryzmy 6,Dumbass,Debil,,
2268,2,Tom II,Rozdział XX,Zabronione,Wulgaryzmy 6,Fucktard,Pierdolony debil,,
2269,2,Tom II,Rozdział XX,Zabronione,Wulgaryzmy 6,Prat,Debil,,
2270,2,Tom II,Rozdział XX,Zabronione,Wulgaryzmy 6,Scum,"Szmaciarz, lump",,
2271,2,Tom II,Rozdział XX,Zabronione,Wulgaryzmy 6,Do the dick move,Zrobić coś skurwysyńskiego,,
2272,2,Tom II,Rozdział XX,Zabronione,Wulgaryzmy 6,Assbag,Idiota,,
2273,2,Tom II,Rozdział XX,Zabronione,Wulgaryzmy 6,Shlong,Kutanga,,
2274,2,Tom II,Rozdział XX,Zabronione,Wulgaryzmy 6,Prick,Fiut,,
2275,2,Tom II,Rozdział XX,Zabronione,Wulgaryzmy 6,Weenie,Fiutek,,
2276,2,Tom II,Rozdział XX,Przysłówki,Kierunek,Along,Wzdłuż,,
2277,2,Tom II,Rozdział XX,Przysłówki,Kierunek,Around,Wokół,,
2278,2,Tom II,Rozdział XX,Przysłówki,Kierunek,Back,Z powrotem,,
2279,2,Tom II,Rozdział XX,Przysłówki,Kierunek,Down,Na dole; w dół,,
2280,2,Tom II,Rozdział XX,Przysłówki,Kierunek,Into,Do środka; na kogoś (np. Wpaść),,
2281,2,Tom II,Rozdział XX,Przysłówki,Kierunek,Out of,Poza,,
2282,2,Tom II,Rozdział XX,Przysłówki,Kierunek,Over,Przez (Iść); na drugą stronę,,
2283,2,Tom II,Rozdział XX,Przysłówki,Kierunek,Round,Wokół; dookoła,,
2284,2,Tom II,Rozdział XX,Przysłówki,Kierunek,Straight,Prosto,,
2285,2,Tom II,Rozdział XX,Przysłówki,Kierunek,Through,Przez (np. Pomieszczenie),,
2286,2,Tom II,Rozdział XX,Przysłówki,Kierunek,Ahead,"Dalej (do przodu); przed (kimś,czymś)",,
2287,2,Tom II,Rozdział XX,Przysłówki,Kierunek,Forth,Naprzód,,
2288,2,Tom II,Rozdział XX,Przysłówki,Kierunek,Towards,W kierunku,,
2289,2,Tom II,Rozdział XX,Przysłówki,Kierunek,Upstairs,Na górę; u góry (tylko w budynkach),,
2290,2,Tom II,Rozdział XX,Zabronione,Człowiek jest piękny,Goddess,Bogini,,
2291,2,Tom II,Rozdział XX,Zabronione,Człowiek jest piękny,Head turner,"Ktoś, kto przyciąga wzrok",,
2292,2,Tom II,Rozdział XX,Zabronione,Człowiek jest piękny,Looker,Pięknisia (old-school),,
2293,2,Tom II,Rozdział XX,Zabronione,Człowiek jest piękny,Adorable,Urocza,,
2294,2,Tom II,Rozdział XX,Zabronione,Człowiek jest piękny,Appealing,Atrakcyjna,,
2295,2,Tom II,Rozdział XX,Zabronione,Człowiek jest piękny,Breathtaking,Zapierający dech w piersiach,,
2296,2,Tom II,Rozdział XX,Zabronione,Człowiek jest piękny,Delightful,Rozkoszny,,
2297,2,Tom II,Rozdział XX,Zabronione,Człowiek jest piękny,Divine,Boska,,
2298,2,Tom II,Rozdział XX,Zabronione,Człowiek jest piękny,Dreamy,Jak ze snu,,
2299,2,Tom II,Rozdział XX,Zabronione,Człowiek jest piękny,Eye-candy,Uczta dla oczu,,
2300,2,Tom II,Rozdział XX,Phrasale,Szybcy I wściekli,Fill up,Nalewać; zatankować do pełna,,
2301,2,Tom II,Rozdział XX,Phrasale,Szybcy I wściekli,Get in,Wsiadać (do samochodu),,
2302,2,Tom II,Rozdział XX,Phrasale,Szybcy I wściekli,Drive off,Odjechać,,
2303,2,Tom II,Rozdział XX,Phrasale,Szybcy I wściekli,Get out,Wysiadać (z samochodu),,
2304,2,Tom II,Rozdział XX,Phrasale,Szybcy I wściekli,Pick up,Podjechać po kogoś,,
2305,2,Tom II,Rozdział XX,Phrasale,Szybcy I wściekli,Pull out,Wyjeżdżać (z miejsca postoju); wjeżdżać na drogę,,
2306,2,Tom II,Rozdział XX,Phrasale,Szybcy I wściekli,Pull up,Zatrzymać się (samochodem),,
2307,2,Tom II,Rozdział XX,Phrasale,Szybcy I wściekli,Slow down,Zwolnić,,
2308,2,Tom II,Rozdział XX,Phrasale,Szybcy I wściekli,Speed up,Przyspieszać,,
2309,2,Tom II,Rozdział XX,Phrasale,Szybcy I wściekli,Turn off,Skręcić (z drogi),,
2310,2,Tom II,Rozdział XX,Rzeczowniki,Dolegliwości,Allergy,Alergia,,
2311,2,Tom II,Rozdział XX,Rzeczowniki,Dolegliwości,Antibiotic,Antybiotyk,,
2312,2,Tom II,Rozdział XX,Rzeczowniki,Dolegliwości,Examination,Badanie (również lekarskie),,
2313,2,Tom II,Rozdział XX,Rzeczowniki,Dolegliwości,Bandage,Bandaż,,
2314,2,Tom II,Rozdział XX,Rzeczowniki,Dolegliwości,Stomach ache,Ból żołądka,,
2315,2,Tom II,Rozdział XX,Rzeczowniki,Dolegliwości,Sickness,Choroba,,
2316,2,Tom II,Rozdział XX,Rzeczowniki,Dolegliwości,Illness,Choroba (uczucie bycia chorym),,
2317,2,Tom II,Rozdział XX,Rzeczowniki,Dolegliwości,Flu,Grypa,,
2318,2,Tom II,Rozdział XX,Rzeczowniki,Dolegliwości,Clinic,Klinika,,
2319,2,Tom II,Rozdział XX,Rzeczowniki,Dolegliwości,Nightmare,Koszmar,,
2320,2,Tom II,Rozdział XX,Rzeczowniki,Dolegliwości,Drug,Lek; narkotyk,,
2321,2,Tom II,Rozdział XX,Rzeczowniki,Dolegliwości,Symptom,Objaw,,
2322,2,Tom II,Rozdział XX,Rzeczowniki,Dolegliwości,Operation,Operacja,,
2323,2,Tom II,Rozdział XX,Rzeczowniki,Dolegliwości,Patient,Pacjent,,
2324,2,Tom II,Rozdział XX,Rzeczowniki,Dolegliwości,Band-aid,Plaster,,
2325,2,Tom II,Rozdział XX,Rzeczowniki,Szkoła,Academy,Akademia,,
2326,2,Tom II,Rozdział XX,Rzeczowniki,Szkoła,Biology,Biologia,,
2327,2,Tom II,Rozdział XX,Rzeczowniki,Szkoła,Bell,Dzwonek; dzwon,,
2328,2,Tom II,Rozdział XX,Rzeczowniki,Szkoła,Behavior,Zachowanie,,
2329,2,Tom II,Rozdział XX,Rzeczowniki,Szkoła,Discussion,Dyskusja,,
2330,2,Tom II,Rozdział XX,Rzeczowniki,Szkoła,History,Historia,,
2331,2,Tom II,Rozdział XX,Rzeczowniki,Szkoła,Institute,Instytut,,
2332,2,Tom II,Rozdział XX,Rzeczowniki,Szkoła,Class,Klasa,,
2333,2,Tom II,Rozdział XX,Rzeczowniki,Szkoła,Schoolmate,Kolega szkolny,,
2334,2,Tom II,Rozdział XX,Rzeczowniki,Szkoła,Classmate,Kolega z klasy,,
2335,2,Tom II,Rozdział XX,Rzeczowniki,Szkoła,Course,Kurs; tor; przedmiot na studiach,,
2336,2,Tom II,Rozdział XX,Rzeczowniki,Szkoła,High school,Liceum,,
2337,2,Tom II,Rozdział XX,Rzeczowniki,Szkoła,Ruler,Linijka,,
2338,2,Tom II,Rozdział XX,Rzeczowniki,Szkoła,Campus,Miasteczko uniwersyteckie; kampus,,
2339,2,Tom II,Rozdział XX,Rzeczowniki,Szkoła,Note,Notatka,,
2340,2,Tom II,Rozdział XX,Skróty,Orientuj się,Apt.,M. (mieszkanie),,
2341,2,Tom II,Rozdział XX,Skróty,Orientuj się,Ave,Al. (aleja),,
2342,2,Tom II,Rozdział XX,Skróty,Orientuj się,Blvd,Bulwar (skrót),,
2343,2,Tom II,Rozdział XX,Skróty,Orientuj się,Dept,Oddział (skrót),,
2344,2,Tom II,Rozdział XX,Skróty,Orientuj się,E,Wsch.,,
2345,2,Tom II,Rozdział XX,Skróty,Orientuj się,N,Pn.,,
2346,2,Tom II,Rozdział XX,Skróty,Orientuj się,S,Pd.,,
2347,2,Tom II,Rozdział XX,Skróty,Orientuj się,St.,Ul.,,
2348,2,Tom II,Rozdział XX,Skróty,Orientuj się,W,Zach.,,
2349,2,Tom II,Rozdział XX,Skróty,Orientuj się,Apt.,M. (mieszkanie),,
2350,2,Tom II,Rozdział XX,Przymiotniki,Pogoda,Dry,Suchy,,
2351,2,Tom II,Rozdział XX,Przymiotniki,Pogoda,Rainy,Deszczowy,,
2352,2,Tom II,Rozdział XX,Przymiotniki,Pogoda,Icy,Lodowaty,,
2353,2,Tom II,Rozdział XX,Przymiotniki,Pogoda,Bright,Jasny (np. Światło),,
2354,2,Tom II,Rozdział XX,Przymiotniki,Pogoda,Cloudy,Pochmurny,,
2355,2,Tom II,Rozdział XX,Przymiotniki,Pogoda,Sunny,Słoneczny,,
2356,2,Tom II,Rozdział XX,Przymiotniki,Pogoda,Snowy,Śnieżny,,
2357,2,Tom II,Rozdział XX,Przymiotniki,Pogoda,Windy,Wietrzny,,
2358,2,Tom II,Rozdział XX,Przymiotniki,Pogoda,Frozen,Mrożony; zamarznięty,,
2359,2,Tom II,Rozdział XX,Przymiotniki,Pogoda,Foggy,Mglisty,,
2360,2,Tom II,Rozdział XX,Przymiotniki,Pogoda,Sandy,Piaszczysty,,
2361,2,Tom II,Rozdział XX,Przymiotniki,Pogoda,Summer,Letni (na porę roku),,
2362,2,Tom II,Rozdział XX,Przymiotniki,Pogoda,Autumn,Jesienny,,
2363,2,Tom II,Rozdział XX,Przymiotniki,Pogoda,Winter,Zimowy (na porę roku),,
2364,2,Tom II,Rozdział XX,Przymiotniki,Pogoda,Spring,Wiosenny (w odniesieniu do pory roku),,
2365,2,Tom II,Rozdział XX,Rzeczowniki,Sprzęt elektroniczny,Coffee maker,Ekspres do kawy,,
2366,2,Tom II,Rozdział XX,Rzeczowniki,Sprzęt elektroniczny,Stove,Kuchenka,,
2367,2,Tom II,Rozdział XX,Rzeczowniki,Sprzęt elektroniczny,Player,Odtwarzacz,,
2368,2,Tom II,Rozdział XX,Rzeczowniki,Sprzęt elektroniczny,Oven,Piekarnik,,
2369,2,Tom II,Rozdział XX,Rzeczowniki,Sprzęt elektroniczny,Remote control,Pilot do telewizora,,
2370,2,Tom II,Rozdział XX,Rzeczowniki,Sprzęt elektroniczny,Robot,Robot,,
2371,2,Tom II,Rozdział XX,Rzeczowniki,Sprzęt elektroniczny,Socket,Gniazdko (elektryczne),,
2372,2,Tom II,Rozdział XX,Rzeczowniki,Sprzęt elektroniczny,Cable,Kabel; kablówka,,
2373,2,Tom II,Rozdział XX,Rzeczowniki,Sprzęt elektroniczny,Videotape,Kaseta wideo,,
2374,2,Tom II,Rozdział XX,Rzeczowniki,Sprzęt elektroniczny,Console,Konsola,,
2375,2,Tom II,Rozdział XX,Rzeczowniki,Sprzęt elektroniczny,Stereo,Wieża (odtwarzacz),,
2376,2,Tom II,Rozdział XX,Rzeczowniki,Sprzęt elektroniczny,Plug,Wtyczka,,
2377,2,Tom II,Rozdział XX,Rzeczowniki,Sprzęt elektroniczny,Freezer,Zamrażarka,,
2378,2,Tom II,Rozdział XX,Rzeczowniki,Sprzęt elektroniczny,Dishwasher,Zmywarka,,
2379,2,Tom II,Rozdział XX,Rzeczowniki,Sprzęt elektroniczny,Mixer,Mikser,,
2380,2,Tom II,Rozdział XX,Przysłówki,Przysłówki 2,Anymore,"Już (więcej, dłużej)",,
2381,2,Tom II,Rozdział XX,Przysłówki,Przysłówki 2,About,"O (kimś, czymś)",,
2382,2,Tom II,Rozdział XX,Przysłówki,Przysłówki 2,Almost,Prawie,,
2383,2,Tom II,Rozdział XX,Przysłówki,Przysłówki 2,Also,Także; również,,
2384,2,Tom II,Rozdział XX,Przysłówki,Przysłówki 2,Apart,Osobno,,
2385,2,Tom II,Rozdział XX,Przysłówki,Przysłówki 2,Actually,Właściwie; akurat,,
2386,2,Tom II,Rozdział XX,Przysłówki,Przysłówki 2,Probably,Prawdopodobnie,,
2387,2,Tom II,Rozdział XX,Przysłówki,Przysłówki 2,Especially,Szczególnie; zwłaszcza,,
2388,2,Tom II,Rozdział XX,Przysłówki,Przysłówki 2,Only,"Zaledwie, właśnie",,
2389,2,Tom II,Rozdział XX,Przysłówki,Przysłówki 2,Only,Tylko,,
2390,2,Tom II,Rozdział XX,Przysłówki,Przysłówki 2,Possibly,Możliwie; być może,,
2391,2,Tom II,Rozdział XX,Przysłówki,Przysłówki 2,Further,Dalej,,
2392,2,Tom II,Rozdział XX,Przysłówki,Przysłówki 2,Nearly,Prawie; niemal,,
2393,2,Tom II,Rozdział XX,Przysłówki,Przysłówki 2,Normally,Normalnie; standardowo,,
2394,2,Tom II,Rozdział XX,Przysłówki,Przysłówki 2,At least,Przynajmniej; co najmniej,,
2395,2,Tom III,Rozdział XXI,Phrasale,Ruch,Bring back,Przynieść coś z powrotem; oddać,,
2396,2,Tom III,Rozdział XXI,Phrasale,Ruch,Clear sth away,Usunąc z drogi; uprzątnąć,,
2397,2,Tom III,Rozdział XXI,Phrasale,Ruch,Go away,Wyjechać; pójść sobie,,
2398,2,Tom III,Rozdział XXI,Phrasale,Ruch,Lie down,Położyć się; kłaść się,,
2399,2,Tom III,Rozdział XXI,Phrasale,Ruch,Stand up,Wstać (stanąć prosto),,
2400,2,Tom III,Rozdział XXI,Phrasale,Ruch,Work out,Ćwiczyć fizycznie,,
2401,2,Tom III,Rozdział XXI,Phrasale,Ruch,Move in,Wprowadzić się,,
2402,2,Tom III,Rozdział XXI,Phrasale,Ruch,Move out,Wyprowadzić się,,
2403,2,Tom III,Rozdział XXI,Phrasale,Ruch,Step on,Nadepnąć na,,
2404,2,Tom III,Rozdział XXI,Phrasale,Ruch,Turn around,Odwrócić się; obrócić się,,
2405,2,Tom III,Rozdział XXI,Rzeczowniki,Wieś,Cage,Klatka,,
2406,2,Tom III,Rozdział XXI,Rzeczowniki,Wieś,Village,Wioska; wieś,,
2407,2,Tom III,Rozdział XXI,Rzeczowniki,Wieś,Farmer,Rolnik,,
2408,2,Tom III,Rozdział XXI,Rzeczowniki,Wieś,Ground,Grunt; ziemia,,
2409,2,Tom III,Rozdział XXI,Rzeczowniki,Wieś,Farm,Farma; gospodarstwo rolne,,
2410,2,Tom III,Rozdział XXI,Rzeczowniki,Wieś,Farming,Rolnictwo,,
2411,2,Tom III,Rozdział XXI,Rzeczowniki,Wieś,Countryside,Wieś (obszar),,
2412,2,Tom III,Rozdział XXI,Rzeczowniki,Wieś,Cowboy,Kowboj,,
2413,2,Tom III,Rozdział XXI,Rzeczowniki,Wieś,Soil,Gleba,,
2414,2,Tom III,Rozdział XXI,Rzeczowniki,Wieś,Village festival,Festyn wiejski,,
2415,2,Tom III,Rozdział XXI,Rzeczowniki,Wieś,Villager,Mieszkaniec wioski,,
2416,2,Tom III,Rozdział XXI,Rzeczowniki,Wieś,Tractor,Traktor,,
2417,2,Tom III,Rozdział XXI,Rzeczowniki,Wieś,Wheat,Pszenica,,
2418,2,Tom III,Rozdział XXI,Rzeczowniki,Wieś,Agrotourism,Agroturystyka,,
2419,2,Tom III,Rozdział XXI,Rzeczowniki,Wieś,Horseshoe,Podkowa,,
2420,2,Tom III,Rozdział XXI,Rzeczowniki,Nauki ścisłe,Half,Połowa,,
2421,2,Tom III,Rozdział XXI,Rzeczowniki,Nauki ścisłe,Argument,Argument,,
2422,2,Tom III,Rozdział XXI,Rzeczowniki,Nauki ścisłe,Pair,Para (coś złożonego z dwóch odpowiadających sobie kawałków),,
2423,2,Tom III,Rozdział XXI,Rzeczowniki,Nauki ścisłe,Action,Akcja,,
2424,2,Tom III,Rozdział XXI,Rzeczowniki,Nauki ścisłe,Chemistry,Chemia,,
2425,2,Tom III,Rozdział XXI,Rzeczowniki,Nauki ścisłe,Physics,Fizyka,,
2426,2,Tom III,Rozdział XXI,Rzeczowniki,Nauki ścisłe,Maximum,Maksimum,,
2427,2,Tom III,Rozdział XXI,Rzeczowniki,Nauki ścisłe,Mathematics,Matematyka,,
2428,2,Tom III,Rozdział XXI,Rzeczowniki,Nauki ścisłe,Minimum,Minimum,,
2429,2,Tom III,Rozdział XXI,Rzeczowniki,Nauki ścisłe,Science,Nauka,,
2430,2,Tom III,Rozdział XXI,Rzeczowniki,Nauki ścisłe,Example,Przykład,,
2431,2,Tom III,Rozdział XXI,Rzeczowniki,Nauki ścisłe,Solution,Rozwiązanie,,
2432,2,Tom III,Rozdział XXI,Rzeczowniki,Nauki ścisłe,Reaction,Reakcja,,
2433,2,Tom III,Rozdział XXI,Rzeczowniki,Nauki ścisłe,Expert,Ekspert,,
2434,2,Tom III,Rozdział XXI,Rzeczowniki,Nauki ścisłe,Function,Funkcja,,
2435,2,Tom III,Rozdział XXI,Czasowniki,Społeczeństwo,Marry,Poślubić,,
2436,2,Tom III,Rozdział XXI,Czasowniki,Społeczeństwo,Celebrate,Świętować,,
2437,2,Tom III,Rozdział XXI,Czasowniki,Społeczeństwo,Admit,"Przyjmować (np. Do szpitala, na uczelnię)",,
2438,2,Tom III,Rozdział XXI,Czasowniki,Społeczeństwo,Attend,Uczęszczać,,
2439,2,Tom III,Rozdział XXI,Czasowniki,Społeczeństwo,Follow,"Stosować się (do poleceń, wskazówek)",,
2440,2,Tom III,Rozdział XXI,Czasowniki,Społeczeństwo,Gather,"Gromadzić; zbierać (ludzi, przedmioty)",,
2441,2,Tom III,Rozdział XXI,Czasowniki,Społeczeństwo,Lead,Prowadzić; przewodzić,,
2442,2,Tom III,Rozdział XXI,Czasowniki,Społeczeństwo,Participate,Uczestniczyć,,
2443,2,Tom III,Rozdział XXI,Czasowniki,Społeczeństwo,Limit,Ograniczać,,
2444,2,Tom III,Rozdział XXI,Czasowniki,Społeczeństwo,Retire,Iść na emeryturę,,
2445,2,Tom III,Rozdział XXI,Czasowniki,Społeczeństwo,Rule,Rządzić; sprawować władzę,,
2446,2,Tom III,Rozdział XXI,Czasowniki,Społeczeństwo,Support,Wspierać; popierać,,
2447,2,Tom III,Rozdział XXI,Czasowniki,Społeczeństwo,Vote,Głosować,,
2448,2,Tom III,Rozdział XXI,Czasowniki,Społeczeństwo,Act,Występować; grać (jako aktor),,
2449,2,Tom III,Rozdział XXI,Czasowniki,Społeczeństwo,Ban,Zakazywać,,
2450,2,Tom III,Rozdział XXI,Slang,Slang 12,Geek,Kujon; mól książkowy,,
2451,2,Tom III,Rozdział XXI,Slang,Slang 12,Hater,Hejter,,
2452,2,Tom III,Rozdział XXI,Slang,Slang 12,Nerd,"Nerd (kiedyś oferma, dziś bardziej zapaleniec)",,
2453,2,Tom III,Rozdział XXI,Slang,Slang 12,Poser,Pozer,,
2454,2,Tom III,Rozdział XXI,Slang,Slang 12,Boomer,Staruch,,
2455,2,Tom III,Rozdział XXI,Slang,Slang 12,Chicken,Cykor,,
2456,2,Tom III,Rozdział XXI,Slang,Slang 12,Noob,Nowicjusz; zielony,,
2457,2,Tom III,Rozdział XXI,Slang,Slang 12,Cheesy,Tandetny,,
2458,2,Tom III,Rozdział XXI,Slang,Slang 12,Captain obvious,Walić truizmami,,
2459,2,Tom III,Rozdział XXI,Slang,Slang 12,Wannabe,Pozer; kiepski naśladowca,,
2460,2,Tom III,Rozdział XXI,Spójniki,Spójniki 2,With,"Z (kimś, czymś)",,
2461,2,Tom III,Rozdział XXI,Spójniki,Spójniki 2,Without,"Bez (kogoś, czegoś)",,
2462,2,Tom III,Rozdział XXI,Spójniki,Spójniki 2,Next,Następnie; potem,,
2463,2,Tom III,Rozdział XXI,Spójniki,Spójniki 2,First of all,Przede wszystkim,,
2464,2,Tom III,Rozdział XXI,Spójniki,Spójniki 2,Firstly,Po pierwsze,,
2465,2,Tom III,Rozdział XXI,Spójniki,Spójniki 2,Secondly,Po drugie,,
2466,2,Tom III,Rozdział XXI,Spójniki,Spójniki 2,So far,Do teraz; jak na razie,,
2467,2,Tom III,Rozdział XXI,Spójniki,Spójniki 2,Then,Wtedy,,
2468,2,Tom III,Rozdział XXI,Spójniki,Spójniki 2,To sum up,Podsumowując,,
2469,2,Tom III,Rozdział XXI,Spójniki,Spójniki 2,In general,W ogóle; ogólnie; zasadniczo,,
2470,2,Tom III,Rozdział XXI,Phrasale,Higiena I wygląd,Clean oneself up,Umyć się,,
2471,2,Tom III,Rozdział XXI,Phrasale,Higiena I wygląd,Put sth on,Nakładać; zakładać coś (na siebie),,
2472,2,Tom III,Rozdział XXI,Phrasale,Higiena I wygląd,Have on,Mieć coś na sobie; nosić coś,,
2473,2,Tom III,Rozdział XXI,Phrasale,Higiena I wygląd,Look like,Wyglądać jak,,
2474,2,Tom III,Rozdział XXI,Phrasale,Higiena I wygląd,Put on weight,Przytyć,,
2475,2,Tom III,Rozdział XXI,Phrasale,Higiena I wygląd,Take sth off,"Ściągać (np. Buty, ubranie)",,
2476,2,Tom III,Rozdział XXI,Phrasale,Higiena I wygląd,Try sth on,Przymierzyć (ubranie),,
2477,2,Tom III,Rozdział XXI,Phrasale,Higiena I wygląd,Get sth on,Założyć coś (ubranie),,
2478,2,Tom III,Rozdział XXI,Phrasale,Higiena I wygląd,Dress up,Wystroić się,,
2479,2,Tom III,Rozdział XXI,Phrasale,Higiena I wygląd,Dress up as,Przebrać się za,,
2480,2,Tom III,Rozdział XXI,Rzeczowniki,Fantasy,Ghost,Duch,,
2481,2,Tom III,Rozdział XXI,Rzeczowniki,Fantasy,Magic,Magia,,
2482,2,Tom III,Rozdział XXI,Rzeczowniki,Fantasy,Monster,Potwór,,
2483,2,Tom III,Rozdział XXI,Rzeczowniki,Fantasy,Labyrinth,Labirynt,,
2484,2,Tom III,Rozdział XXI,Rzeczowniki,Fantasy,Artifact,Artefakt,,
2485,2,Tom III,Rozdział XXI,Rzeczowniki,Fantasy,Barbarian,Barbarzyńca,,
2486,2,Tom III,Rozdział XXI,Rzeczowniki,Fantasy,White magic,Biała magia,,
2487,2,Tom III,Rozdział XXI,Rzeczowniki,Fantasy,Black magic,Czarna magia,,
2488,2,Tom III,Rozdział XXI,Rzeczowniki,Fantasy,Fantasy,Fantazja,,
2489,2,Tom III,Rozdział XXI,Rzeczowniki,Fantasy,Goblin,Goblin,,
2490,2,Tom III,Rozdział XXI,Rzeczowniki,Fantasy,Hobbit,Hobbit,,
2491,2,Tom III,Rozdział XXI,Rzeczowniki,Fantasy,Kraken,Kraken,,
2492,2,Tom III,Rozdział XXI,Rzeczowniki,Fantasy,Dragon,Smok,,
2493,2,Tom III,Rozdział XXI,Rzeczowniki,Fantasy,Zombie,Zombie,,
2494,2,Tom III,Rozdział XXI,Rzeczowniki,Fantasy,Demon,Demon,,
2495,2,Tom III,Rozdział XXI,Rzeczowniki,Człowiek,Lesbian,Lesbijka,,
2496,2,Tom III,Rozdział XXI,Rzeczowniki,Człowiek,Dreamer,Marzyciel,,
2497,2,Tom III,Rozdział XXI,Rzeczowniki,Człowiek,Mr.,Pan,,
2498,2,Tom III,Rozdział XXI,Rzeczowniki,Człowiek,Mrs.,Pani (kobieta zamężna),,
2499,2,Tom III,Rozdział XXI,Rzeczowniki,Człowiek,Miss,Pani; panienka (kobieta niezamężna),,
2500,2,Tom III,Rozdział XXI,Rzeczowniki,Człowiek,Sex,Płeć (biologiczna),,
2501,2,Tom III,Rozdział XXI,Rzeczowniki,Człowiek,Gender,Płeć (tożsamościowa),,
2502,2,Tom III,Rozdział XXI,Rzeczowniki,Człowiek,Vegan,Weganin,,
2503,2,Tom III,Rozdział XXI,Rzeczowniki,Człowiek,Vegetarian,Wegetarianin,,
2504,2,Tom III,Rozdział XXI,Rzeczowniki,Człowiek,Personality,Osobowość,,
2505,2,Tom III,Rozdział XXI,Rzeczowniki,Człowiek,Genius,Geniusz,,
2506,2,Tom III,Rozdział XXI,Rzeczowniki,Człowiek,Race,Rasa,,
2507,2,Tom III,Rozdział XXI,Rzeczowniki,Człowiek,Perfectionist,Perfekcjonista,,
2508,2,Tom III,Rozdział XXI,Rzeczowniki,Człowiek,Youth,Młodość; młodzież,,
2509,2,Tom III,Rozdział XXI,Rzeczowniki,Człowiek,Old age,Starość,,
2510,2,Tom III,Rozdział XXI,Rzeczowniki,Dom,Housewife,Gospodyni domowa,,
2511,2,Tom III,Rozdział XXI,Rzeczowniki,Dom,Housework,Prace domowe,,
2512,2,Tom III,Rozdział XXI,Rzeczowniki,Dom,Laundry,Pranie,,
2513,2,Tom III,Rozdział XXI,Rzeczowniki,Dom,Hall,Przedpokój,,
2514,2,Tom III,Rozdział XXI,Rzeczowniki,Dom,Stairs,Schody,,
2515,2,Tom III,Rozdział XXI,Rzeczowniki,Dom,Attic,Strych,,
2516,2,Tom III,Rozdział XXI,Rzeczowniki,Dom,Ceiling,Sufit,,
2517,2,Tom III,Rozdział XXI,Rzeczowniki,Dom,Garbage,Śmieci,,
2518,2,Tom III,Rozdział XXI,Rzeczowniki,Dom,Elevator,Winda,,
2519,2,Tom III,Rozdział XXI,Rzeczowniki,Dom,Roommate,Współlokator,,
2520,2,Tom III,Rozdział XXI,Rzeczowniki,Dom,Rent,Czynsz,,
2521,2,Tom III,Rozdział XXI,Rzeczowniki,Dom,Family house,Dom rodzinny,,
2522,2,Tom III,Rozdział XXI,Rzeczowniki,Dom,Corridor,Korytarz,,
2523,2,Tom III,Rozdział XXI,Rzeczowniki,Dom,Dust,Kurz,,
2524,2,Tom III,Rozdział XXI,Rzeczowniki,Dom,Monitoring,Monitoring,,
2525,2,Tom III,Rozdział XXII,Czasowniki,Masterchef,Feed,Karmić,,
2526,2,Tom III,Rozdział XXII,Czasowniki,Masterchef,Fill,Napełniać; wypełniać,,
2527,2,Tom III,Rozdział XXII,Czasowniki,Masterchef,Taste,Smakować (czegoś),,
2528,2,Tom III,Rozdział XXII,Czasowniki,Masterchef,Salt,Solić,,
2529,2,Tom III,Rozdział XXII,Czasowniki,Masterchef,Mix,Miksować; łączyć,,
2530,2,Tom III,Rozdział XXII,Czasowniki,Masterchef,Spread,Rozsmarować,,
2531,2,Tom III,Rozdział XXII,Czasowniki,Masterchef,Bake,Upiec; wypiec; zapiec,,
2532,2,Tom III,Rozdział XXII,Czasowniki,Masterchef,Barbecue,Grillować,,
2533,2,Tom III,Rozdział XXII,Czasowniki,Masterchef,Fry,Smażyć,,
2534,2,Tom III,Rozdział XXII,Czasowniki,Masterchef,Weigh,Ważyć,,
2535,2,Tom III,Rozdział XXII,Czasowniki,Masterchef,Boil,Wrzeć; gotować w wodzie,,
2536,2,Tom III,Rozdział XXII,Czasowniki,Masterchef,Grill,Opiekać,,
2537,2,Tom III,Rozdział XXII,Czasowniki,Masterchef,Pour,Wlewać; polewać; sypać,,
2538,2,Tom III,Rozdział XXII,Czasowniki,Masterchef,Slice,Kroić na plasterki,,
2539,2,Tom III,Rozdział XXII,Czasowniki,Masterchef,Empty,Opróżniać,,
2540,2,Tom III,Rozdział XXII,Przymiotniki,Słaby moment,Afraid,Bojący się (przestraszony),,
2541,2,Tom III,Rozdział XXII,Przymiotniki,Słaby moment,Hurting,Cierpiący,,
2542,2,Tom III,Rozdział XXII,Przymiotniki,Słaby moment,Scared,Przestraszony (bojący się),,
2543,2,Tom III,Rozdział XXII,Przymiotniki,Słaby moment,Furious,Rozwścieczony; wściekły,,
2544,2,Tom III,Rozdział XXII,Przymiotniki,Słaby moment,Thirsty,Spragniony,,
2545,2,Tom III,Rozdział XXII,Przymiotniki,Słaby moment,Mad,Oszalały,,
2546,2,Tom III,Rozdział XXII,Przymiotniki,Słaby moment,Angry,Zły (na coś); wściekły,,
2547,2,Tom III,Rozdział XXII,Przymiotniki,Słaby moment,Exhausted,Wyczerpany; wykończony,,
2548,2,Tom III,Rozdział XXII,Przymiotniki,Słaby moment,Upset,Zasmucony; zmartwiony (że coś się stało),,
2549,2,Tom III,Rozdział XXII,Przymiotniki,Słaby moment,Worried,Zmartwiony; zaniepokojony,,
2550,2,Tom III,Rozdział XXII,Przymiotniki,Słaby moment,Disappointed,Rozczarowany,,
2551,2,Tom III,Rozdział XXII,Przymiotniki,Słaby moment,Panicked,Spanikowany,,
2552,2,Tom III,Rozdział XXII,Przymiotniki,Słaby moment,Distracted,Roztargniony,,
2553,2,Tom III,Rozdział XXII,Przymiotniki,Słaby moment,Embarrassing,Żenujący; kłopotliwy,,
2554,2,Tom III,Rozdział XXII,Przymiotniki,Słaby moment,Offended,Urażony; obrażony,,
2555,2,Tom III,Rozdział XXII,Rzeczowniki,Jedzenie,Nut,Orzech,,
2556,2,Tom III,Rozdział XXII,Rzeczowniki,Jedzenie,Donut,Pączek,,
2557,2,Tom III,Rozdział XXII,Rzeczowniki,Jedzenie,Pie,Placek; ciasto,,
2558,2,Tom III,Rozdział XXII,Rzeczowniki,Jedzenie,Cereal,Płatki śniadaniowe,,
2559,2,Tom III,Rozdział XXII,Rzeczowniki,Jedzenie,Portion,Porcja,,
2560,2,Tom III,Rozdział XXII,Rzeczowniki,Jedzenie,Dish,Potrawa,,
2561,2,Tom III,Rozdział XXII,Rzeczowniki,Jedzenie,Recipe,Przepis (na danie),,
2562,2,Tom III,Rozdział XXII,Rzeczowniki,Jedzenie,Spice,Przyprawa,,
2563,2,Tom III,Rozdział XXII,Rzeczowniki,Jedzenie,Cheesecake,Sernik,,
2564,2,Tom III,Rozdział XXII,Rzeczowniki,Jedzenie,Flavor,Smak (potrawy),,
2565,2,Tom III,Rozdział XXII,Rzeczowniki,Jedzenie,Sauce,Sos,,
2566,2,Tom III,Rozdział XXII,Rzeczowniki,Jedzenie,Spaghetti,Spaghetti,,
2567,2,Tom III,Rozdział XXII,Rzeczowniki,Jedzenie,Pepper,Pieprz,,
2568,2,Tom III,Rozdział XXII,Rzeczowniki,Jedzenie,Sushi,Sushi,,
2569,2,Tom III,Rozdział XXII,Rzeczowniki,Jedzenie,Apple pie,Szarlotka,,
2570,2,Tom III,Rozdział XXII,Skróty,Emocje,Bae,Moja lepsza połowa (skrót),,
2571,2,Tom III,Rozdział XXII,Skróty,Emocje,Gmta,Geniusze myślą podobnie (skrót),,
2572,2,Tom III,Rozdział XXII,Skróty,Emocje,Ifyp,"Wiem, co czujesz (skrót)",,
2573,2,Tom III,Rozdział XXII,Skróty,Emocje,Ily,Kocham cię (skrót),,
2574,2,Tom III,Rozdział XXII,Skróty,Emocje,Imu,Tęsknię za tobą (skrót),,
2575,2,Tom III,Rozdział XXII,Skróty,Emocje,Omdb,Po moim trupie (skrót),,
2576,2,Tom III,Rozdział XXII,Skróty,Emocje,Time,Łzy w moich oczach (skrót),,
2577,2,Tom III,Rozdział XXII,Skróty,Emocje,Wywh,"Szkoda, że cię tu nie ma (skrót)",,
2578,2,Tom III,Rozdział XXII,Skróty,Emocje,Bff,Najlepsi przyjaciele na zawsze (skrót),,
2579,2,Tom III,Rozdział XXII,Skróty,Emocje,H8,Hejt,,
2580,2,Tom III,Rozdział XXII,Rzeczowniki,Kraje,Norwegian,Norweżka; norweg,,
2581,2,Tom III,Rozdział XXII,Rzeczowniki,Kraje,Russia,Rosja,,
2582,2,Tom III,Rozdział XXII,Rzeczowniki,Kraje,Russian,Rosjanka; rosjanin,,
2583,2,Tom III,Rozdział XXII,Rzeczowniki,Kraje,Turkey,Turcja,,
2584,2,Tom III,Rozdział XXII,Rzeczowniki,Kraje,Turkish,Turczynka; turek,,
2585,2,Tom III,Rozdział XXII,Rzeczowniki,Kraje,Hungarian,Węgierka; węgier,,
2586,2,Tom III,Rozdział XXII,Rzeczowniki,Kraje,Hungary,Węgry,,
2587,2,Tom III,Rozdział XXII,Rzeczowniki,Kraje,Austria,Austria,,
2588,2,Tom III,Rozdział XXII,Rzeczowniki,Kraje,Austrian,"Austriaczka, austriak",,
2589,2,Tom III,Rozdział XXII,Rzeczowniki,Kraje,Argentina,Argentyna,,
2590,2,Tom III,Rozdział XXII,Rzeczowniki,Kraje,Argentinian,Argentynka; argentyńczyk,,
2591,2,Tom III,Rozdział XXII,Rzeczowniki,Kraje,Belgium,Belgia,,
2592,2,Tom III,Rozdział XXII,Rzeczowniki,Kraje,Belgian,Belgijka; belg,,
2593,2,Tom III,Rozdział XXII,Rzeczowniki,Kraje,Belarusian,Białorusinka; białorusin,,
2594,2,Tom III,Rozdział XXII,Rzeczowniki,Kraje,Belarus,Białoruś,,
2595,2,Tom III,Rozdział XXII,Rzeczowniki,Części ciała,Finger,Palec,,
2596,2,Tom III,Rozdział XXII,Rzeczowniki,Części ciała,Nail,Paznokieć,,
2597,2,Tom III,Rozdział XXII,Rzeczowniki,Części ciała,Breast,Pierś,,
2598,2,Tom III,Rozdział XXII,Rzeczowniki,Części ciała,Fist,Pięść,,
2599,2,Tom III,Rozdział XXII,Rzeczowniki,Części ciała,Butt,Pupa; tyłek,,
2600,2,Tom III,Rozdział XXII,Rzeczowniki,Części ciała,Ass,Tyłek,,
2601,2,Tom III,Rozdział XXII,Rzeczowniki,Części ciała,Arm,Ramię,,
2602,2,Tom III,Rozdział XXII,Rzeczowniki,Części ciała,Eyelash,Rzęsa,,
2603,2,Tom III,Rozdział XXII,Rzeczowniki,Części ciała,Neck,Szyja; kark,,
2604,2,Tom III,Rozdział XXII,Rzeczowniki,Części ciała,Lip,Warga,,
2605,2,Tom III,Rozdział XXII,Rzeczowniki,Części ciała,Rib,Żebro,,
2606,2,Tom III,Rozdział XXII,Rzeczowniki,Części ciała,Wrist,Nadgarstek,,
2607,2,Tom III,Rozdział XXII,Rzeczowniki,Części ciała,Organ,Narząd,,
2608,2,Tom III,Rozdział XXII,Rzeczowniki,Części ciała,Organism,Organizm,,
2609,2,Tom III,Rozdział XXII,Rzeczowniki,Części ciała,Lung,Płuco,,
2610,2,Tom III,Rozdział XXII,Czasowniki,Sport,Beat,Pokonać; przezwyciężyć,,
2611,2,Tom III,Rozdział XXII,Czasowniki,Sport,Cycle,Jeździć na rowerze,,
2612,2,Tom III,Rozdział XXII,Czasowniki,Sport,Exercise,Ćwiczyć; praktykować,,
2613,2,Tom III,Rozdział XXII,Czasowniki,Sport,Hit,Trafiać,,
2614,2,Tom III,Rozdział XXII,Czasowniki,Sport,Kick,Kopać coś (np. Piłkę),,
2615,2,Tom III,Rozdział XXII,Czasowniki,Sport,Defend,Bronić,,
2616,2,Tom III,Rozdział XXII,Czasowniki,Sport,Train,Trenować,,
2617,2,Tom III,Rozdział XXII,Czasowniki,Sport,Race,Ścigać się,,
2618,2,Tom III,Rozdział XXII,Czasowniki,Sport,Score,Zdobywać punkty; strzelić gola,,
2619,2,Tom III,Rozdział XXII,Czasowniki,Sport,Skate,Jeździć na deskorolce lub łyżwach,,
2620,2,Tom III,Rozdział XXII,Czasowniki,Sport,Ski,Jeździć na nartach,,
2621,2,Tom III,Rozdział XXII,Czasowniki,Sport,Climb,Wspinać się,,
2622,2,Tom III,Rozdział XXII,Czasowniki,Sport,Dive,Nurkować,,
2623,2,Tom III,Rozdział XXII,Czasowniki,Sport,Qualify,Kwalifikować,,
2624,2,Tom III,Rozdział XXII,Czasowniki,Sport,Simulate,Symulować,,
2625,2,Tom III,Rozdział XXII,Zabronione,Najpiękniejsze słowa,Malarky,Brednie; nonsens,,
2626,2,Tom III,Rozdział XXII,Zabronione,Najpiękniejsze słowa,Daffodil,Żonkil,,
2627,2,Tom III,Rozdział XXII,Zabronione,Najpiękniejsze słowa,Riposte,Riposta (szermierka),,
2628,2,Tom III,Rozdział XXII,Zabronione,Najpiękniejsze słowa,Intricate,Zawiły; misterny,,
2629,2,Tom III,Rozdział XXII,Zabronione,Najpiękniejsze słowa,Leisure,Czas wypoczynku,,
2630,2,Tom III,Rozdział XXII,Zabronione,Najpiękniejsze słowa,Junoesque,Posągowy,,
2631,2,Tom III,Rozdział XXII,Zabronione,Najpiękniejsze słowa,Mellow,Rozpływający się w ustach; wyluzowany; spoczko,,
2632,2,Tom III,Rozdział XXII,Zabronione,Najpiękniejsze słowa,Nightingale,Słowik,,
2633,2,Tom III,Rozdział XXII,Zabronione,Najpiękniejsze słowa,Soulmate,Bratnia dusza,,
2634,2,Tom III,Rozdział XXII,Zabronione,Najpiękniejsze słowa,Unicorn,Jednorożec,,
2635,2,Tom III,Rozdział XXII,Spójniki,Przyczyna I skutek,Because of,Z powodu; ponieważ,,
2636,2,Tom III,Rozdział XXII,Spójniki,Przyczyna I skutek,As a result of,Wskutek,,
2637,2,Tom III,Rozdział XXII,Spójniki,Przyczyna I skutek,In case,Na wypadek gdyby,,
2638,2,Tom III,Rozdział XXII,Spójniki,Przyczyna I skutek,In that case,W takim razie,,
2639,2,Tom III,Rozdział XXII,Spójniki,Przyczyna I skutek,In this situation,W tej sytuacji,,
2640,2,Tom III,Rozdział XXII,Spójniki,Przyczyna I skutek,Since,Od (np. Niedzieli); jako że,,
2641,2,Tom III,Rozdział XXII,Spójniki,Przyczyna I skutek,So that,Tak aby,,
2642,2,Tom III,Rozdział XXII,Spójniki,Przyczyna I skutek,The… the,Im… tym,,
2643,2,Tom III,Rozdział XXII,Spójniki,Przyczyna I skutek,Afterwards,Po wszystkim (po robieniu czegoś),,
2644,2,Tom III,Rozdział XXII,Spójniki,Przyczyna I skutek,Due to,Z powodu,,
2645,2,Tom III,Rozdział XXII,Rzeczowniki,Podróże,Tent,Namiot,,
2646,2,Tom III,Rozdział XXII,Rzeczowniki,Podróże,Pyramid,Piramida,,
2647,2,Tom III,Rozdział XXII,Rzeczowniki,Podróże,Overnight stay,Pobyt z noclegiem; nocleg (np. W hotelu),,
2648,2,Tom III,Rozdział XXII,Rzeczowniki,Podróże,Traveler,Podróżnik,,
2649,2,Tom III,Rozdział XXII,Rzeczowniki,Podróże,Tour guide,Przewodnik (osoba),,
2650,2,Tom III,Rozdział XXII,Rzeczowniki,Podróże,Adventure,Przygoda,,
2651,2,Tom III,Rozdział XXII,Rzeczowniki,Podróże,Preparation,Przygotowanie,,
2652,2,Tom III,Rozdział XXII,Rzeczowniki,Podróże,Holiday season,Okres świąteczny,,
2653,2,Tom III,Rozdział XXII,Rzeczowniki,Podróże,Trail,Szlak; ślad,,
2654,2,Tom III,Rozdział XXII,Rzeczowniki,Podróże,Path,Ścieżka,,
2655,2,Tom III,Rozdział XXII,Rzeczowniki,Podróże,Tropics,Tropiki,,
2656,2,Tom III,Rozdział XXII,Rzeczowniki,Podróże,Tourism,Turystyka,,
2657,2,Tom III,Rozdział XXII,Rzeczowniki,Podróże,Suitcase,Walizka,,
2658,2,Tom III,Rozdział XXII,Rzeczowniki,Podróże,Entry,Wstęp,,
2659,2,Tom III,Rozdział XXII,Rzeczowniki,Podróże,Sightseeing,Zwiedzanie,,
2660,2,Tom III,Rozdział XXIII,Rzeczowniki,Zawody,Musician,Muzyk,,
2661,2,Tom III,Rozdział XXIII,Rzeczowniki,Zawody,Chief,Naczelnik; szef,,
2662,2,Tom III,Rozdział XXIII,Rzeczowniki,Zawody,Teacher,Nauczyciel,,
2663,2,Tom III,Rozdział XXIII,Rzeczowniki,Zawody,Gardener,Ogrodnik,,
2664,2,Tom III,Rozdział XXIII,Rzeczowniki,Zawody,Babysitter,Opiekunka,,
2665,2,Tom III,Rozdział XXIII,Rzeczowniki,Zawody,Nurse,Pielęgniarka,,
2666,2,Tom III,Rozdział XXIII,Rzeczowniki,Zawody,Pilot,Pilot,,
2667,2,Tom III,Rozdział XXIII,Rzeczowniki,Zawody,Singer,Piosenkarz; piosenkarka,,
2668,2,Tom III,Rozdział XXIII,Rzeczowniki,Zawody,Writer,Pisarz,,
2669,2,Tom III,Rozdział XXIII,Rzeczowniki,Zawody,Police officer,Policjant,,
2670,2,Tom III,Rozdział XXIII,Rzeczowniki,Zawody,Worker,Pracownik fizyczny,,
2671,2,Tom III,Rozdział XXIII,Rzeczowniki,Zawody,Lawyer,Prawnik,,
2672,2,Tom III,Rozdział XXIII,Rzeczowniki,Zawody,Professor,Profesor,,
2673,2,Tom III,Rozdział XXIII,Rzeczowniki,Zawody,Programmer,Programista,,
2674,2,Tom III,Rozdział XXIII,Rzeczowniki,Zawody,Designer,Projektant,,
2675,2,Tom III,Rozdział XXIII,Przymiotniki,Przymiotniki 9,Sensitive,Wrażliwy,,
2676,2,Tom III,Rozdział XXIII,Przymiotniki,Przymiotniki 9,Cheeky,Bezczelny,,
2677,2,Tom III,Rozdział XXIII,Przymiotniki,Przymiotniki 9,Weird,Dziwaczny; dziwny,,
2678,2,Tom III,Rozdział XXIII,Przymiotniki,Przymiotniki 9,Strange,Dziwny; obcy,,
2679,2,Tom III,Rozdział XXIII,Przymiotniki,Przymiotniki 9,Impatient,Niecierpliwy,,
2680,2,Tom III,Rozdział XXIII,Przymiotniki,Przymiotniki 9,Picky,Wybredny; grymaśny,,
2681,2,Tom III,Rozdział XXIII,Przymiotniki,Przymiotniki 9,Talkative,Gadatliwy,,
2682,2,Tom III,Rozdział XXIII,Przymiotniki,Przymiotniki 9,Shy,Nieśmiały,,
2683,2,Tom III,Rozdział XXIII,Przymiotniki,Przymiotniki 9,Careful,Uważny,,
2684,2,Tom III,Rozdział XXIII,Przymiotniki,Przymiotniki 9,Serious,Poważny,,
2685,2,Tom III,Rozdział XXIII,Przymiotniki,Przymiotniki 9,Stubborn,Uparty,,
2686,2,Tom III,Rozdział XXIII,Przymiotniki,Przymiotniki 9,Busy,Zajęty; pracowity,,
2687,2,Tom III,Rozdział XXIII,Przymiotniki,Przymiotniki 9,Silly,Głupiutki,,
2688,2,Tom III,Rozdział XXIII,Przymiotniki,Przymiotniki 9,Involved,Wplątany; zaangażowany,,
2689,2,Tom III,Rozdział XXIII,Przymiotniki,Przymiotniki 9,Strict,Surowy (np. Człowiek),,
2690,2,Tom III,Rozdział XXIII,Rzeczowniki,It,Post,Post (na forum),,
2691,2,Tom III,Rozdział XXIII,Rzeczowniki,It,Level,Poziom,,
2692,2,Tom III,Rozdział XXIII,Rzeczowniki,It,Program,Program,,
2693,2,Tom III,Rozdział XXIII,Rzeczowniki,It,Desktop,Pulpit,,
2694,2,Tom III,Rozdział XXIII,Rzeczowniki,It,Network,Sieć,,
2695,2,Tom III,Rozdział XXIII,Rzeczowniki,It,Mailbox,Skrzynka e-mail; skrzynka na listy,,
2696,2,Tom III,Rozdział XXIII,Rzeczowniki,It,Spam,Spam,,
2697,2,Tom III,Rozdział XXIII,Rzeczowniki,It,Website,Strona internetowa,,
2698,2,Tom III,Rozdział XXIII,Rzeczowniki,It,System,System,,
2699,2,Tom III,Rozdział XXIII,Rzeczowniki,It,Filter,Filtr,,
2700,2,Tom III,Rozdział XXIII,Rzeczowniki,It,Error,Błąd (skutek tego co zrobiłeś),,
2701,2,Tom III,Rozdział XXIII,Rzeczowniki,It,Setting,Ustawienie; regulacja (urządzenia),,
2702,2,Tom III,Rozdział XXIII,Rzeczowniki,It,Edition,Edycja,,
2703,2,Tom III,Rozdział XXIII,Rzeczowniki,It,Version,Wersja,,
2704,2,Tom III,Rozdział XXIII,Rzeczowniki,It,Profile,Profil,,
2705,2,Tom III,Rozdział XXIII,Zabronione,Słodziak,Boo,Misiu,,
2706,2,Tom III,Rozdział XXIII,Zabronione,Słodziak,Daisy,Kwiatuszek,,
2707,2,Tom III,Rozdział XXIII,Zabronione,Słodziak,Dimples,Dołeczki (w policzkach),,
2708,2,Tom III,Rozdział XXIII,Zabronione,Słodziak,Donut,Pączuś,,
2709,2,Tom III,Rozdział XXIII,Zabronione,Słodziak,Little dove,Gołąbek,,
2710,2,Tom III,Rozdział XXIII,Zabronione,Słodziak,Magical fairy,Czarodziejka,,
2711,2,Tom III,Rozdział XXIII,Zabronione,Słodziak,Miss kitty,Koteczek,,
2712,2,Tom III,Rozdział XXIII,Zabronione,Słodziak,My tiger,Tygrysek,,
2713,2,Tom III,Rozdział XXIII,Zabronione,Słodziak,Pretty lady,Piękna pani,,
2714,2,Tom III,Rozdział XXIII,Zabronione,Słodziak,Rabbit,Zajączek,,
2715,2,Tom III,Rozdział XXIII,Slang,Bibka,Afterparty,Afterek; dozgonniak,,
2716,2,Tom III,Rozdział XXIII,Slang,Bibka,Goof off,Obijać się,,
2717,2,Tom III,Rozdział XXIII,Slang,Bibka,Bash,Impreza; projekt x,,
2718,2,Tom III,Rozdział XXIII,Slang,Bibka,Blast,"Impreza, balanga",,
2719,2,Tom III,Rozdział XXIII,Slang,Bibka,Dead,Opustoszały lokal; koniec imprezy (np. W barze),,
2720,2,Tom III,Rozdział XXIII,Slang,Bibka,Kiki,Posiadówka na ploteczki,,
2721,2,Tom III,Rozdział XXIII,Slang,Bibka,Kiki,Spotkać się na ploteczki,,
2722,2,Tom III,Rozdział XXIII,Slang,Bibka,Booze,Procenty; mocne alko,,
2723,2,Tom III,Rozdział XXIII,Slang,Bibka,Tipsy,Lekko wstawiony,,
2724,2,Tom III,Rozdział XXIII,Slang,Bibka,Vibe,Dobre wibracje; fajny klimat,,
2725,2,Tom III,Rozdział XXIII,Rzeczowniki,Sport,Fan,Fan,,
2726,2,Tom III,Rozdział XXIII,Rzeczowniki,Sport,Club,Klub,,
2727,2,Tom III,Rozdział XXIII,Rzeczowniki,Sport,Basketball,Koszykówka,,
2728,2,Tom III,Rozdział XXIII,Rzeczowniki,Sport,Step,Krok,,
2729,2,Tom III,Rozdział XXIII,Rzeczowniki,Sport,Match,Mecz,,
2730,2,Tom III,Rozdział XXIII,Rzeczowniki,Sport,Skiing,Narciarstwo,,
2731,2,Tom III,Rozdział XXIII,Rzeczowniki,Sport,Ball,Piłka,,
2732,2,Tom III,Rozdział XXIII,Rzeczowniki,Sport,Soccer,Piłka nożna,,
2733,2,Tom III,Rozdział XXIII,Rzeczowniki,Sport,Handball,Piłka ręczna,,
2734,2,Tom III,Rozdział XXIII,Rzeczowniki,Sport,Swimming,Pływanie,,
2735,2,Tom III,Rozdział XXIII,Rzeczowniki,Sport,Loser,Przegrany,,
2736,2,Tom III,Rozdział XXIII,Rzeczowniki,Sport,Ranking,Ranking,,
2737,2,Tom III,Rozdział XXIII,Rzeczowniki,Sport,Volleyball,Siatkówka,,
2738,2,Tom III,Rozdział XXIII,Rzeczowniki,Sport,Gym,Siłownia,,
2739,2,Tom III,Rozdział XXIII,Rzeczowniki,Sport,Snowboard,Snowboard,,
2740,2,Tom III,Rozdział XXIII,Rzeczowniki,Społeczeństwo,Crowd,Tłum,,
2741,2,Tom III,Rozdział XXIII,Rzeczowniki,Społeczeństwo,Administration,Administracja,,
2742,2,Tom III,Rozdział XXIII,Rzeczowniki,Społeczeństwo,Follower,Zwolennik,,
2743,2,Tom III,Rozdział XXIII,Rzeczowniki,Społeczeństwo,Ecology,Ekologia,,
2744,2,Tom III,Rozdział XXIII,Rzeczowniki,Społeczeństwo,Politician,Polityk,,
2745,2,Tom III,Rozdział XXIII,Rzeczowniki,Społeczeństwo,Ambassador,Ambasador,,
2746,2,Tom III,Rozdział XXIII,Rzeczowniki,Społeczeństwo,Police blockade,Blokada policyjna,,
2747,2,Tom III,Rozdział XXIII,Rzeczowniki,Społeczeństwo,Member,Członek,,
2748,2,Tom III,Rozdział XXIII,Rzeczowniki,Społeczeństwo,Volunteer,Ochotnik,,
2749,2,Tom III,Rozdział XXIII,Rzeczowniki,Społeczeństwo,Democracy,Demokracja,,
2750,2,Tom III,Rozdział XXIII,Rzeczowniki,Społeczeństwo,Demonstration,Demonstracja,,
2751,2,Tom III,Rozdział XXIII,Rzeczowniki,Społeczeństwo,Elite,Elita,,
2752,2,Tom III,Rozdział XXIII,Rzeczowniki,Społeczeństwo,Emigrant,Emigrant,,
2753,2,Tom III,Rozdział XXIII,Rzeczowniki,Społeczeństwo,Vote,Głos (np. Wyborczy),,
2754,2,Tom III,Rozdział XXIII,Rzeczowniki,Społeczeństwo,Immigration,Imigracja,,
2755,2,Tom III,Rozdział XXIII,Czasowniki,Złota rączka,Cut,Ciąć,,
2756,2,Tom III,Rozdział XXIII,Czasowniki,Złota rączka,Fix,Naprawiać (również nietechnicznie),,
2757,2,Tom III,Rozdział XXIII,Czasowniki,Złota rączka,Repair,Naprawiać (tylko technicznie),,
2758,2,Tom III,Rozdział XXIII,Czasowniki,Złota rączka,Replace,Wymieniać; zastąpić,,
2759,2,Tom III,Rozdział XXIII,Czasowniki,Złota rączka,Stick,Przyklejać (się); wtykać,,
2760,2,Tom III,Rozdział XXIII,Czasowniki,Złota rączka,Glue,Przyklejać (coś klejem),,
2761,2,Tom III,Rozdział XXIII,Czasowniki,Złota rączka,Tie,Związać; przywiązać (kogoś),,
2762,2,Tom III,Rozdział XXIII,Czasowniki,Złota rączka,Combine,Połączyć,,
2763,2,Tom III,Rozdział XXIII,Czasowniki,Złota rączka,Lower,Zniżać; obniżać,,
2764,2,Tom III,Rozdział XXIII,Czasowniki,Złota rączka,Renew,Odnawiać; przedłużać (członkostwo),,
2765,2,Tom III,Rozdział XXIII,Czasowniki,Złota rączka,Renovate,Remontować; odnawiać (miejsce),,
2766,2,Tom III,Rozdział XXIII,Czasowniki,Złota rączka,Bend,Zagiąć; wyginać,,
2767,2,Tom III,Rozdział XXIII,Czasowniki,Złota rączka,Improve,Ulepszać (się); poprawiać (się),,
2768,2,Tom III,Rozdział XXIII,Czasowniki,Złota rączka,Craft,Wytwarzać (wyprodukować rzemieślniczo),,
2769,2,Tom III,Rozdział XXIII,Czasowniki,Złota rączka,Engineer,Konstruować; majstrować,,
2770,2,Tom III,Rozdział XXIII,Przymiotniki,Przymiotniki 10,Systematic,Systematyczny,,
2771,2,Tom III,Rozdział XXIII,Przymiotniki,Przymiotniki 10,Interested,Zainteresowany,,
2772,2,Tom III,Rozdział XXIII,Przymiotniki,Przymiotniki 10,Emotional,Emocjonalny,,
2773,2,Tom III,Rozdział XXIII,Przymiotniki,Przymiotniki 10,Communicative,Komunikatywny; rozmowny,,
2774,2,Tom III,Rozdział XXIII,Przymiotniki,Przymiotniki 10,Creative,Kreatywny; twórczy,,
2775,2,Tom III,Rozdział XXIII,Przymiotniki,Przymiotniki 10,Magical,Magiczny,,
2776,2,Tom III,Rozdział XXIII,Przymiotniki,Przymiotniki 10,Negative,Negatywny; ujemny,,
2777,2,Tom III,Rozdział XXIII,Przymiotniki,Przymiotniki 10,Loyal,Lojalny,,
2778,2,Tom III,Rozdział XXIII,Przymiotniki,Przymiotniki 10,Positive,Pozytywny; dodatni,,
2779,2,Tom III,Rozdział XXIII,Przymiotniki,Przymiotniki 10,Religious,Religijny,,
2780,2,Tom III,Rozdział XXIII,Przymiotniki,Przymiotniki 10,Moral,Moralny,,
2781,2,Tom III,Rozdział XXIII,Przymiotniki,Przymiotniki 10,Regular,Regularny,,
2782,2,Tom III,Rozdział XXIII,Przymiotniki,Przymiotniki 10,Professional,Profesjonalny,,
2783,2,Tom III,Rozdział XXIII,Przymiotniki,Przymiotniki 10,Realistic,Realistyczny,,
2784,2,Tom III,Rozdział XXIII,Przymiotniki,Przymiotniki 10,Natural,Naturalny,,
2785,2,Tom III,Rozdział XXIII,Rzeczowniki,Rzeczowniki 9,Target,"Cel (obiekt, osoba)",,
2786,2,Tom III,Rozdział XXIII,Rzeczowniki,Rzeczowniki 9,Aim,Cel (zamiar),,
2787,2,Tom III,Rozdział XXIII,Rzeczowniki,Rzeczowniki 9,Process,Proces,,
2788,2,Tom III,Rozdział XXIII,Rzeczowniki,Rzeczowniki 9,Stuff,Rzeczy (np. Moje rzeczy),,
2789,2,Tom III,Rozdział XXIII,Rzeczowniki,Rzeczowniki 9,Condition,Warunek; przypadłość,,
2790,2,Tom III,Rozdział XXIII,Rzeczowniki,Rzeczowniki 9,Change,Zmiana,,
2791,2,Tom III,Rozdział XXIII,Rzeczowniki,Rzeczowniki 9,Source,Źródło,,
2792,2,Tom III,Rozdział XXIII,Rzeczowniki,Rzeczowniki 9,Effect,Działanie (np. Leku); efekt,,
2793,2,Tom III,Rozdział XXIII,Rzeczowniki,Rzeczowniki 9,Compromise,Kompromis,,
2794,2,Tom III,Rozdział XXIII,Rzeczowniki,Rzeczowniki 9,Impact,Wpływ,,
2795,2,Tom III,Rozdział XXIII,Rzeczowniki,Rzeczowniki 9,Similarity,Podobieństwo,,
2796,2,Tom III,Rozdział XXIII,Rzeczowniki,Rzeczowniki 9,Base,Baza; podstawa,,
2797,2,Tom III,Rozdział XXIII,Rzeczowniki,Rzeczowniki 9,Objective,Cel (konkretny krok),,
2798,2,Tom III,Rozdział XXIII,Rzeczowniki,Rzeczowniki 9,Influence,Wpływ (na kogoś),,
2799,2,Tom III,Rozdział XXIII,Rzeczowniki,Rzeczowniki 9,Improvement,Poprawa,,
2800,2,Tom III,Rozdział XXIV,Czasowniki,Komunikacja,Suggest,Sugerować; proponować,,
2801,2,Tom III,Rozdział XXIV,Czasowniki,Komunikacja,Translate,Tłumaczyć (z jednego języka na drugi),,
2802,2,Tom III,Rozdział XXIV,Czasowniki,Komunikacja,Wish,Życzyć; życzyć sobie,,
2803,2,Tom III,Rozdział XXIV,Czasowniki,Komunikacja,Admit,Przyznawać się (często do zrobienia czegoś złego/źle),,
2804,2,Tom III,Rozdział XXIV,Czasowniki,Komunikacja,Chat,Ucinać pogawędkę; czatować,,
2805,2,Tom III,Rozdział XXIV,Czasowniki,Komunikacja,Commit,Zobowiązać się do czegoś; poświęcić się czemuś,,
2806,2,Tom III,Rozdział XXIV,Czasowniki,Komunikacja,Complain,Skarżyć się; narzekać,,
2807,2,Tom III,Rozdział XXIV,Czasowniki,Komunikacja,Confirm,Potwierdzać,,
2808,2,Tom III,Rozdział XXIV,Czasowniki,Komunikacja,Demand,Domagać się; żądać czegoś,,
2809,2,Tom III,Rozdział XXIV,Czasowniki,Komunikacja,Express,Wyrażać,,
2810,2,Tom III,Rozdział XXIV,Czasowniki,Komunikacja,Introduce,Przedstawiać,,
2811,2,Tom III,Rozdział XXIV,Czasowniki,Komunikacja,Recommend,Rekomendować; polecać,,
2812,2,Tom III,Rozdział XXIV,Czasowniki,Komunikacja,Warn,Ostrzegać,,
2813,2,Tom III,Rozdział XXIV,Czasowniki,Komunikacja,Welcome,Witać,,
2814,2,Tom III,Rozdział XXIV,Czasowniki,Komunikacja,Name,Dawać imię; nazywać,,
2815,2,Tom III,Rozdział XXIV,Rzeczowniki,Praca,Job interview,Rozmowa kwalifikacyjna,,
2816,2,Tom III,Rozdział XXIV,Rzeczowniki,Praca,Standard,Standard,,
2817,2,Tom III,Rozdział XXIV,Rzeczowniki,Praca,Contract,Umowa (kontrakt),,
2818,2,Tom III,Rozdział XXIV,Rzeczowniki,Praca,Leave,Urlop,,
2819,2,Tom III,Rozdział XXIV,Rzeczowniki,Praca,Crew,Załoga; ekipa,,
2820,2,Tom III,Rozdział XXIV,Rzeczowniki,Praca,Task,Zadanie,,
2821,2,Tom III,Rozdział XXIV,Rzeczowniki,Praca,Shift,Zmiana (o godzinach pracy),,
2822,2,Tom III,Rozdział XXIV,Rzeczowniki,Praca,Agenda,Agenda (plan działania),,
2823,2,Tom III,Rozdział XXIV,Rzeczowniki,Praca,Resume,Cv,,
2824,2,Tom III,Rozdział XXIV,Rzeczowniki,Praca,Craft,Fach,,
2825,2,Tom III,Rozdział XXIV,Rzeczowniki,Praca,Teammate,Kolega z zespołu,,
2826,2,Tom III,Rozdział XXIV,Rzeczowniki,Praca,Checklist,Lista rzeczy do zrobienia,,
2827,2,Tom III,Rozdział XXIV,Rzeczowniki,Praca,Sick leave,Urlop chorobowy; zwolnienie lekarskie,,
2828,2,Tom III,Rozdział XXIV,Rzeczowniki,Praca,Item,Pozycja (np. Na liście); produkt; rzecz,,
2829,2,Tom III,Rozdział XXIV,Rzeczowniki,Praca,Project,Projekt,,
2830,2,Tom III,Rozdział XXIV,Slang,Podryw,Chad,Samiec alfa,,
2831,2,Tom III,Rozdział XXIV,Slang,Podryw,Fap,Walczyć z krakenem; pięciu na jednego,,
2832,2,Tom III,Rozdział XXIV,Slang,Podryw,Friendzone,"Relacja przyjacielska dwóch osób, gdy jedna liczy na coś więcej",,
2833,2,Tom III,Rozdział XXIV,Slang,Podryw,Go all the way,Pójść na całego,,
2834,2,Tom III,Rozdział XXIV,Slang,Podryw,Have a crush on sb,Być kimś zauroczonym,,
2835,2,Tom III,Rozdział XXIV,Slang,Podryw,Keeper,Świetny materiał na męża/żonę,,
2836,2,Tom III,Rozdział XXIV,Slang,Podryw,Make eyes at sb,Flirtować z kimś,,
2837,2,Tom III,Rozdział XXIV,Slang,Podryw,Sniff test,"Powąchać ciuch, żeby sprawdzić, czy nadaje się do ubrania",,
2838,2,Tom III,Rozdział XXIV,Slang,Podryw,Tralala,Genitalia,,
2839,2,Tom III,Rozdział XXIV,Slang,Podryw,Wingman,"Kumpel, który idzie z tobą na podryw (skrzydłowy)",,
2840,2,Tom III,Rozdział XXIV,Phrasale,Phrasale 1,Bring up,Wychowywać,,
2841,2,Tom III,Rozdział XXIV,Phrasale,Phrasale 1,Care for,Troszczyć się,,
2842,2,Tom III,Rozdział XXIV,Phrasale,Phrasale 1,Give sth back,Oddać,,
2843,2,Tom III,Rozdział XXIV,Phrasale,Phrasale 1,Look after,Opiekować się; przypilnować,,
2844,2,Tom III,Rozdział XXIV,Phrasale,Phrasale 1,Take care of,Sprawować opiekę; zajmować się,,
2845,2,Tom III,Rozdział XXIV,Phrasale,Phrasale 1,Pay sb back,Odpłacić komuś; spłacić,,
2846,2,Tom III,Rozdział XXIV,Phrasale,Phrasale 1,Let sb in,Wpuścić kogoś,,
2847,2,Tom III,Rozdział XXIV,Phrasale,Phrasale 1,Catch up,Nadrobić zaległości (po długiej przerwie od ostatniego spotkania),,
2848,2,Tom III,Rozdział XXIV,Phrasale,Phrasale 1,Live with sb,Mieszkać z kimś,,
2849,2,Tom III,Rozdział XXIV,Phrasale,Phrasale 1,Help out,Pomagać przy czymś,,
2850,2,Tom III,Rozdział XXIV,Rzeczowniki,Geografia,Atmosphere,Atmosfera,,
2851,2,Tom III,Rozdział XXIV,Rzeczowniki,Geografia,Valley,Dolina,,
2852,2,Tom III,Rozdział XXIV,Rzeczowniki,Geografia,Jungle,Dżungla,,
2853,2,Tom III,Rozdział XXIV,Rzeczowniki,Geografia,Wave,Fala,,
2854,2,Tom III,Rozdział XXIV,Rzeczowniki,Geografia,Canal,Kanał,,
2855,2,Tom III,Rozdział XXIV,Rzeczowniki,Geografia,Desert,Pustynia,,
2856,2,Tom III,Rozdział XXIV,Rzeczowniki,Geografia,Rock,Skała,,
2857,2,Tom III,Rozdział XXIV,Rzeczowniki,Geografia,Environment,Środowisko,,
2858,2,Tom III,Rozdział XXIV,Rzeczowniki,Geografia,Territory,Terytorium,,
2859,2,Tom III,Rozdział XXIV,Rzeczowniki,Geografia,Waterfall,Wodospad,,
2860,2,Tom III,Rozdział XXIV,Rzeczowniki,Geografia,Volcano,Wulkan,,
2861,2,Tom III,Rozdział XXIV,Rzeczowniki,Geografia,Altitude,Wysokość nad poziomem morza,,
2862,2,Tom III,Rozdział XXIV,Rzeczowniki,Geografia,Hill,Wzgórze,,
2863,2,Tom III,Rozdział XXIV,Rzeczowniki,Geografia,Globe,Glob,,
2864,2,Tom III,Rozdział XXIV,Rzeczowniki,Geografia,Diet,Dieta,,
2865,2,Tom III,Rozdział XXIV,Rzeczowniki,Dolegliwości,Cold,Przeziębienie,,
2866,2,Tom III,Rozdział XXIV,Rzeczowniki,Dolegliwości,Wound,Rana,,
2867,2,Tom III,Rozdział XXIV,Rzeczowniki,Dolegliwości,Injury,Uraz,,
2868,2,Tom III,Rozdział XXIV,Rzeczowniki,Dolegliwości,Appointment,Umówiona wizyta,,
2869,2,Tom III,Rozdział XXIV,Rzeczowniki,Dolegliwości,Bacteria,Bakteria,,
2870,2,Tom III,Rozdział XXIV,Rzeczowniki,Dolegliwości,Painkiller,Środek przeciwbólowy,,
2871,2,Tom III,Rozdział XXIV,Rzeczowniki,Dolegliwości,Disease,Choroba (kliniczny przypadek),,
2872,2,Tom III,Rozdział XXIV,Rzeczowniki,Dolegliwości,Hiccup,Czkawka,,
2873,2,Tom III,Rozdział XXIV,Rzeczowniki,Dolegliwości,Medication,Lekarstwo; kuracja,,
2874,2,Tom III,Rozdział XXIV,Rzeczowniki,Dolegliwości,Medical care,Opieka medyczna,,
2875,2,Tom III,Rozdział XXIV,Rzeczowniki,Dolegliwości,Cancer,Rak (nowotwór),,
2876,2,Tom III,Rozdział XXIV,Rzeczowniki,Dolegliwości,Scalpel,Skalpel,,
2877,2,Tom III,Rozdział XXIV,Rzeczowniki,Dolegliwości,Therapy,Terapia,,
2878,2,Tom III,Rozdział XXIV,Rzeczowniki,Dolegliwości,Virus,Wirus,,
2879,2,Tom III,Rozdział XXIV,Rzeczowniki,Dolegliwości,Treatment,Zabieg; leczenie,,
2880,2,Tom III,Rozdział XXIV,Czasowniki,Czasowniki 11,Guarantee,Gwarantować coś,,
2881,2,Tom III,Rozdział XXIV,Czasowniki,Czasowniki 11,Ignore,Ignorować; lekceważyć,,
2882,2,Tom III,Rozdział XXIV,Czasowniki,Czasowniki 11,Inspire,Inspirować,,
2883,2,Tom III,Rozdział XXIV,Czasowniki,Czasowniki 11,Motivate,Motywować,,
2884,2,Tom III,Rozdział XXIV,Czasowniki,Czasowniki 11,Observe,Obserwować,,
2885,2,Tom III,Rozdział XXIV,Czasowniki,Czasowniki 11,Organize,Organizować,,
2886,2,Tom III,Rozdział XXIV,Czasowniki,Czasowniki 11,Park,Parkować,,
2887,2,Tom III,Rozdział XXIV,Czasowniki,Czasowniki 11,Practice,Praktykować (np. Medycynę),,
2888,2,Tom III,Rozdział XXIV,Czasowniki,Czasowniki 11,Prefer,Preferować; woleć,,
2889,2,Tom III,Rozdział XXIV,Czasowniki,Czasowniki 11,Produce,Produkować,,
2890,2,Tom III,Rozdział XXIV,Czasowniki,Czasowniki 11,Resign,Rezygnować,,
2891,2,Tom III,Rozdział XXIV,Czasowniki,Czasowniki 11,Test,Testować,,
2892,2,Tom III,Rozdział XXIV,Czasowniki,Czasowniki 11,Tolerate,Tolerować,,
2893,2,Tom III,Rozdział XXIV,Czasowniki,Czasowniki 11,Concentrate,Koncentrować się,,
2894,2,Tom III,Rozdział XXIV,Czasowniki,Czasowniki 11,Identify,Identyfikować; utożsamiać się,,
2895,2,Tom III,Rozdział XXIV,Rzeczowniki,Szkoła,Mark,Ocena; znak,,
2896,2,Tom III,Rozdział XXIV,Rzeczowniki,Szkoła,Handbook,Podręcznik,,
2897,2,Tom III,Rozdział XXIV,Rzeczowniki,Szkoła,Kindergarten,Przedszkole,,
2898,2,Tom III,Rozdział XXIV,Rzeczowniki,Szkoła,Break,Przerwa,,
2899,2,Tom III,Rozdział XXIV,Rzeczowniki,Szkoła,Classroom,Sala lekcyjna,,
2900,2,Tom III,Rozdział XXIV,Rzeczowniki,Szkoła,Elementary school,Szkoła podstawowa (us),,
2901,2,Tom III,Rozdział XXIV,Rzeczowniki,Szkoła,Primary school,Szkoła podstawowa,,
2902,2,Tom III,Rozdział XXIV,Rzeczowniki,Szkoła,College,Szkoła policealna (us),,
2903,2,Tom III,Rozdział XXIV,Rzeczowniki,Szkoła,Board,Tablica,,
2904,2,Tom III,Rozdział XXIV,Rzeczowniki,Szkoła,Subject,Temat; przedmiot; podmiot,,
2905,2,Tom III,Rozdział XXIV,Rzeczowniki,Szkoła,University,Uniwersytet,,
2906,2,Tom III,Rozdział XXIV,Rzeczowniki,Szkoła,Knowledge,Wiedza,,
2907,2,Tom III,Rozdział XXIV,Rzeczowniki,Szkoła,Education,Wykształcenie; edukacja,,
2908,2,Tom III,Rozdział XXIV,Rzeczowniki,Szkoła,Scissors,Nożyczki,,
2909,2,Tom III,Rozdział XXIV,Rzeczowniki,Szkoła,Locker,"Szafka (w szkole, szatni, biurze)",,
2910,2,Tom III,Rozdział XXIV,Rzeczowniki,Dom,Chore,Obowiązek (praca do wykonania),,
2911,2,Tom III,Rozdział XXIV,Rzeczowniki,Dom,Heating,Ogrzewanie,,
2912,2,Tom III,Rozdział XXIV,Rzeczowniki,Dom,Lighting,Oświetlenie,,
2913,2,Tom III,Rozdział XXIV,Rzeczowniki,Dom,Move,Przeprowadzka,,
2914,2,Tom III,Rozdział XXIV,Rzeczowniki,Dom,Bed sheet,Prześcieradło,,
2915,2,Tom III,Rozdział XXIV,Rzeczowniki,Dom,Neighborhood,Sąsiedztwo; okolica,,
2916,2,Tom III,Rozdział XXIV,Rzeczowniki,Dom,Drawer,Szuflada,,
2917,2,Tom III,Rozdział XXIV,Rzeczowniki,Dom,Handle,Uchwyt,,
2918,2,Tom III,Rozdział XXIV,Rzeczowniki,Dom,Fan,Wentylator,,
2919,2,Tom III,Rozdział XXIV,Rzeczowniki,Dom,Hanger,Wieszak,,
2920,2,Tom III,Rozdział XXIV,Rzeczowniki,Dom,Property,Własność; posesja,,
2921,2,Tom III,Rozdział XXIV,Rzeczowniki,Dom,Landlord,Właściciel (np. Wynajmowanego mieszkania),,
2922,2,Tom III,Rozdział XXIV,Rzeczowniki,Dom,Lock,Zamek (w drzwiach),,
2923,2,Tom III,Rozdział XXIV,Rzeczowniki,Dom,Lightbulb,Żarówka,,
2924,2,Tom III,Rozdział XXIV,Rzeczowniki,Dom,Vacuum cleaner,Odkurzacz,,
2925,2,Tom III,Rozdział XXIV,Rzeczowniki,Kraje,Canada,Kanada,,
2926,2,Tom III,Rozdział XXIV,Rzeczowniki,Kraje,Canadian,Kanadyjka; kanadyjczyk,,
2927,2,Tom III,Rozdział XXIV,Rzeczowniki,Kraje,Croatia,Chorwacja,,
2928,2,Tom III,Rozdział XXIV,Rzeczowniki,Kraje,Croat,Chorwatka; chorwat,,
2929,2,Tom III,Rozdział XXIV,Rzeczowniki,Kraje,Denmark,Dania,,
2930,2,Tom III,Rozdział XXIV,Rzeczowniki,Kraje,Danish,Dunka; duńczyk,,
2931,2,Tom III,Rozdział XXIV,Rzeczowniki,Kraje,Finland,Finlandia,,
2932,2,Tom III,Rozdział XXIV,Rzeczowniki,Kraje,Finnish,Fin; finka,,
2933,2,Tom III,Rozdział XXIV,Rzeczowniki,Kraje,Israel,Izrael,,
2934,2,Tom III,Rozdział XXIV,Rzeczowniki,Kraje,Israeli,Izraelka; izraelczyk,,
2935,2,Tom III,Rozdział XXIV,Rzeczowniki,Kraje,Lithuania,Litwa,,
2936,2,Tom III,Rozdział XXIV,Rzeczowniki,Kraje,Lithuanian,Litwinka; litwin,,
2937,2,Tom III,Rozdział XXIV,Rzeczowniki,Kraje,Portugal,Portugalia,,
2938,2,Tom III,Rozdział XXIV,Rzeczowniki,Kraje,Portuguese,Portugalka; portugalczyk,,
2939,2,Tom III,Rozdział XXIV,Rzeczowniki,Kraje,Serbia,Serbia,,
2940,2,Tom III,Rozdział XXV,Spójniki,Inaczej ubiorę to w słowa,Honestly,Szczerze mówiąc,,
2941,2,Tom III,Rozdział XXV,Spójniki,Inaczej ubiorę to w słowa,Generally speaking,Ogólnie mówiąc,,
2942,2,Tom III,Rozdział XXV,Spójniki,Inaczej ubiorę to w słowa,No matter,Bez względu na,,
2943,2,Tom III,Rozdział XXV,Spójniki,Inaczej ubiorę to w słowa,In short,Krótko mówiąc,,
2944,2,Tom III,Rozdział XXV,Spójniki,Inaczej ubiorę to w słowa,In the same way,W ten sam sposób,,
2945,2,Tom III,Rozdział XXV,Spójniki,Inaczej ubiorę to w słowa,To put it another way,Mówiąc inaczej,,
2946,2,Tom III,Rozdział XXV,Spójniki,Inaczej ubiorę to w słowa,In other words,Innymi słowy,,
2947,2,Tom III,Rozdział XXV,Spójniki,Inaczej ubiorę to w słowa,Simply put,Mówiąc najprościej,,
2948,2,Tom III,Rozdział XXV,Spójniki,Inaczej ubiorę to w słowa,That is to say,To znaczy,,
2949,2,Tom III,Rozdział XXV,Spójniki,Inaczej ubiorę to w słowa,To put it simple,Prościej mówiąc,,
2950,2,Tom III,Rozdział XXV,Przymiotniki,Unikać,Careless,Nieostrożny; nieuważny,,
2951,2,Tom III,Rozdział XXV,Przymiotniki,Unikać,Unfair,Niesprawiedliwy (np. Wyrok); nieuczciwy,,
2952,2,Tom III,Rozdział XXV,Przymiotniki,Unikać,Dishonest,Nieuczciwy,,
2953,2,Tom III,Rozdział XXV,Przymiotniki,Unikać,Evil,Zły; złowrogi,,
2954,2,Tom III,Rozdział XXV,Przymiotniki,Unikać,Boring,Nudny,,
2955,2,Tom III,Rozdział XXV,Przymiotniki,Unikać,Insane,Obłąkany; niepoczytalny; szalony,,
2956,2,Tom III,Rozdział XXV,Przymiotniki,Unikać,Nasty,Paskudny,,
2957,2,Tom III,Rozdział XXV,Przymiotniki,Unikać,Pessimistic,Pesymistyczny,,
2958,2,Tom III,Rozdział XXV,Przymiotniki,Unikać,Mean,Podły; wredny; złośliwy,,
2959,2,Tom III,Rozdział XXV,Przymiotniki,Unikać,Selfish,Samolubny (egoistyczny),,
2960,2,Tom III,Rozdział XXV,Przymiotniki,Unikać,Weak,Słaby,,
2961,2,Tom III,Rozdział XXV,Przymiotniki,Unikać,Depressed,W depresji,,
2962,2,Tom III,Rozdział XXV,Przymiotniki,Unikać,Jealous,Zazdrosny; zawistny,,
2963,2,Tom III,Rozdział XXV,Przymiotniki,Unikać,Terrible,Okropny,,
2964,2,Tom III,Rozdział XXV,Przymiotniki,Unikać,Scary,Straszny,,
2965,2,Tom III,Rozdział XXV,Phrasale,Czas,Be over,Kończyć się; zakańczać coś,,
2966,2,Tom III,Rozdział XXV,Phrasale,Czas,Go on,Dziać się,,
2967,2,Tom III,Rozdział XXV,Phrasale,Czas,Go on,Kontynuować (trwać dalej),,
2968,2,Tom III,Rozdział XXV,Phrasale,Czas,Hang on,Poczekać,,
2969,2,Tom III,Rozdział XXV,Phrasale,Czas,Go ahead with,Zaczynać; przystępować,,
2970,2,Tom III,Rozdział XXV,Phrasale,Czas,Hold on,Wstrzymać się (na moment),,
2971,2,Tom III,Rozdział XXV,Phrasale,Czas,Go by,Mijać; przemijać (np. Czas),,
2972,2,Tom III,Rozdział XXV,Phrasale,Czas,Be over,Skończyć z czymś,,
2973,2,Tom III,Rozdział XXV,Phrasale,Czas,Keep up,Trwać (utrzymywać się),,
2974,2,Tom III,Rozdział XXV,Phrasale,Czas,Start off,Rozpoczynać,,
2975,2,Tom III,Rozdział XXV,Przymiotniki,Rozkmina,FAŁSZ,Fałszywy,,
2976,2,Tom III,Rozdział XXV,Przymiotniki,Rozkmina,Wrong,Niewłaściwy (błędny),,
2977,2,Tom III,Rozdział XXV,Przymiotniki,Rozkmina,Correct,Prawidłowy,,
2978,2,Tom III,Rozdział XXV,Przymiotniki,Rozkmina,Familiar,Znany; wyglądający znajomo,,
2979,2,Tom III,Rozdział XXV,Przymiotniki,Rozkmina,Invalid,"Nieważny (dokument, zapis)",,
2980,2,Tom III,Rozdział XXV,Przymiotniki,Rozkmina,Valid,"Ważny (dokument, bilet)",,
2981,2,Tom III,Rozdział XXV,Przymiotniki,Rozkmina,Risky,Ryzykowny,,
2982,2,Tom III,Rozdział XXV,Przymiotniki,Rozkmina,Satisfying,Satysfakcjonujący,,
2983,2,Tom III,Rozdział XXV,Przymiotniki,Rozkmina,Typical,Typowy,,
2984,2,Tom III,Rozdział XXV,Przymiotniki,Rozkmina,Complex,Złożony; kompleksowy,,
2985,2,Tom III,Rozdział XXV,Przymiotniki,Rozkmina,Incorrect,Nieprawidłowy,,
2986,2,Tom III,Rozdział XXV,Przymiotniki,Rozkmina,Complicated,Skomplikowany,,
2987,2,Tom III,Rozdział XXV,Przymiotniki,Rozkmina,Expected,Spodziewany; przewidywany,,
2988,2,Tom III,Rozdział XXV,Przymiotniki,Rozkmina,Detailed,Szczegółowy,,
2989,2,Tom III,Rozdział XXV,Przymiotniki,Rozkmina,Logical,Logiczny,,
2990,2,Tom III,Rozdział XXV,Skróty,Biznes,Eta,Oczekiwany czas przyjazdu (skrót),,
2991,2,Tom III,Rozdział XXV,Skróty,Biznes,B2b,Biznes z biznesem (skrót),,
2992,2,Tom III,Rozdział XXV,Skróty,Biznes,B2c,Biznes z konsumentem (skrót),,
2993,2,Tom III,Rozdział XXV,Skróty,Biznes,Ceo,Dyrektor generalny (skrót),,
2994,2,Tom III,Rozdział XXV,Skróty,Biznes,Cso,Dyrektor ds. Sprzedaży (skrót),,
2995,2,Tom III,Rozdział XXV,Skróty,Biznes,Hr,Zasoby ludzkie; kadry (skrót),,
2996,2,Tom III,Rozdział XXV,Skróty,Biznes,Ooo,Poza biurem (skrót),,
2997,2,Tom III,Rozdział XXV,Skróty,Biznes,N/a,Niedostępny (skrót),,
2998,2,Tom III,Rozdział XXV,Skróty,Biznes,Pa,Asystent (skrót),,
2999,2,Tom III,Rozdział XXV,Skróty,Biznes,Pr,Relacje publiczne (skrót),,
3000,2,Tom III,Rozdział XXV,Rzeczowniki,Zawody,Reporter,Reporter,,
3001,2,Tom III,Rozdział XXV,Rzeczowniki,Zawody,Secretary,Sekretarka,,
3002,2,Tom III,Rozdział XXV,Rzeczowniki,Zawody,Judge,Sędzia,,
3003,2,Tom III,Rozdział XXV,Rzeczowniki,Zawody,Shop assistant,Sklepikarz; sprzedawca,,
3004,2,Tom III,Rozdział XXV,Rzeczowniki,Zawody,Specialist,Specjalista,,
3005,2,Tom III,Rozdział XXV,Rzeczowniki,Zawody,Cleaning lady,Sprzątaczka,,
3006,2,Tom III,Rozdział XXV,Rzeczowniki,Zawody,Salesman,Sprzedawca,,
3007,2,Tom III,Rozdział XXV,Rzeczowniki,Zawody,Flight attendant,Steward; stewardessa,,
3008,2,Tom III,Rozdział XXV,Rzeczowniki,Zawody,City guard,Strażnik miejski,,
3009,2,Tom III,Rozdział XXV,Rzeczowniki,Zawody,Chef,Szef kuchni,,
3010,2,Tom III,Rozdział XXV,Rzeczowniki,Zawody,Vet,Weterynarz,,
3011,2,Tom III,Rozdział XXV,Rzeczowniki,Zawody,Thief,Złodziej,,
3012,2,Tom III,Rozdział XXV,Rzeczowniki,Zawody,Developer,Deweloper,,
3013,2,Tom III,Rozdział XXV,Rzeczowniki,Zawody,Maid,Pokojówka,,
3014,2,Tom III,Rozdział XXV,Rzeczowniki,Zawody,Psychiatrist,Psychiatra,,
3015,2,Tom III,Rozdział XXV,Klony,Klony,Wish-wash,Pierdu-pierdu,,
3016,2,Tom III,Rozdział XXV,Klony,Klony,Artsy-fartsy,Wydumany (o sztuce); pretensjonalny (artysta),,
3017,2,Tom III,Rozdział XXV,Klony,Klony,Criss-cross,Wzdłuż I wszerz; na krzyż,,
3018,2,Tom III,Rozdział XXV,Klony,Klony,Goody-goody,Świętoszkowaty,,
3019,2,Tom III,Rozdział XXV,Klony,Klony,Helter-skelter,Na łeb na szyję; bez zastanowienia,,
3020,2,Tom III,Rozdział XXV,Klony,Klony,Hoity-toity,Zadzierający nosa; nadęty,,
3021,2,Tom III,Rozdział XXV,Klony,Klony,Hush-hush,"Cicho, sza",,
3022,2,Tom III,Rozdział XXV,Klony,Klony,Itsy-bitsy,Maleńki,,
3023,2,Tom III,Rozdział XXV,Klony,Klony,Ju-ju,Talizman; magia,,
3024,2,Tom III,Rozdział XXV,Klony,Klony,Willy-nilly,Chcąc nie chcąc; na chybił trafił,,
3025,2,Tom III,Rozdział XXV,Rzeczowniki,Sport,Walk,Spacer,,
3026,2,Tom III,Rozdział XXV,Rzeczowniki,Sport,Sport,Sport,,
3027,2,Tom III,Rozdział XXV,Rzeczowniki,Sport,Stadium,Stadion,,
3028,2,Tom III,Rozdział XXV,Rzeczowniki,Sport,Chess,Szachy,,
3029,2,Tom III,Rozdział XXV,Rzeczowniki,Sport,Tennis,Tenis,,
3030,2,Tom III,Rozdział XXV,Rzeczowniki,Sport,Trainer,Trener,,
3031,2,Tom III,Rozdział XXV,Rzeczowniki,Sport,Workout,Trening,,
3032,2,Tom III,Rozdział XXV,Rzeczowniki,Sport,Score,Wynik (liczba punktów),,
3033,2,Tom III,Rozdział XXV,Rzeczowniki,Sport,Player,Zawodnik; gracz,,
3034,2,Tom III,Rozdział XXV,Rzeczowniki,Sport,Competition,Zawody,,
3035,2,Tom III,Rozdział XXV,Rzeczowniki,Sport,Professional,Profesjonalista; fachowiec,,
3036,2,Tom III,Rozdział XXV,Rzeczowniki,Sport,Team,Zespół; drużyna,,
3037,2,Tom III,Rozdział XXV,Rzeczowniki,Sport,Sweat,Pot,,
3038,2,Tom III,Rozdział XXV,Rzeczowniki,Sport,Opponent,Przeciwnik,,
3039,2,Tom III,Rozdział XXV,Rzeczowniki,Sport,Activity,Zajęcie; działalność,,
3040,2,Tom III,Rozdział XXV,Zabronione,Rewelacja,Heavenly,Niebiański; boski,,
3041,2,Tom III,Rozdział XXV,Zabronione,Rewelacja,Awe-inspiring,Budzący podziw (także strach),,
3042,2,Tom III,Rozdział XXV,Zabronione,Rewelacja,Beyond the call,"Ponad to, co wymagane",,
3043,2,Tom III,Rozdział XXV,Zabronione,Rewelacja,Cracking,Doskonały; wspaniały,,
3044,2,Tom III,Rozdział XXV,Zabronione,Rewelacja,Dazzling,Olśniewający,,
3045,2,Tom III,Rozdział XXV,Zabronione,Rewelacja,Illustrious,Prześwietny,,
3046,2,Tom III,Rozdział XXV,Zabronione,Rewelacja,Immense,Niezmierny,,
3047,2,Tom III,Rozdział XXV,Zabronione,Rewelacja,Marvelous,Cudowny,,
3048,2,Tom III,Rozdział XXV,Zabronione,Rewelacja,Mind-blowing,Nie do pojęcia,,
3049,2,Tom III,Rozdział XXV,Zabronione,Rewelacja,Moving,Poruszający,,
3050,2,Tom III,Rozdział XXV,Rzeczowniki,Społeczeństwo,Institution,Instytucja,,
3051,2,Tom III,Rozdział XXV,Rzeczowniki,Społeczeństwo,Candidate,Kandydat,,
3052,2,Tom III,Rozdział XXV,Rzeczowniki,Społeczeństwo,Middle class,Klasa średnia,,
3053,2,Tom III,Rozdział XXV,Rzeczowniki,Społeczeństwo,Constitution,Konstytucja,,
3054,2,Tom III,Rozdział XXV,Rzeczowniki,Społeczeństwo,Prince,Książę,,
3055,2,Tom III,Rozdział XXV,Rzeczowniki,Społeczeństwo,Princess,Księżniczka,,
3056,2,Tom III,Rozdział XXV,Rzeczowniki,Społeczeństwo,Population,Populacja,,
3057,2,Tom III,Rozdział XXV,Rzeczowniki,Społeczeństwo,Manifesto,Manifest,,
3058,2,Tom III,Rozdział XXV,Rzeczowniki,Społeczeństwo,Ministry,Ministerstwo,,
3059,2,Tom III,Rozdział XXV,Rzeczowniki,Społeczeństwo,Populace,Ludność,,
3060,2,Tom III,Rozdział XXV,Rzeczowniki,Społeczeństwo,Norm,Norma,,
3061,2,Tom III,Rozdział XXV,Rzeczowniki,Społeczeństwo,Citizen,Obywatel; mieszkaniec,,
3062,2,Tom III,Rozdział XXV,Rzeczowniki,Społeczeństwo,Parliament,Parlament,,
3063,2,Tom III,Rozdział XXV,Rzeczowniki,Społeczeństwo,Patriotism,Patriotyzm,,
3064,2,Tom III,Rozdział XXV,Rzeczowniki,Społeczeństwo,Policy,Polityka; zasady (np. Firmy),,
3065,2,Tom III,Rozdział XXVI,Skróty,Popularne,Am,Przed południem (skrót); rano (odnośnie do godziny),,
3066,2,Tom III,Rozdział XXVI,Skróty,Popularne,Gpa,Średnia (w szkole) (skrót),,
3067,2,Tom III,Rozdział XXVI,Skróty,Popularne,Diy,Zrób to sam (skrót); majsterkowanie,,
3068,2,Tom III,Rozdział XXVI,Skróty,Popularne,Dnd,Nie przeszkadzać (skrót),,
3069,2,Tom III,Rozdział XXVI,Skróty,Popularne,Ib,Funt (waga) (skrót),,
3070,2,Tom III,Rozdział XXVI,Skróty,Popularne,Id,Dowód osobisty (skrót),,
3071,2,Tom III,Rozdział XXVI,Skróty,Popularne,Iq,Iloraz inteligencji (skrót),,
3072,2,Tom III,Rozdział XXVI,Skróty,Popularne,Pm,Po południu (skrót) (odnośnie do godziny),,
3073,2,Tom III,Rozdział XXVI,Skróty,Popularne,Rip,Spoczywaj w pokoju (skrót),,
3074,2,Tom III,Rozdział XXVI,Skróty,Popularne,Vip,Bardzo ważna osoba (skrót); vip,,
3075,2,Tom III,Rozdział XXVI,Rzeczowniki,Kraje,Serbian,Serbka; serb,,
3076,2,Tom III,Rozdział XXVI,Rzeczowniki,Kraje,Slovakia,Słowacja,,
3077,2,Tom III,Rozdział XXVI,Rzeczowniki,Kraje,Slovak,Słowaczka; słowak,,
3078,2,Tom III,Rozdział XXVI,Rzeczowniki,Kraje,Scotland,Szkocja,,
3079,2,Tom III,Rozdział XXVI,Rzeczowniki,Kraje,Scottish,Szkotka; szkot,,
3080,2,Tom III,Rozdział XXVI,Rzeczowniki,Kraje,Sweden,Szwecja,,
3081,2,Tom III,Rozdział XXVI,Rzeczowniki,Kraje,Swedish,Szwedka; szwed,,
3082,2,Tom III,Rozdział XXVI,Rzeczowniki,Kraje,Ukraine,Ukraina,,
3083,2,Tom III,Rozdział XXVI,Rzeczowniki,Kraje,Ukrainian,Ukrainka; ukrainiec,,
3084,2,Tom III,Rozdział XXVI,Rzeczowniki,Kraje,Mexico,Meksyk,,
3085,2,Tom III,Rozdział XXVI,Rzeczowniki,Kraje,Mexican,Meksykanka; meksykanin,,
3086,2,Tom III,Rozdział XXVI,Rzeczowniki,Kraje,Switzerland,Szwajcaria,,
3087,2,Tom III,Rozdział XXVI,Rzeczowniki,Kraje,Swiss,Szwajcarka; szwajcar,,
3088,2,Tom III,Rozdział XXVI,Rzeczowniki,Kraje,Romania,Rumunia,,
3089,2,Tom III,Rozdział XXVI,Rzeczowniki,Kraje,Romanian,Rumunka; rumun,,
3090,2,Tom III,Rozdział XXVI,Przysłówki,Ilość,About,Mniej więcej; około,,
3091,2,Tom III,Rozdział XXVI,Przysłówki,Ilość,Around,"Około (np. 5kg, 20min)",,
3092,2,Tom III,Rozdział XXVI,Przysłówki,Ilość,Both,Oba; obaj; obie,,
3093,2,Tom III,Rozdział XXVI,Przysłówki,Ilość,None,Nic; ani trochę,,
3094,2,Tom III,Rozdział XXVI,Przysłówki,Ilość,Some,Kilka; trochę; parę,,
3095,2,Tom III,Rozdział XXVI,Przysłówki,Ilość,Each,Każdy z,,
3096,2,Tom III,Rozdział XXVI,Przysłówki,Ilość,Enough,Wystarczająco,,
3097,2,Tom III,Rozdział XXVI,Przysłówki,Ilość,Every,Każdy,,
3098,2,Tom III,Rozdział XXVI,Przysłówki,Ilość,Less,Mniej,,
3099,2,Tom III,Rozdział XXVI,Przysłówki,Ilość,More,Więcej,,
3100,2,Tom III,Rozdział XXVI,Przysłówki,Ilość,Up to,Aż do,,
3101,2,Tom III,Rozdział XXVI,Przysłówki,Ilość,Most,Większość; najbardziej,,
3102,2,Tom III,Rozdział XXVI,Przysłówki,Ilość,Once,Raz; jednorazowo,,
3103,2,Tom III,Rozdział XXVI,Przysłówki,Ilość,Twice,Dwa razy,,
3104,2,Tom III,Rozdział XXVI,Przysłówki,Ilość,Least,Najmniej,,
3105,2,Tom III,Rozdział XXVI,Phrasale,Phrasale 2,Get up,Wstawaj,,
3106,2,Tom III,Rozdział XXVI,Phrasale,Phrasale 2,Get out,Wynoś się!,,
3107,2,Tom III,Rozdział XXVI,Phrasale,Phrasale 2,Shut up,Zamknij się!,,
3108,2,Tom III,Rozdział XXVI,Phrasale,Phrasale 2,Go away,Idź sobie; odejdź,,
3109,2,Tom III,Rozdział XXVI,Phrasale,Phrasale 2,Come on,No weź,,
3110,2,Tom III,Rozdział XXVI,Phrasale,Phrasale 2,Look out,Bądź ostrożny,,
3111,2,Tom III,Rozdział XXVI,Phrasale,Phrasale 2,Take care,Trzymaj się; bądź ostrożny,,
3112,2,Tom III,Rozdział XXVI,Phrasale,Phrasale 2,Watch out,Uważaj,,
3113,2,Tom III,Rozdział XXVI,Phrasale,Phrasale 2,Cut it out,Przestań! (robić coś irytującego),,
3114,2,Tom III,Rozdział XXVI,Phrasale,Phrasale 2,Go ahead,Proszę bardzo; śmiało (pozwolenie),,
3115,2,Tom III,Rozdział XXVI,Rzeczowniki,Zawody,Receptionist,Recepcjonista,,
3116,2,Tom III,Rozdział XXVI,Rzeczowniki,Zawody,Supplier,Dostawca,,
3117,2,Tom III,Rozdział XXVI,Rzeczowniki,Zawody,Agent,Pośrednik; agent,,
3118,2,Tom III,Rozdział XXVI,Rzeczowniki,Zawody,Graphic designer,Grafik,,
3119,2,Tom III,Rozdział XXVI,Rzeczowniki,Zawody,Scientist,Naukowiec,,
3120,2,Tom III,Rozdział XXVI,Rzeczowniki,Zawody,Czech,Czeski,,
3121,2,Tom III,Rozdział XXVI,Rzeczowniki,Zawody,Greek,Grecki,,
3122,2,Tom III,Rozdział XXVI,Rzeczowniki,Zawody,Dutch,Niderlandzki,,
3123,2,Tom III,Rozdział XXVI,Rzeczowniki,Zawody,Irish,Irlandzki,,
3124,2,Tom III,Rozdział XXVI,Rzeczowniki,Zawody,Norwegian,Norweski,,
3125,2,Tom III,Rozdział XXVI,Rzeczowniki,Zawody,Russian,Rosyjski,,
3126,2,Tom III,Rozdział XXVI,Rzeczowniki,Zawody,Hungarian,Węgierski,,
3127,2,Tom III,Rozdział XXVI,Rzeczowniki,Zawody,Belarusian,Białoruski,,
3128,2,Tom III,Rozdział XXVI,Rzeczowniki,Zawody,Croatian,Chorwacki,,
3129,2,Tom III,Rozdział XXVI,Rzeczowniki,Zawody,Portuguese,Portugalski,,
3130,2,Tom III,Rozdział XXVI,Rzeczowniki,Społeczeństwo,Support,Poparcie,,
3131,2,Tom III,Rozdział XXVI,Rzeczowniki,Społeczeństwo,Protest,Protest,,
3132,2,Tom III,Rozdział XXVI,Rzeczowniki,Społeczeństwo,Reform,Reforma,,
3133,2,Tom III,Rozdział XXVI,Rzeczowniki,Społeczeństwo,Region,Region,,
3134,2,Tom III,Rozdział XXVI,Rzeczowniki,Społeczeństwo,Revolution,Rewolucja,,
3135,2,Tom III,Rozdział XXVI,Rzeczowniki,Społeczeństwo,Equality,Równość,,
3136,2,Tom III,Rozdział XXVI,Rzeczowniki,Społeczeństwo,Segregation,Segregacja,,
3137,2,Tom III,Rozdział XXVI,Rzeczowniki,Społeczeństwo,Strike,Strajk,,
3138,2,Tom III,Rozdział XXVI,Rzeczowniki,Społeczeństwo,Tolerance,Tolerancja,,
3139,2,Tom III,Rozdział XXVI,Rzeczowniki,Społeczeństwo,Participant,Uczestnik,,
3140,2,Tom III,Rozdział XXVI,Rzeczowniki,Społeczeństwo,Union,Unia,,
3141,2,Tom III,Rozdział XXVI,Rzeczowniki,Społeczeństwo,Liberty,Wolność; swoboda,,
3142,2,Tom III,Rozdział XXVI,Rzeczowniki,Społeczeństwo,Community,Społeczność,,
3143,2,Tom III,Rozdział XXVI,Rzeczowniki,Społeczeństwo,Cooperation,Współpraca,,
3144,2,Tom III,Rozdział XXVI,Rzeczowniki,Społeczeństwo,Voter,Wyborca,,
3145,2,Tom III,Rozdział XXVI,Przymiotniki,Przymiotniki 11,Glad,Szczęśliwy z jakiegoś powodu; zadowolony,,
3146,2,Tom III,Rozdział XXVI,Przymiotniki,Przymiotniki 11,Satisfied,Usatysfakcjonowany,,
3147,2,Tom III,Rozdział XXVI,Przymiotniki,Przymiotniki 11,Thankful,"Wdzięczny (często za to, że udało się uniknąć czegoś złego)",,
3148,2,Tom III,Rozdział XXVI,Przymiotniki,Przymiotniki 11,Pleased,Zadowolony,,
3149,2,Tom III,Rozdział XXVI,Przymiotniki,Przymiotniki 11,Relaxed,Zrelaksowany; rozluźniony,,
3150,2,Tom III,Rozdział XXVI,Przymiotniki,Przymiotniki 11,Drunk,Pijany,,
3151,2,Tom III,Rozdział XXVI,Przymiotniki,Przymiotniki 11,Sleepy,Senny,,
3152,2,Tom III,Rozdział XXVI,Przymiotniki,Przymiotniki 11,Delighted,Zachwycony,,
3153,2,Tom III,Rozdział XXVI,Przymiotniki,Przymiotniki 11,Excited,Podekscytowany; podniecony,,
3154,2,Tom III,Rozdział XXVI,Przymiotniki,Przymiotniki 11,Prepared,Przygotowany,,
3155,2,Tom III,Rozdział XXVI,Przymiotniki,Przymiotniki 11,Enjoyable,Przyjemny,,
3156,2,Tom III,Rozdział XXVI,Przymiotniki,Przymiotniki 11,Hopeful,Pełen nadziei; budzący nadzieję,,
3157,2,Tom III,Rozdział XXVI,Przymiotniki,Przymiotniki 11,Willing,Skłonny; skory,,
3158,2,Tom III,Rozdział XXVI,Przymiotniki,Przymiotniki 11,Challenging,Ambitny; wymagający,,
3159,2,Tom III,Rozdział XXVI,Przymiotniki,Przymiotniki 11,Touched,Wzruszony,,
3160,2,Tom III,Rozdział XXVI,Przysłówki,Miejsce,From,Z (skądś),,
3161,2,Tom III,Rozdział XXVI,Przysłówki,Miejsce,Here,Tutaj,,
3162,2,Tom III,Rozdział XXVI,Przysłówki,Miejsce,Under,Poniżej (np. 18 lat),,
3163,2,Tom III,Rozdział XXVI,Przysłówki,Miejsce,In front of,"Przed (kimś,czymś); naprzeciw",,
3164,2,Tom III,Rozdział XXVI,Przysłówki,Miejsce,In the middle,W środku,,
3165,2,Tom III,Rozdział XXVI,Przysłówki,Miejsce,Inside,W środku (pomieszczenia); wewnątrz,,
3166,2,Tom III,Rozdział XXVI,Przysłówki,Miejsce,Near,W pobliżu,,
3167,2,Tom III,Rozdział XXVI,Przysłówki,Miejsce,Nowhere,Nigdzie,,
3168,2,Tom III,Rozdział XXVI,Przysłówki,Miejsce,Outside,Na dworze; na zewnątrz (lokalizacja),,
3169,2,Tom III,Rozdział XXVI,Przysłówki,Miejsce,Over,Nad (np. Przeskoczyć nad czymś),,
3170,2,Tom III,Rozdział XXVI,Przysłówki,Miejsce,Somewhere,Gdzieś,,
3171,2,Tom III,Rozdział XXVI,Przysłówki,Miejsce,There,Tam,,
3172,2,Tom III,Rozdział XXVI,Przysłówki,Miejsce,Under,Pod,,
3173,2,Tom III,Rozdział XXVI,Przysłówki,Miejsce,Abroad,Za granicą,,
3174,2,Tom III,Rozdział XXVI,Przysłówki,Miejsce,Nearby,Niedaleko,,
3175,2,Tom III,Rozdział XXVI,Spójniki,Przykład,For example,Na przykład,,
3176,2,Tom III,Rozdział XXVI,Spójniki,Przykład,Such as,Taki jak,,
3177,2,Tom III,Rozdział XXVI,Spójniki,Przykład,Along with,Wraz z,,
3178,2,Tom III,Rozdział XXVI,Spójniki,Przykład,Counting,Wliczając,,
3179,2,Tom III,Rozdział XXVI,Spójniki,Przykład,Including,Łącznie z,,
3180,2,Tom III,Rozdział XXVI,Spójniki,Przykład,To illustrate,By zobrazować (np. Argument),,
3181,2,Tom III,Rozdział XXVI,Spójniki,Przykład,As an example,Jako przykład,,
3182,2,Tom III,Rozdział XXVI,Spójniki,Przykład,For instance,Dla przykładu,,
3183,2,Tom III,Rozdział XXVI,Spójniki,Przykład,In this case,W tym przypadku,,
3184,2,Tom III,Rozdział XXVI,Spójniki,Przykład,That is,To jest,,
3185,2,Tom III,Rozdział XXVI,Przymiotniki,Mile widziane,Broad-minded,Otwarty (umysł); mający szerokie horyzonty,,
3186,2,Tom III,Rozdział XXVI,Przymiotniki,Mile widziane,Respectful,Pełen szacunku I poważania,,
3187,2,Tom III,Rozdział XXVI,Przymiotniki,Mile widziane,Sympathetic,Współczujący,,
3188,2,Tom III,Rozdział XXVI,Przymiotniki,Mile widziane,Diligent,Pilny; pracowity,,
3189,2,Tom III,Rozdział XXVI,Przymiotniki,Mile widziane,Teachable,Pojętny (uczeń),,
3190,2,Tom III,Rozdział XXVI,Przymiotniki,Mile widziane,Desirable,Pożądany,,
3191,2,Tom III,Rozdział XXVI,Przymiotniki,Mile widziane,Proactive,Proaktywny,,
3192,2,Tom III,Rozdział XXVI,Przymiotniki,Mile widziane,Provident,Zapobiegliwy; przezorny,,
3193,2,Tom III,Rozdział XXVI,Przymiotniki,Mile widziane,Prudent,Rozważny,,
3194,2,Tom III,Rozdział XXVI,Przymiotniki,Mile widziane,Businesslike,Rzeczowy (człowiek); rzetelny,,
3195,2,Tom III,Rozdział XXVI,Przymiotniki,Mile widziane,Self-sufficient,Samowystarczalny,,
3196,2,Tom III,Rozdział XXVI,Przymiotniki,Mile widziane,Cordial,Serdeczny,,
3197,2,Tom III,Rozdział XXVI,Przymiotniki,Mile widziane,Conscientious,Sumienny,,
3198,2,Tom III,Rozdział XXVI,Przymiotniki,Mile widziane,Supportive,Wspierający; pomocny,,
3199,2,Tom III,Rozdział XXVI,Przymiotniki,Mile widziane,Considerate,Liczący się z innymi; troskliwy,,
3200,2,Tom III,Rozdział XXVII,Przymiotniki,Przymiotniki 12,Handsome,Przystojny,,
3201,2,Tom III,Rozdział XXVII,Przymiotniki,Przymiotniki 12,Plump,Pulchny,,
3202,2,Tom III,Rozdział XXVII,Przymiotniki,Przymiotniki 12,Tidy,Uporządkowany; czysty,,
3203,2,Tom III,Rozdział XXVII,Przymiotniki,Przymiotniki 12,Slim,Szczupły; chudy (człowiek albo przedmiot),,
3204,2,Tom III,Rozdział XXVII,Przymiotniki,Przymiotniki 12,Cute,Uroczy,,
3205,2,Tom III,Rozdział XXVII,Przymiotniki,Przymiotniki 12,Fit,Wysportowany,,
3206,2,Tom III,Rozdział XXVII,Przymiotniki,Przymiotniki 12,Lovely,Bardzo ładny; uroczy,,
3207,2,Tom III,Rozdział XXVII,Przymiotniki,Przymiotniki 12,Old-school,Oldschoolowy,,
3208,2,Tom III,Rozdział XXVII,Przymiotniki,Przymiotniki 12,Naked,Rozebrany; goły,,
3209,2,Tom III,Rozdział XXVII,Przymiotniki,Przymiotniki 12,Stylish,Stylowy,,
3210,2,Tom III,Rozdział XXVII,Przymiotniki,Przymiotniki 12,Trendy,Trendy,,
3211,2,Tom III,Rozdział XXVII,Przymiotniki,Przymiotniki 12,Dressed,Ubrany,,
3212,2,Tom III,Rozdział XXVII,Przymiotniki,Przymiotniki 12,Fancy,Wypasiony; luksusowy,,
3213,2,Tom III,Rozdział XXVII,Przymiotniki,Przymiotniki 12,Elegant,Elegancki,,
3214,2,Tom III,Rozdział XXVII,Przymiotniki,Przymiotniki 12,Casual,Zwykły; codzienny (np. Ubrania),,
3215,3,Tom III,Rozdział XXVII,Phrasale,Komunikacja,Tell sb off,Zwrócić komuś uwagę; ochrzanić,,
3216,3,Tom III,Rozdział XXVII,Phrasale,Komunikacja,Call for,Wzywać (np. Pomoc),,
3217,3,Tom III,Rozdział XXVII,Phrasale,Komunikacja,Get back to sb,Odezwać się do kogoś (później),,
3218,3,Tom III,Rozdział XXVII,Phrasale,Komunikacja,Get on with sb,Zgadzać się z kimś,,
3219,3,Tom III,Rozdział XXVII,Phrasale,Komunikacja,Speak up,Mówić głośniej,,
3220,3,Tom III,Rozdział XXVII,Phrasale,Komunikacja,Talk sb into sth,Namówić kogoś,,
3221,3,Tom III,Rozdział XXVII,Phrasale,Komunikacja,Speak up,Wypowiadać się (na forum),,
3222,3,Tom III,Rozdział XXVII,Phrasale,Komunikacja,Go into,Wejść w; wdawać się (w szczegóły),,
3223,3,Tom III,Rozdział XXVII,Phrasale,Komunikacja,Point sth out,Wytknąć coś,,
3224,3,Tom III,Rozdział XXVII,Phrasale,Komunikacja,Point sth out,Zwrócić uwagę; wskazywać na coś,,
3225,2,Tom III,Rozdział XXVII,Spójniki,Porównania,Like,"Jak (coś, ktoś)",,
3226,2,Tom III,Rozdział XXVII,Spójniki,Porównania,As if,Jak gdyby,,
3227,2,Tom III,Rozdział XXVII,Spójniki,Porównania,As long as,Tak długo jak,,
3228,2,Tom III,Rozdział XXVII,Spójniki,Porównania,As much as,Tak bardzo jak,,
3229,2,Tom III,Rozdział XXVII,Spójniki,Porównania,As soon as,Tak szybko jak; jak tylko,,
3230,2,Tom III,Rozdział XXVII,Spójniki,Porównania,As it were,Tak jakby; niejako,,
3231,2,Tom III,Rozdział XXVII,Spójniki,Porównania,Just as,Tak samo jak,,
3232,2,Tom III,Rozdział XXVII,Spójniki,Porównania,Same as,Identycznie jak,,
3233,2,Tom III,Rozdział XXVII,Spójniki,Porównania,Likewise,Podobnie; wzajemnie (w odpowiedzi),,
3234,2,Tom III,Rozdział XXVII,Spójniki,Porównania,Equally,Na równi; tak samo,,
3235,3,Tom III,Rozdział XXVII,Czasowniki,Komunikacja,Refuse,Odmawiać,,
3236,3,Tom III,Rozdział XXVII,Czasowniki,Komunikacja,Whisper,Szeptać,,
3237,3,Tom III,Rozdział XXVII,Czasowniki,Komunikacja,Bet,Zakładać się; stawiać na coś,,
3238,3,Tom III,Rozdział XXVII,Czasowniki,Komunikacja,Convince,Namawiać; przekonywać,,
3239,3,Tom III,Rozdział XXVII,Czasowniki,Komunikacja,Excuse,Usprawiedliwiać się; tłumaczyć się,,
3240,3,Tom III,Rozdział XXVII,Czasowniki,Komunikacja,Mention,Wspomnieć,,
3241,3,Tom III,Rozdział XXVII,Czasowniki,Komunikacja,Swear,Przysięgać,,
3242,3,Tom III,Rozdział XXVII,Czasowniki,Komunikacja,Advise,Doradzać,,
3243,3,Tom III,Rozdział XXVII,Czasowniki,Komunikacja,Announce,Ogłosić; zapowiadać,,
3244,3,Tom III,Rozdział XXVII,Czasowniki,Komunikacja,Claim,Twierdzić,,
3245,3,Tom III,Rozdział XXVII,Czasowniki,Komunikacja,Confess,Wyznawać; spowiadać,,
3246,3,Tom III,Rozdział XXVII,Czasowniki,Komunikacja,Deny,Zaprzeczać,,
3247,3,Tom III,Rozdział XXVII,Czasowniki,Komunikacja,Interrupt,Przerywać,,
3248,3,Tom III,Rozdział XXVII,Czasowniki,Komunikacja,Interview,Przeprowadzać wywiad; przesłuchiwać,,
3249,3,Tom III,Rozdział XXVII,Czasowniki,Komunikacja,Misunderstand,Źle zrozumieć,,
3250,3,Tom III,Rozdział XXVII,Czasowniki,Czasowniki 12,Invest,Inwestować,,
3251,3,Tom III,Rozdział XXVII,Czasowniki,Czasowniki 12,Note,Notować,,
3252,3,Tom III,Rozdział XXVII,Czasowniki,Czasowniki 12,Complete,Kompletować; kończyć,,
3253,3,Tom III,Rozdział XXVII,Czasowniki,Czasowniki 12,Emigrate,Emigrować,,
3254,3,Tom III,Rozdział XXVII,Czasowniki,Czasowniki 12,Fascinate,Fascynować,,
3255,3,Tom III,Rozdział XXVII,Czasowniki,Czasowniki 12,Irritate,Irytować,,
3256,3,Tom III,Rozdział XXVII,Czasowniki,Czasowniki 12,Negotiate,Negocjować,,
3257,3,Tom III,Rozdział XXVII,Czasowniki,Czasowniki 12,Publish,Publikować,,
3258,3,Tom III,Rozdział XXVII,Czasowniki,Czasowniki 12,Segregate,Segregować,,
3259,3,Tom III,Rozdział XXVII,Czasowniki,Czasowniki 12,Transfer,Transferować; przelewać; przekazywać,,
3260,3,Tom III,Rozdział XXVII,Czasowniki,Czasowniki 12,Block,Blokować,,
3261,3,Tom III,Rozdział XXVII,Czasowniki,Czasowniki 12,Complicate,Komplikować,,
3262,3,Tom III,Rozdział XXVII,Czasowniki,Czasowniki 12,Decorate,Dekorować,,
3263,3,Tom III,Rozdział XXVII,Czasowniki,Czasowniki 12,Diagnose,Diagnozować,,
3264,3,Tom III,Rozdział XXVII,Czasowniki,Czasowniki 12,Edit,Edytować; redagować,,
3265,3,Tom III,Rozdział XXVII,Rzeczowniki,Człowiek,Disabled person,Osoba niepełnosprawna,,
3266,3,Tom III,Rozdział XXVII,Rzeczowniki,Człowiek,Origin,Pochodzenie,,
3267,3,Tom III,Rozdział XXVII,Rzeczowniki,Człowiek,Mistress,Kochanka,,
3268,3,Tom III,Rozdział XXVII,Rzeczowniki,Człowiek,Disability,Niepełnosprawność,,
3269,3,Tom III,Rozdział XXVII,Rzeczowniki,Człowiek,Orphan,Sierota,,
3270,3,Tom III,Rozdział XXVII,Rzeczowniki,Człowiek,Prodigy,Wrodzony talent; geniusz (najczęściej dziecko),,
3271,3,Tom III,Rozdział XXVII,Rzeczowniki,Człowiek,Fool,Głupiec,,
3272,3,Tom III,Rozdział XXVII,Rzeczowniki,Człowiek,Individualist,Indywidualista,,
3273,3,Tom III,Rozdział XXVII,Rzeczowniki,Człowiek,Humankind,Ludzkość; rasa ludzka,,
3274,3,Tom III,Rozdział XXVII,Rzeczowniki,Człowiek,Mankind,Ludzkość,,
3275,3,Tom III,Rozdział XXVII,Rzeczowniki,Człowiek,Identity,Tożsamość,,
3276,3,Tom III,Rozdział XXVII,Rzeczowniki,Człowiek,Adulthood,Dorosłość,,
3277,3,Tom III,Rozdział XXVII,Rzeczowniki,Człowiek,Extrovert,Ekstrawertyk,,
3278,3,Tom III,Rozdział XXVII,Rzeczowniki,Człowiek,Hypocrite,Hipokryta,,
3279,3,Tom III,Rozdział XXVII,Rzeczowniki,Człowiek,Introvert,Introwertyk,,
3280,3,Tom III,Rozdział XXVII,Skróty,Popularne,Aka,Także znane jako (skrót),,
3281,3,Tom III,Rozdział XXVII,Skróty,Popularne,Rsvp,Proszę o odpowiedź (skrót),,
3282,3,Tom III,Rozdział XXVII,Skróty,Popularne,Gmo,Genetycznie modyfikowany organizm (skrót),,
3283,3,Tom III,Rozdział XXVII,Skróty,Popularne,Pov,Punkt widzenia (skrót),,
3284,3,Tom III,Rozdział XXVII,Skróty,Popularne,Tba,Do ogłoszenia (skrót),,
3285,3,Tom III,Rozdział XXVII,Skróty,Popularne,Ufo,Niezidentyfikowany obiekt latający (skrót),,
3286,3,Tom III,Rozdział XXVII,Skróty,Popularne,Sos,Ocal nasze dusze (skrót),,
3287,3,Tom III,Rozdział XXVII,Skróty,Popularne,Tgif,Dzięki bogu jest piątek (skrót),,
3288,3,Tom III,Rozdział XXVII,Skróty,Popularne,Faq,Często zadawane pytania (skrót),,
3289,3,Tom III,Rozdział XXVII,Skróty,Popularne,Irl,W prawdziwym życiu (skrót),,
3290,3,Tom III,Rozdział XXVII,Czasowniki,Czasowniki 13,Employ,Zastosować; posługiwać się czymś,,
3291,3,Tom III,Rozdział XXVII,Czasowniki,Czasowniki 13,Experience,Doświadczać; przeżywać (coś),,
3292,3,Tom III,Rozdział XXVII,Czasowniki,Czasowniki 13,Apply,Stosować,,
3293,3,Tom III,Rozdział XXVII,Czasowniki,Czasowniki 13,Matter,Mieć znaczenie; znaczyć; liczyć się,,
3294,3,Tom III,Rozdział XXVII,Czasowniki,Czasowniki 13,Remove,Usunąć,,
3295,3,Tom III,Rozdział XXVII,Czasowniki,Czasowniki 13,Prove,Okazywać się,,
3296,3,Tom III,Rozdział XXVII,Czasowniki,Czasowniki 13,Link,Łączyć (stwarzać połączenie),,
3297,3,Tom III,Rozdział XXVII,Czasowniki,Czasowniki 13,Remain,Pozostawać; nie zmieniać,,
3298,3,Tom III,Rozdział XXVII,Czasowniki,Czasowniki 13,Relate,Odnosić się do czegoś,,
3299,3,Tom III,Rozdział XXVII,Czasowniki,Czasowniki 13,Rise,Powstawać; wschodzić; wznosić się,,
3300,3,Tom III,Rozdział XXVII,Czasowniki,Czasowniki 13,Concern,Dotyczyć,,
3301,3,Tom III,Rozdział XXVII,Czasowniki,Czasowniki 13,Consist of,Składać się z czegoś (nieformalnie),,
3302,3,Tom III,Rozdział XXVII,Czasowniki,Czasowniki 13,Contain,Zawierać coś w sobie,,
3303,3,Tom III,Rozdział XXVII,Czasowniki,Czasowniki 13,Include,Uwzględniać; zawierać,,
3304,3,Tom III,Rozdział XXVII,Czasowniki,Czasowniki 13,Involve,Dotyczyć; angażować,,
3305,3,Tom III,Rozdział XXVII,Czasowniki,Niefajne,Stink,Cuchnąć,,
3306,3,Tom III,Rozdział XXVII,Czasowniki,Niefajne,Disturb,Zakłócać; przeszkadzać; niepokoić,,
3307,3,Tom III,Rozdział XXVII,Czasowniki,Niefajne,Envy,Zazdrościć,,
3308,3,Tom III,Rozdział XXVII,Czasowniki,Niefajne,Vomit,Wymiotować,,
3309,3,Tom III,Rozdział XXVII,Czasowniki,Niefajne,Waste,Marnować,,
3310,3,Tom III,Rozdział XXVII,Czasowniki,Niefajne,Upset,Denerwować; zaniepokoić,,
3311,3,Tom III,Rozdział XXVII,Czasowniki,Niefajne,Disappoint,Rozczarować; zawieść,,
3312,3,Tom III,Rozdział XXVII,Czasowniki,Niefajne,Force,Zmuszać,,
3313,3,Tom III,Rozdział XXVII,Czasowniki,Niefajne,Punish,Karać,,
3314,3,Tom III,Rozdział XXVII,Czasowniki,Niefajne,Fear,Bać się; obawiać się,,
3315,3,Tom III,Rozdział XXVII,Czasowniki,Niefajne,Beg,Żebrać,,
3316,3,Tom III,Rozdział XXVII,Czasowniki,Niefajne,Bother,Kłopotać; zawracać głowę,,
3317,3,Tom III,Rozdział XXVII,Czasowniki,Niefajne,Embarrass,Zawstydzać,,
3318,3,Tom III,Rozdział XXVII,Czasowniki,Niefajne,Swear,Bluzgać,,
3319,3,Tom III,Rozdział XXVII,Czasowniki,Niefajne,Discourage,Zniechęcać,,
3320,3,Tom III,Rozdział XXVII,Rzeczowniki,Rodzina,Kinship,Powinowactwo; pokrewieństwo,,
3321,3,Tom III,Rozdział XXVII,Rzeczowniki,Rodzina,Great-grandmother,Prababcia,,
3322,3,Tom III,Rozdział XXVII,Rzeczowniki,Rodzina,Great-grandfather,Pradziadek,,
3323,3,Tom III,Rozdział XXVII,Rzeczowniki,Rodzina,Brother-in-law,Szwagier,,
3324,3,Tom III,Rozdział XXVII,Rzeczowniki,Rodzina,Sister-in-law,Szwagierka,,
3325,3,Tom III,Rozdział XXVII,Rzeczowniki,Rodzina,Heritage,Dziedzictwo,,
3326,3,Tom III,Rozdział XXVII,Rzeczowniki,Rodzina,Legacy,Spuścizna,,
3327,3,Tom III,Rozdział XXVII,Rzeczowniki,Rodzina,Godson,Chrześniak,,
3328,3,Tom III,Rozdział XXVII,Rzeczowniki,Rodzina,Goddaughter,Chrześnica,,
3329,3,Tom III,Rozdział XXVII,Rzeczowniki,Rodzina,Godmother,Matka chrzestna,,
3330,3,Tom III,Rozdział XXVII,Rzeczowniki,Rodzina,Godfather,Ojciec chrzestny,,
3331,3,Tom III,Rozdział XXVII,Rzeczowniki,Rodzina,Great-great-grandmother,Praprababcia,,
3332,3,Tom III,Rozdział XXVII,Rzeczowniki,Rodzina,Great-great-grandfather,Prapradziadek,,
3333,3,Tom III,Rozdział XXVII,Rzeczowniki,Rodzina,Half-sister,Siostra przyrodnia,,
3334,3,Tom III,Rozdział XXVII,Rzeczowniki,Rodzina,Half-brother,Brat przyrodni,,
3335,3,Tom III,Rozdział XXVIII,Czasowniki,Biznes,Trade,Handlować; wymieniać (się z kimś za coś),,
3336,3,Tom III,Rozdział XXVIII,Czasowniki,Biznes,Apply,Aplikować,,
3337,3,Tom III,Rozdział XXVIII,Czasowniki,Biznes,Expire,Wygasać (np. Kontrakt),,
3338,3,Tom III,Rozdział XXVIII,Czasowniki,Biznes,Advertise,Reklamować; promować,,
3339,3,Tom III,Rozdział XXVIII,Czasowniki,Biznes,Assign,Przydzielać,,
3340,3,Tom III,Rozdział XXVIII,Czasowniki,Biznes,Exchange,Wymieniać (coś na coś),,
3341,3,Tom III,Rozdział XXVIII,Czasowniki,Biznes,Fire,Wylać kogoś z pracy,,
3342,3,Tom III,Rozdział XXVIII,Czasowniki,Biznes,Haggle,Targować się,,
3343,3,Tom III,Rozdział XXVIII,Czasowniki,Biznes,Insure,Ubezpieczać,,
3344,3,Tom III,Rozdział XXVIII,Czasowniki,Biznes,Postpone,Przekładać na późniejszy termin,,
3345,3,Tom III,Rozdział XXVIII,Czasowniki,Biznes,Profit,Korzystać; zyskiwać (czerpać zysk),,
3346,3,Tom III,Rozdział XXVIII,Czasowniki,Biznes,Provide,Zapewniać coś; dostarczać,,
3347,3,Tom III,Rozdział XXVIII,Czasowniki,Biznes,Supervise,Nadzorować,,
3348,3,Tom III,Rozdział XXVIII,Czasowniki,Biznes,Award,Nagradzać; przyznawać (podjąć oficjalną decyzję o podarowaniu czegoś komuś),,
3349,3,Tom III,Rozdział XXVIII,Czasowniki,Biznes,Bid,Licytować,,
3350,3,Tom III,Rozdział XXVIII,Rzeczowniki,Dom,Belongings,Dobytek; manatki,,
3351,3,Tom III,Rozdział XXVIII,Rzeczowniki,Dom,Housekeeper,Gosposia,,
3352,3,Tom III,Rozdział XXVIII,Rzeczowniki,Dom,Armchair,Fotel,,
3353,3,Tom III,Rozdział XXVIII,Rzeczowniki,Dom,Fireplace,Kominek,,
3354,3,Tom III,Rozdział XXVIII,Rzeczowniki,Dom,Gateway,Brama wjazdowa,,
3355,3,Tom III,Rozdział XXVIII,Rzeczowniki,Dom,Intercom,Domofon,,
3356,3,Tom III,Rozdział XXVIII,Rzeczowniki,Dom,Frame,"Futryna, rama",,
3357,3,Tom III,Rozdział XXVIII,Rzeczowniki,Dom,Heater,Grzejnik,,
3358,3,Tom III,Rozdział XXVIII,Rzeczowniki,Dom,Radiator,Kaloryfer,,
3359,3,Tom III,Rozdział XXVIII,Rzeczowniki,Dom,Door handle,Klamka,,
3360,3,Tom III,Rozdział XXVIII,Rzeczowniki,Dom,Staircase,Klatka schodowa,,
3361,3,Tom III,Rozdział XXVIII,Rzeczowniki,Dom,Chimney,Komin,,
3362,3,Tom III,Rozdział XXVIII,Rzeczowniki,Dom,Chest of drawers,Komoda,,
3363,3,Tom III,Rozdział XXVIII,Rzeczowniki,Dom,Tenant,Lokator,,
3364,3,Tom III,Rozdział XXVIII,Rzeczowniki,Dom,Soap dish,Mydelniczka,,
3365,3,Tom III,Rozdział XXVIII,Rzeczowniki,Dziecko,Pregnancy,Ciąża,,
3366,3,Tom III,Rozdział XXVIII,Rzeczowniki,Dziecko,Adolescence,Okres dojrzewania,,
3367,3,Tom III,Rozdział XXVIII,Rzeczowniki,Dziecko,Diaper,Pieluszka,,
3368,3,Tom III,Rozdział XXVIII,Rzeczowniki,Dziecko,Conception,Poczęcie,,
3369,3,Tom III,Rozdział XXVIII,Rzeczowniki,Dziecko,Childbirth,Poród,,
3370,3,Tom III,Rozdział XXVIII,Rzeczowniki,Dziecko,Pregnancy test,Test ciążowy,,
3371,3,Tom III,Rozdział XXVIII,Rzeczowniki,Dziecko,Kite,Latawiec,,
3372,3,Tom III,Rozdział XXVIII,Rzeczowniki,Dziecko,Snowman,Bałwan (śniegowy),,
3373,3,Tom III,Rozdział XXVIII,Rzeczowniki,Dziecko,Bubble,Bańka,,
3374,3,Tom III,Rozdział XXVIII,Rzeczowniki,Dziecko,Balloon,Balon,,
3375,3,Tom III,Rozdział XXVIII,Rzeczowniki,Dziecko,Feeding bottle,Butelka dla niemowląt,,
3376,3,Tom III,Rozdział XXVIII,Rzeczowniki,Dziecko,Lullaby,Kołysanka,,
3377,3,Tom III,Rozdział XXVIII,Rzeczowniki,Dziecko,Cradle,Kołyska,,
3378,3,Tom III,Rozdział XXVIII,Rzeczowniki,Dziecko,Motherhood,Macierzyństwo,,
3379,3,Tom III,Rozdział XXVIII,Rzeczowniki,Dziecko,Childcare,Opieka nad dzieckiem,,
3380,3,Tom III,Rozdział XXVIII,Rzeczowniki,Jedzenie,Noodle,Kluska,,
3381,3,Tom III,Rozdział XXVIII,Rzeczowniki,Jedzenie,Pudding,Budyń,,
3382,3,Tom III,Rozdział XXVIII,Rzeczowniki,Jedzenie,Veal,Cielęcina,,
3383,3,Tom III,Rozdział XXVIII,Rzeczowniki,Jedzenie,Helping,Dokładka,,
3384,3,Tom III,Rozdział XXVIII,Rzeczowniki,Jedzenie,Filet,Filet,,
3385,3,Tom III,Rozdział XXVIII,Rzeczowniki,Jedzenie,Waffle,Gofr,,
3386,3,Tom III,Rozdział XXVIII,Rzeczowniki,Jedzenie,Stuffed cabbage,Gołąbki,,
3387,3,Tom III,Rozdział XXVIII,Rzeczowniki,Jedzenie,Biscuit,Herbatnik; ciastko,,
3388,3,Tom III,Rozdział XXVIII,Rzeczowniki,Jedzenie,Groats,Kasza,,
3389,3,Tom III,Rozdział XXVIII,Rzeczowniki,Jedzenie,Margarine,Margaryna,,
3390,3,Tom III,Rozdział XXVIII,Rzeczowniki,Jedzenie,Flour,Mąka,,
3391,3,Tom III,Rozdział XXVIII,Rzeczowniki,Jedzenie,Mixture,Mieszanka; mieszanina,,
3392,3,Tom III,Rozdział XXVIII,Rzeczowniki,Jedzenie,Almond,Migdał,,
3393,3,Tom III,Rozdział XXVIII,Rzeczowniki,Jedzenie,Vinegar,Ocet,,
3394,3,Tom III,Rozdział XXVIII,Rzeczowniki,Jedzenie,Omelet,Omlet,,
3395,3,Tom III,Rozdział XXVIII,Rzeczowniki,Miasto,Patrol,Patrol,,
3396,3,Tom III,Rozdział XXVIII,Rzeczowniki,Miasto,Market,Rynek; targ,,
3397,3,Tom III,Rozdział XXVIII,Rzeczowniki,Miasto,Street lamp,Latarnia uliczna,,
3398,3,Tom III,Rozdział XXVIII,Rzeczowniki,Miasto,Zone,Strefa,,
3399,3,Tom III,Rozdział XXVIII,Rzeczowniki,Miasto,Spot,Miejscówka,,
3400,3,Tom III,Rozdział XXVIII,Rzeczowniki,Miasto,Avenue,Aleja,,
3401,3,Tom III,Rozdział XXVIII,Rzeczowniki,Miasto,Alley,Alejka,,
3402,3,Tom III,Rozdział XXVIII,Rzeczowniki,Miasto,Bazaar,Bazar,,
3403,3,Tom III,Rozdział XXVIII,Rzeczowniki,Miasto,Rush hours,Godziny szczytu,,
3404,3,Tom III,Rozdział XXVIII,Rzeczowniki,Miasto,Newsstand,Kiosk,,
3405,3,Tom III,Rozdział XXVIII,Rzeczowniki,Miasto,Housing estate,Osiedle mieszkaniowe,,
3406,3,Tom III,Rozdział XXVIII,Rzeczowniki,Miasto,Residential area,Dzielnica mieszkaniowa,,
3407,3,Tom III,Rozdział XXVIII,Rzeczowniki,Miasto,Surroundings,Otoczenie,,
3408,3,Tom III,Rozdział XXVIII,Rzeczowniki,Miasto,Amusement park,Park rozrywki,,
3409,3,Tom III,Rozdział XXVIII,Rzeczowniki,Miasto,Pedestrian,Pieszy,,
3410,3,Tom III,Rozdział XXVIII,Czasowniki,Finanse,Charge,Pobierać opłatę,,
3411,3,Tom III,Rozdział XXVIII,Czasowniki,Finanse,Can afford,Móc pozwolić sobie na coś,,
3412,3,Tom III,Rozdział XXVIII,Czasowniki,Finanse,Withdraw,Wypłacić pieniądze,,
3413,3,Tom III,Rozdział XXVIII,Czasowniki,Finanse,Purchase,Nabywać (kupować),,
3414,3,Tom III,Rozdział XXVIII,Czasowniki,Finanse,Acquire,Nabywać; wchodzić w posiadanie,,
3415,3,Tom III,Rozdział XXVIII,Czasowniki,Finanse,Cash,Zrealizować (np. Czek),,
3416,3,Tom III,Rozdział XXVIII,Czasowniki,Finanse,Expend,Wydatkować; zużywać,,
3417,3,Tom III,Rozdział XXVIII,Czasowniki,Finanse,Gain,Zyskiwać; uzyskiwać,,
3418,3,Tom III,Rozdział XXVIII,Czasowniki,Finanse,Repay,Odpłacać; rewanżować się,,
3419,3,Tom III,Rozdział XXVIII,Czasowniki,Finanse,Economize,Oszczędzać,,
3420,3,Tom III,Rozdział XXVIII,Czasowniki,Finanse,Tip,Dawać napiwek,,
3421,3,Tom III,Rozdział XXVIII,Czasowniki,Finanse,Tout,Nagabywać; nakłaniać (do zakupu),,
3422,3,Tom III,Rozdział XXVIII,Czasowniki,Finanse,Monetize,Zmonetyzować,,
3423,3,Tom III,Rozdział XXVIII,Czasowniki,Finanse,Remunerate,Wypłacić wynagrodzenie,,
3424,3,Tom III,Rozdział XXVIII,Czasowniki,Finanse,Overpay,Przepłacić; nadpłacić,,
3425,3,Tom III,Rozdział XXVIII,Slang,Slang 13,Legit,Prawilne; legalny,,
3426,3,Tom III,Rozdział XXVIII,Slang,Slang 13,Mad skills,Mega umiejętności,,
3427,3,Tom III,Rozdział XXVIII,Slang,Slang 13,Cruising,Wozić się,,
3428,3,Tom III,Rozdział XXVIII,Slang,Slang 13,High roller,Nadziany koleś,,
3429,3,Tom III,Rozdział XXVIII,Slang,Slang 13,Tap something,Okiełznać coś (zdobyć coś fajnego),,
3430,3,Tom III,Rozdział XXVIII,Slang,Slang 13,Off the hook,Najnowsza moda,,
3431,3,Tom III,Rozdział XXVIII,Slang,Slang 13,Number,Numer; aparat (niezły numer),,
3432,3,Tom III,Rozdział XXVIII,Slang,Slang 13,Step up own game,Polepszyć swoją grę; rozkręcić swoją grę,,
3433,3,Tom III,Rozdział XXVIII,Slang,Slang 13,Talk of the town,(ktoś) na ustach wszystkich,,
3434,3,Tom III,Rozdział XXVIII,Slang,Slang 13,Ballin,Żyć na wypasie,,
3435,3,Tom III,Rozdział XXVIII,Czasowniki,Umysłowe,Predict,Przepowiadać; przewidywać,,
3436,3,Tom III,Rozdział XXVIII,Czasowniki,Umysłowe,Remind,Przypomnieć o czymś,,
3437,3,Tom III,Rozdział XXVIII,Czasowniki,Umysłowe,Suspect,Podejrzewać,,
3438,3,Tom III,Rozdział XXVIII,Czasowniki,Umysłowe,Approve,Zatwierdzać; aprobować,,
3439,3,Tom III,Rozdział XXVIII,Czasowniki,Umysłowe,Assume,Zakładać; uznawać; przypuszczać,,
3440,3,Tom III,Rozdział XXVIII,Czasowniki,Umysłowe,Prove,Udowadniać,,
3441,3,Tom III,Rozdział XXVIII,Czasowniki,Umysłowe,Recognize,Rozpoznawać; uznawać,,
3442,3,Tom III,Rozdział XXVIII,Czasowniki,Umysłowe,Solve,"Rozwiązać (znaleźć odpowiedź, rozwiązanie)",,
3443,3,Tom III,Rozdział XXVIII,Czasowniki,Umysłowe,Correct,Poprawiać,,
3444,3,Tom III,Rozdział XXVIII,Czasowniki,Umysłowe,Handle,Dawać sobie z czymś radę,,
3445,3,Tom III,Rozdział XXVIII,Czasowniki,Umysłowe,Mind,Mieć coś przeciwko,,
3446,3,Tom III,Rozdział XXVIII,Czasowniki,Umysłowe,Mind,Uważać na coś,,
3447,3,Tom III,Rozdział XXVIII,Czasowniki,Umysłowe,Pretend,Udawać,,
3448,3,Tom III,Rozdział XXVIII,Czasowniki,Umysłowe,Review,Recenzować,,
3449,3,Tom III,Rozdział XXVIII,Czasowniki,Umysłowe,Hesitate,Wahać się,,
3450,3,Tom III,Rozdział XXVIII,Zabronione,Rewelacja,Overwhelming,Przemożny,,
3451,3,Tom III,Rozdział XXVIII,Zabronione,Rewelacja,Remarkable,Godny uwagi; niezwykły,,
3452,3,Tom III,Rozdział XXVIII,Zabronione,Rewelacja,Spectacular,Spektakularny,,
3453,3,Tom III,Rozdział XXVIII,Zabronione,Rewelacja,Speechless,Oniemiały z wrażenia,,
3454,3,Tom III,Rozdział XXVIII,Zabronione,Rewelacja,Staggering,Wprawiający w osłupienie,,
3455,3,Tom III,Rozdział XXVIII,Zabronione,Rewelacja,Sublime,Wzniosły,,
3456,3,Tom III,Rozdział XXVIII,Zabronione,Rewelacja,Superb,Pierwszorzędny,,
3457,3,Tom III,Rozdział XXVIII,Zabronione,Rewelacja,Prodigious,Zdumiewający; kolosalny,,
3458,3,Tom III,Rozdział XXVIII,Zabronione,Rewelacja,Unreal,Nie z tej ziemi,,
3459,3,Tom III,Rozdział XXVIII,Zabronione,Rewelacja,Awestruck,Oniemiały,,
3460,3,Tom III,Rozdział XXVIII,Rzeczowniki,Kraje,Afghanistan,Afganistan,,
3461,3,Tom III,Rozdział XXVIII,Rzeczowniki,Kraje,Afghan,Afganka; afgańczyk,,
3462,3,Tom III,Rozdział XXVIII,Rzeczowniki,Kraje,Album,Album,,
3463,3,Tom III,Rozdział XXVIII,Rzeczowniki,Kraje,Artist,Artysta,,
3464,3,Tom III,Rozdział XXVIII,Rzeczowniki,Kraje,Festival,Festiwal,,
3465,3,Tom III,Rozdział XXVIII,Rzeczowniki,Kraje,Piano,Fortepian,,
3466,3,Tom III,Rozdział XXVIII,Rzeczowniki,Kraje,Design,Design; projekt (również ubrań),,
3467,3,Tom III,Rozdział XXVIII,Rzeczowniki,Kraje,Instrument,Instrument,,
3468,3,Tom III,Rozdział XXVIII,Rzeczowniki,Kraje,Culture,Kultura,,
3469,3,Tom III,Rozdział XXVIII,Rzeczowniki,Kraje,Painting,Obraz,,
3470,3,Tom III,Rozdział XXVIII,Rzeczowniki,Kraje,Opera,Opera,,
3471,3,Tom III,Rozdział XXVIII,Rzeczowniki,Kraje,Poster,Plakat,,
3472,3,Tom III,Rozdział XXVIII,Rzeczowniki,Kraje,Drawing,Rysunek,,
3473,3,Tom III,Rozdział XXVIII,Rzeczowniki,Kraje,Symbol,Symbol,,
3474,3,Tom III,Rozdział XXVIII,Rzeczowniki,Kraje,Band,Zespół muzyczny,,
3475,3,Tom III,Rozdział XXIX,Rzeczowniki,Transport,Change,Przesiadka,,
3476,3,Tom III,Rozdział XXIX,Rzeczowniki,Transport,Coach,Autokar,,
3477,3,Tom III,Rozdział XXIX,Rzeczowniki,Transport,Autopilot,Autopilot,,
3478,3,Tom III,Rozdział XXIX,Rzeczowniki,Transport,Second class,Druga klasa,,
3479,3,Tom III,Rozdział XXIX,Rzeczowniki,Transport,Yacht,Jacht,,
3480,3,Tom III,Rozdział XXIX,Rzeczowniki,Transport,Steering wheel,Kierownica,,
3481,3,Tom III,Rozdział XXIX,Rzeczowniki,Transport,Limousine,Limuzyna,,
3482,3,Tom III,Rozdział XXIX,Rzeczowniki,Transport,Logistics,Logistyka,,
3483,3,Tom III,Rozdział XXIX,Rzeczowniki,Transport,Lifeboat,Łódź ratunkowa,,
3484,3,Tom III,Rozdział XXIX,Rzeczowniki,Transport,Registration number,Numer rejestracyjny,,
3485,3,Tom III,Rozdział XXIX,Rzeczowniki,Transport,Jet,Odrzutowiec,,
3486,3,Tom III,Rozdział XXIX,Rzeczowniki,Transport,Fuel,Paliwo,,
3487,3,Tom III,Rozdział XXIX,Rzeczowniki,Transport,First class,Pierwsza klasa,,
3488,3,Tom III,Rozdział XXIX,Rzeczowniki,Transport,Express train,Pociąg ekspresowy,,
3489,3,Tom III,Rozdział XXIX,Rzeczowniki,Transport,Fast train,Pociąg pośpieszny,,
3490,3,Tom III,Rozdział XXIX,Rzeczowniki,Mistrz kierownicy,Hole,Dziura,,
3491,3,Tom III,Rozdział XXIX,Rzeczowniki,Mistrz kierownicy,Wheel,Koło,,
3492,3,Tom III,Rozdział XXIX,Rzeczowniki,Mistrz kierownicy,Way,Droga; trasa,,
3493,3,Tom III,Rozdział XXIX,Rzeczowniki,Mistrz kierownicy,Speed limit,Ograniczenie prędkości,,
3494,3,Tom III,Rozdział XXIX,Rzeczowniki,Mistrz kierownicy,Tunnel,Tunel,,
3495,3,Tom III,Rozdział XXIX,Rzeczowniki,Mistrz kierownicy,Traffic jam,Korek uliczny,,
3496,3,Tom III,Rozdział XXIX,Rzeczowniki,Mistrz kierownicy,Turn,Zakręt,,
3497,3,Tom III,Rozdział XXIX,Rzeczowniki,Mistrz kierownicy,Traffic sign,Znak drogowy,,
3498,3,Tom III,Rozdział XXIX,Rzeczowniki,Mistrz kierownicy,Shortcut,Skrót,,
3499,3,Tom III,Rozdział XXIX,Rzeczowniki,Mistrz kierownicy,Traffic,Ruch uliczny,,
3500,3,Tom III,Rozdział XXIX,Rzeczowniki,Mistrz kierownicy,Traffic lights,Sygnalizacja świetlna,,
3501,3,Tom III,Rozdział XXIX,Rzeczowniki,Mistrz kierownicy,Rush,Pośpiech,,
3502,3,Tom III,Rozdział XXIX,Rzeczowniki,Mistrz kierownicy,Roadblock,Blokada na drodze,,
3503,3,Tom III,Rozdział XXIX,Rzeczowniki,Mistrz kierownicy,Drive,Droga (czas jazdy),,
3504,3,Tom III,Rozdział XXIX,Rzeczowniki,Mistrz kierownicy,Horn,Klakson,,
3505,3,Tom III,Rozdział XXIX,Czasowniki,Ruch I bezczynność,Quit,Rezygnować; rzucać,,
3506,3,Tom III,Rozdział XXIX,Czasowniki,Ruch I bezczynność,Escape,Wydostawać się; uciekać,,
3507,3,Tom III,Rozdział XXIX,Czasowniki,Ruch I bezczynność,Slip,Poślizgnąć się,,
3508,3,Tom III,Rozdział XXIX,Czasowniki,Ruch I bezczynność,Withdraw,Wycofywać (się),,
3509,3,Tom III,Rozdział XXIX,Czasowniki,Ruch I bezczynność,Approach,Zbliżać się; podchodzić do,,
3510,3,Tom III,Rozdział XXIX,Czasowniki,Ruch I bezczynność,Chase,Gonić; ścigać (kogoś),,
3511,3,Tom III,Rozdział XXIX,Czasowniki,Ruch I bezczynność,Kneel,Klęczeć,,
3512,3,Tom III,Rozdział XXIX,Czasowniki,Ruch I bezczynność,Lean,Pochylać się; przechylać się,,
3513,3,Tom III,Rozdział XXIX,Czasowniki,Ruch I bezczynność,Stroll,Spacerować; przechadzać się,,
3514,3,Tom III,Rozdział XXIX,Czasowniki,Ruch I bezczynność,Swing,Huśtać się,,
3515,3,Tom III,Rozdział XXIX,Czasowniki,Ruch I bezczynność,Crouch,Kucać,,
3516,3,Tom III,Rozdział XXIX,Czasowniki,Ruch I bezczynność,Flip,Wywrócić; przewrócić,,
3517,3,Tom III,Rozdział XXIX,Czasowniki,Ruch I bezczynność,Hop,Podskakiwać; podrygiwać,,
3518,3,Tom III,Rozdział XXIX,Czasowniki,Ruch I bezczynność,Overtake,Wyprzedzać (samochód),,
3519,3,Tom III,Rozdział XXIX,Czasowniki,Ruch I bezczynność,Step,Stąpać; nadepnąć,,
3520,3,Tom III,Rozdział XXIX,Slang,Ocieka splendorem,Banger,Coś wystrzałowego,,
3521,3,Tom III,Rozdział XXIX,Slang,Ocieka splendorem,Big time,Na wypasie,,
3522,3,Tom III,Rozdział XXIX,Slang,Ocieka splendorem,Hardcore,Hardkorowe,,
3523,3,Tom III,Rozdział XXIX,Slang,Ocieka splendorem,It slaps,To jest bombowe,,
3524,3,Tom III,Rozdział XXIX,Slang,Ocieka splendorem,Mint,W doskonałym stanie,,
3525,3,Tom III,Rozdział XXIX,Slang,Ocieka splendorem,Tight,Sztywniutko,,
3526,3,Tom III,Rozdział XXIX,Slang,Ocieka splendorem,Turnt,Szalony; żywiołowy,,
3527,3,Tom III,Rozdział XXIX,Slang,Ocieka splendorem,Big,Na topie,,
3528,3,Tom III,Rozdział XXIX,Slang,Ocieka splendorem,Fresh,Super; bardzo dobre,,
3529,3,Tom III,Rozdział XXIX,Slang,Ocieka splendorem,Hype,Zajawka,,
3530,3,Tom III,Rozdział XXIX,Rzeczowniki,Ubrania,Lingerie,Bielizna damska,,
3531,3,Tom III,Rozdział XXIX,Rzeczowniki,Ubrania,Trainers,Buty sportowe,,
3532,3,Tom III,Rozdział XXIX,Rzeczowniki,Ubrania,Tracksuit,Dres,,
3533,3,Tom III,Rozdział XXIX,Rzeczowniki,Ubrania,Tights,Rajstopy,,
3534,3,Tom III,Rozdział XXIX,Rzeczowniki,Ubrania,Thongs,Stringi,,
3535,3,Tom III,Rozdział XXIX,Rzeczowniki,Ubrania,High heels,Szpilki,,
3536,3,Tom III,Rozdział XXIX,Rzeczowniki,Ubrania,Handbag,Torba na ramię,,
3537,3,Tom III,Rozdział XXIX,Rzeczowniki,Ubrania,Sneakers,Trampki,,
3538,3,Tom III,Rozdział XXIX,Rzeczowniki,Ubrania,Flip-flops,Klapki,,
3539,3,Tom III,Rozdział XXIX,Rzeczowniki,Ubrania,Stockings,Pończochy,,
3540,3,Tom III,Rozdział XXIX,Rzeczowniki,Ubrania,Fitting room,Przymierzalnia,,
3541,3,Tom III,Rozdział XXIX,Rzeczowniki,Ubrania,Gloves,Rękawiczki,,
3542,3,Tom III,Rozdział XXIX,Rzeczowniki,Ubrania,Pullover,Sweter (nakładany przez głowę),,
3543,3,Tom III,Rozdział XXIX,Rzeczowniki,Ubrania,Handkerchief,Chusteczka wielokrotnego użytku,,
3544,3,Tom III,Rozdział XXIX,Rzeczowniki,Ubrania,Needle,Igła,,
3545,3,Tom III,Rozdział XXIX,Rzeczowniki,Części ciała,Cheek,Policzek,,
3546,3,Tom III,Rozdział XXIX,Rzeczowniki,Części ciała,Heartbeat,Bicie serca,,
3547,3,Tom III,Rozdział XXIX,Rzeczowniki,Części ciała,Thigh,Udo,,
3548,3,Tom III,Rozdział XXIX,Rzeczowniki,Części ciała,Liver,Wątroba,,
3549,3,Tom III,Rozdział XXIX,Rzeczowniki,Części ciała,Buttocks,Pośladki,,
3550,3,Tom III,Rozdział XXIX,Rzeczowniki,Części ciała,Anatomy,Anatomia,,
3551,3,Tom III,Rozdział XXIX,Rzeczowniki,Części ciała,Hip,Biodro,,
3552,3,Tom III,Rozdział XXIX,Rzeczowniki,Części ciała,Skull,Czaszka,,
3553,3,Tom III,Rozdział XXIX,Rzeczowniki,Części ciała,Forehead,Czoło,,
3554,3,Tom III,Rozdział XXIX,Rzeczowniki,Części ciała,Ankle,Kostka,,
3555,3,Tom III,Rozdział XXIX,Rzeczowniki,Części ciała,Pinky,Mały palec (potocznie),,
3556,3,Tom III,Rozdział XXIX,Rzeczowniki,Części ciała,Ring finger,Palec serdeczny,,
3557,3,Tom III,Rozdział XXIX,Rzeczowniki,Części ciała,Middle finger,Palec środkowy,,
3558,3,Tom III,Rozdział XXIX,Rzeczowniki,Części ciała,Index finger,Palec wskazujący,,
3559,3,Tom III,Rozdział XXIX,Rzeczowniki,Części ciała,Heel,Pięta; obcas,,
3560,3,Tom III,Rozdział XXIX,Skróty,Komunikacja,Afaic,Jeśli o mnie chodzi (skrót),,
3561,3,Tom III,Rozdział XXIX,Skróty,Komunikacja,Afair,"Z tego, co pamiętam (skrót)",,
3562,3,Tom III,Rozdział XXIX,Skróty,Komunikacja,Ftfy,Naprawiłem to dla cb (skrót),,
3563,3,Tom III,Rozdział XXIX,Skróty,Komunikacja,Ygtr,Dokładnie tak (skrót),,
3564,3,Tom III,Rozdział XXIX,Skróty,Komunikacja,Bcc,Ukryte do wiadomości (skrót),,
3565,3,Tom III,Rozdział XXIX,Skróty,Komunikacja,Cc,Do wiadomości (skrót),,
3566,3,Tom III,Rozdział XXIX,Skróty,Komunikacja,Byob,Przynieś własną butelkę (skrót),,
3567,3,Tom III,Rozdział XXIX,Skróty,Komunikacja,Gl,Powodzenia (skrót),,
3568,3,Tom III,Rozdział XXIX,Skróty,Komunikacja,Ianal,Nie jestem prawnikiem (skrót),,
3569,3,Tom III,Rozdział XXIX,Skróty,Komunikacja,J4f,Tylko dla jaj (skrót),,
3570,3,Tom III,Rozdział XXIX,Rzeczowniki,Higiena I wygląd,Mustache,Wąsy (człowieka),,
3571,3,Tom III,Rozdział XXIX,Rzeczowniki,Higiena I wygląd,Razor,Brzytwa; golarka,,
3572,3,Tom III,Rozdział XXIX,Rzeczowniki,Higiena I wygląd,Massage,Masaż,,
3573,3,Tom III,Rozdział XXIX,Rzeczowniki,Higiena I wygląd,Suntan,Opalenizna (po opalaniu na słońcu),,
3574,3,Tom III,Rozdział XXIX,Rzeczowniki,Higiena I wygląd,Tan,Opalenizna (np. Po solarium),,
3575,3,Tom III,Rozdział XXIX,Rzeczowniki,Higiena I wygląd,Lipstick,Szminka,,
3576,3,Tom III,Rozdział XXIX,Rzeczowniki,Higiena I wygląd,Braid,Warkocz,,
3577,3,Tom III,Rozdział XXIX,Rzeczowniki,Higiena I wygląd,Elegance,Elegancja,,
3578,3,Tom III,Rozdział XXIX,Rzeczowniki,Higiena I wygląd,Sponge,Gąbka,,
3579,3,Tom III,Rozdział XXIX,Rzeczowniki,Higiena I wygląd,Grace,Gracja,,
3580,3,Tom III,Rozdział XXIX,Rzeczowniki,Higiena I wygląd,Freckle,Pieg,,
3581,3,Tom III,Rozdział XXIX,Rzeczowniki,Higiena I wygląd,Overweight,Nadwaga,,
3582,3,Tom III,Rozdział XXIX,Rzeczowniki,Higiena I wygląd,Underweight,Niedowaga,,
3583,3,Tom III,Rozdział XXIX,Rzeczowniki,Higiena I wygląd,Acne,Trądzik,,
3584,3,Tom III,Rozdział XXIX,Rzeczowniki,Higiena I wygląd,Appearance,Wygląd,,
3585,3,Tom III,Rozdział XXIX,Rzeczowniki,Kalendarz I czas,Lack of time,Brak czasu,,
3586,3,Tom III,Rozdział XXIX,Rzeczowniki,Kalendarz I czas,Daybreak,Brzask (świt),,
3587,3,Tom III,Rozdział XXIX,Rzeczowniki,Kalendarz I czas,Instant,Chwila,,
3588,3,Tom III,Rozdział XXIX,Rzeczowniki,Kalendarz I czas,Cycle,Cykl,,
3589,3,Tom III,Rozdział XXIX,Rzeczowniki,Kalendarz I czas,Summertime,Czas (okres) letni,,
3590,3,Tom III,Rozdział XXIX,Rzeczowniki,Kalendarz I czas,Lunchtime,Czas lunchu,,
3591,3,Tom III,Rozdział XXIX,Rzeczowniki,Kalendarz I czas,Duration,Czas trwania,,
3592,3,Tom III,Rozdział XXIX,Rzeczowniki,Kalendarz I czas,Decade,Dekada,,
3593,3,Tom III,Rozdział XXIX,Rzeczowniki,Kalendarz I czas,Daytime,Dzień (czas między świtem a zmierzchem),,
3594,3,Tom III,Rozdział XXIX,Rzeczowniki,Kalendarz I czas,The stone age,Epoka kamienia łupanego,,
3595,3,Tom III,Rozdział XXIX,Rzeczowniki,Kalendarz I czas,Era,Era,,
3596,3,Tom III,Rozdział XXIX,Rzeczowniki,Kalendarz I czas,Modern era,Nowożytność,,
3597,3,Tom III,Rozdział XXIX,Rzeczowniki,Kalendarz I czas,Period,Okres,,
3598,3,Tom III,Rozdział XXIX,Rzeczowniki,Kalendarz I czas,Teatime,Podwieczorek,,
3599,3,Tom III,Rozdział XXIX,Rzeczowniki,Kalendarz I czas,Time of day,Pora dnia,,
3600,3,Tom III,Rozdział XXIX,Czasowniki,Świat cyfrowy,Subscribe,Subskrybować,,
3601,3,Tom III,Rozdział XXIX,Czasowniki,Świat cyfrowy,Type,Pisać na wszystkim co ma klawisze,,
3602,3,Tom III,Rozdział XXIX,Czasowniki,Świat cyfrowy,Unlock,Odblokować,,
3603,3,Tom III,Rozdział XXIX,Czasowniki,Świat cyfrowy,Update,Zaktualizować; unowocześnić,,
3604,3,Tom III,Rozdział XXIX,Czasowniki,Świat cyfrowy,Switch,Przełączać; zmienić coś na coś,,
3605,3,Tom III,Rozdział XXIX,Czasowniki,Świat cyfrowy,Connect,Podłączać,,
3606,3,Tom III,Rozdział XXIX,Czasowniki,Świat cyfrowy,Downgrade,Zainstalować do starszej wersji; zdegradować,,
3607,3,Tom III,Rozdział XXIX,Czasowniki,Świat cyfrowy,Download,Zgrać (plik),,
3608,3,Tom III,Rozdział XXIX,Czasowniki,Świat cyfrowy,Load,Wczytywać (np. Dane),,
3609,3,Tom III,Rozdział XXIX,Czasowniki,Świat cyfrowy,Plug,Wetknąć; zatkać,,
3610,3,Tom III,Rozdział XXIX,Czasowniki,Świat cyfrowy,Reset,Wyzerować,,
3611,3,Tom III,Rozdział XXIX,Czasowniki,Świat cyfrowy,Rewind,Przewijać do tyłu; cofać,,
3612,3,Tom III,Rozdział XXIX,Czasowniki,Świat cyfrowy,Upgrade,Unowocześniać; ulepszać,,
3613,3,Tom III,Rozdział XXIX,Czasowniki,Świat cyfrowy,Upload,Wgrać (plik),,
3614,3,Tom III,Rozdział XXIX,Czasowniki,Świat cyfrowy,Adjust,Przystosowywać (się); regulować; ustawiać,,
3615,3,Tom III,Rozdział XXX,Skróty,Kontrakcje,C'mon,No cho,,
3616,3,Tom III,Rozdział XXX,Skróty,Kontrakcje,Coz,Bo,,
3617,3,Tom III,Rozdział XXX,Skróty,Kontrakcje,Dontcha,C'nie (o drugim rozmówcy w zdaniach o teraźniejszości),,
3618,3,Tom III,Rozdział XXX,Skróty,Kontrakcje,Dunno,Nie wiem (slang),,
3619,3,Tom III,Rozdział XXX,Skróty,Kontrakcje,Gimme,Daj mi (slang),,
3620,3,Tom III,Rozdział XXX,Skróty,Kontrakcje,Kinda,Trochę; trochę jak (slang),,
3621,3,Tom III,Rozdział XXX,Skróty,Kontrakcje,Em,Im; je (slang),,
3622,3,Tom III,Rozdział XXX,Skróty,Kontrakcje,Wanna,Chcieć (slang),,
3623,3,Tom III,Rozdział XXX,Skróty,Kontrakcje,Ain't,Nie (slang),,
3624,3,Tom III,Rozdział XXX,Skróty,Kontrakcje,Gonna,Mieć zamiar (slang),,
3625,3,Tom III,Rozdział XXX,Rzeczowniki,Pogoda,Thunderstorm,Burza z piorunami,,
3626,3,Tom III,Rozdział XXX,Rzeczowniki,Pogoda,Darkness,Ciemność,,
3627,3,Tom III,Rozdział XXX,Rzeczowniki,Pogoda,Hail,Grad,,
3628,3,Tom III,Rozdział XXX,Rzeczowniki,Pogoda,Hurricane,Huragan,,
3629,3,Tom III,Rozdział XXX,Rzeczowniki,Pogoda,Drizzle,Mżawka,,
3630,3,Tom III,Rozdział XXX,Rzeczowniki,Pogoda,Rainfall,Opad deszczu,,
3631,3,Tom III,Rozdział XXX,Rzeczowniki,Pogoda,Lightning,Błyskawica,,
3632,3,Tom III,Rozdział XXX,Rzeczowniki,Pogoda,Flood,Powódź,,
3633,3,Tom III,Rozdział XXX,Rzeczowniki,Pogoda,Drought,Susza,,
3634,3,Tom III,Rozdział XXX,Rzeczowniki,Pogoda,Snowfall,Opad śniegu,,
3635,3,Tom III,Rozdział XXX,Rzeczowniki,Pogoda,Moonlight,Światło księżyca,,
3636,3,Tom III,Rozdział XXX,Rzeczowniki,Pogoda,Daylight,Światło słoneczne,,
3637,3,Tom III,Rozdział XXX,Rzeczowniki,Pogoda,Downpour,Ulewa,,
3638,3,Tom III,Rozdział XXX,Rzeczowniki,Pogoda,Heat,Upał,,
3639,3,Tom III,Rozdział XXX,Rzeczowniki,Pogoda,Nightfall,Nadejście nocy (zmrok),,
3640,3,Tom III,Rozdział XXX,Slang,Slang 14,Yais!,"Więcej niż tylko ""Tak!""",,
3641,3,Tom III,Rozdział XXX,Slang,Slang 14,Dope,Odlotowy,,
3642,3,Tom III,Rozdział XXX,Slang,Slang 14,Sweet,Fajowsko; miło (zawsze możesz użyć),,
3643,3,Tom III,Rozdział XXX,Slang,Slang 14,Go you!,Brawo ty!,,
3644,3,Tom III,Rozdział XXX,Slang,Slang 14,Wack,Bardzo spoko,,
3645,3,Tom III,Rozdział XXX,Slang,Slang 14,Bang!,"Podkreślenie, że zrobiłem coś super (""Bang!)",,
3646,3,Tom III,Rozdział XXX,Slang,Slang 14,I'm down,Wchodzę w to (zgadzam się na to),,
3647,3,Tom III,Rozdział XXX,Slang,Slang 14,No sweat,Nic wielkiego,,
3648,3,Tom III,Rozdział XXX,Slang,Slang 14,Kek,Śmieszki,,
3649,3,Tom III,Rozdział XXX,Slang,Slang 14,Savage,Brutal; bezlitośnie,,
3650,3,Tom III,Rozdział XXX,Czasowniki,Czasowniki 14,Rely,Polegać; opierać się; bazować,,
3651,3,Tom III,Rozdział XXX,Czasowniki,Czasowniki 14,Baby-sit,Niańczyć,,
3652,3,Tom III,Rozdział XXX,Czasowniki,Czasowniki 14,Entertain,Zabawiać (kogoś); bawić (kogoś),,
3653,3,Tom III,Rozdział XXX,Czasowniki,Czasowniki 14,Sympathize,Współczuć,,
3654,3,Tom III,Rozdział XXX,Czasowniki,Czasowniki 14,Accuse,Oskarżać,,
3655,3,Tom III,Rozdział XXX,Czasowniki,Czasowniki 14,Engage,Wciągać; angażować,,
3656,3,Tom III,Rozdział XXX,Czasowniki,Czasowniki 14,Owe,Zawdzięczać; być winnym,,
3657,3,Tom III,Rozdział XXX,Czasowniki,Czasowniki 14,Challenge,Rzucać wyzwanie,,
3658,3,Tom III,Rozdział XXX,Czasowniki,Czasowniki 14,Free,Uwolnić; wyswobodzić,,
3659,3,Tom III,Rozdział XXX,Czasowniki,Czasowniki 14,Compromise,Iść na kompromis,,
3660,3,Tom III,Rozdział XXX,Czasowniki,Czasowniki 14,Spoil,"Rozpieszczać (np. Dziecko, dziewczynę)",,
3661,3,Tom III,Rozdział XXX,Czasowniki,Czasowniki 14,Release,Zwalniać z czegoś; uwalniać,,
3662,3,Tom III,Rozdział XXX,Czasowniki,Czasowniki 14,Relate,Wiązać się z czymś; być spokrewnionym,,
3663,3,Tom III,Rozdział XXX,Czasowniki,Czasowniki 14,Guide,Pokierować; oprowadzać,,
3664,3,Tom III,Rozdział XXX,Czasowniki,Czasowniki 14,Guard,Strzec; chronić; pilnować,,
3665,3,Tom III,Rozdział XXX,Czasowniki,Sukces,Achieve,Osiągać,,
3666,3,Tom III,Rozdział XXX,Czasowniki,Sukces,Obtain,Uzyskiwać; otrzymywać; zdobywać,,
3667,3,Tom III,Rozdział XXX,Czasowniki,Sukces,Reward,Nagradzać,,
3668,3,Tom III,Rozdział XXX,Czasowniki,Sukces,Astonish,Zdumiewać; zadziwiać,,
3669,3,Tom III,Rozdział XXX,Czasowniki,Sukces,Succeed,"Odnieść sukces; udawać się (w tym, czym się planowało)",,
3670,3,Tom III,Rozdział XXX,Czasowniki,Sukces,Fulfill,Spełniać; zaspokajać,,
3671,3,Tom III,Rozdział XXX,Czasowniki,Sukces,Benefit,Czerpać korzyści; zyskiwać,,
3672,3,Tom III,Rozdział XXX,Czasowniki,Sukces,Triumph,Triumfować,,
3673,3,Tom III,Rozdział XXX,Czasowniki,Sukces,Accomplish,Dokonać (czegoś); ukończyć,,
3674,3,Tom III,Rozdział XXX,Czasowniki,Sukces,Amaze,Zadziwiać; zdumiewać,,
3675,3,Tom III,Rozdział XXX,Czasowniki,Sukces,Overcome,Przezwyciężać,,
3676,3,Tom III,Rozdział XXX,Czasowniki,Sukces,Excel,Górować; wyróżniać się (np. Wynikami),,
3677,3,Tom III,Rozdział XXX,Czasowniki,Sukces,Flourish,Dobrze prosperować; rozkwitać,,
3678,3,Tom III,Rozdział XXX,Czasowniki,Sukces,Enrich,Wzbogacać,,
3679,3,Tom III,Rozdział XXX,Czasowniki,Sukces,Succeed,"Odnieść sukces; udawać się (w tym, czym się planowało)",,
3680,3,Tom III,Rozdział XXX,Rzeczowniki,Podróże,Accommodation,Zakwaterowanie,,
3681,3,Tom III,Rozdział XXX,Rzeczowniki,Podróże,Departure,Odjazd,,
3682,3,Tom III,Rozdział XXX,Rzeczowniki,Podróże,Hitchhiking,Autostop,,
3683,3,Tom III,Rozdział XXX,Rzeczowniki,Podróże,Lodgings,Kwatera,,
3684,3,Tom III,Rozdział XXX,Rzeczowniki,Podróże,Lighthouse,Latarnia morska,,
3685,3,Tom III,Rozdział XXX,Rzeczowniki,Podróże,Sunbed,Leżak,,
3686,3,Tom III,Rozdział XXX,Rzeczowniki,Podróże,Whereabouts,Miejsce pobytu,,
3687,3,Tom III,Rozdział XXX,Rzeczowniki,Podróże,Pier,Molo,,
3688,3,Tom III,Rozdział XXX,Rzeczowniki,Podróże,Shell,Muszla,,
3689,3,Tom III,Rozdział XXX,Rzeczowniki,Podróże,Camp,Obóz,,
3690,3,Tom III,Rozdział XXX,Rzeczowniki,Podróże,Campfire,Ognisko,,
3691,3,Tom III,Rozdział XXX,Rzeczowniki,Podróże,Sunbathing,Opalanie,,
3692,3,Tom III,Rozdział XXX,Rzeczowniki,Podróże,Campsite,Pole namiotowe,,
3693,3,Tom III,Rozdział XXX,Rzeczowniki,Podróże,Monument,Pomnik; zabytek,,
3694,3,Tom III,Rozdział XXX,Rzeczowniki,Podróże,Border crossing,Przejście graniczne,,
3695,3,Tom III,Rozdział XXX,Slang,Slang 15,Slick,Gładki (czasem nawet śliski); czaruś; dżentelmen; zimny jak lód,,
3696,3,Tom III,Rozdział XXX,Slang,Slang 15,Social butterfly,Mistrz interakcji społecznych,,
3697,3,Tom III,Rozdział XXX,Slang,Slang 15,Whiz,Szpenio (wybitny specjalista),,
3698,3,Tom III,Rozdział XXX,Slang,Slang 15,Pro,Mega spec,,
3699,3,Tom III,Rozdział XXX,Slang,Slang 15,Fella,Facet; gość; koleś,,
3700,3,Tom III,Rozdział XXX,Slang,Slang 15,Homeboy,Ziomeczek; swój człowiek,,
3701,3,Tom III,Rozdział XXX,Slang,Slang 15,Punk kid,"Nastolatek (małolat, szczeniak, młodziak); gówniarz",,
3702,3,Tom III,Rozdział XXX,Slang,Slang 15,Gal,Porządna dziewczyna,,
3703,3,Tom III,Rozdział XXX,Slang,Slang 15,Homegirl,Ziomalka,,
3704,3,Tom III,Rozdział XXX,Slang,Slang 15,Chap,Chłopina,,
3705,3,Tom III,Rozdział XXX,Rzeczowniki,Zawody,Hostess,Hostessa,,
3706,3,Tom III,Rozdział XXX,Rzeczowniki,Zawody,Internist,Internista,,
3707,3,Tom III,Rozdział XXX,Rzeczowniki,Zawody,Jeweler,Jubiler,,
3708,3,Tom III,Rozdział XXX,Rzeczowniki,Zawody,Executive,Kierownik; wykonawca,,
3709,3,Tom III,Rozdział XXX,Rzeczowniki,Zawody,Ticket inspector,Konduktor,,
3710,3,Tom III,Rozdział XXX,Rzeczowniki,Zawody,Inspector,Kontroler,,
3711,3,Tom III,Rozdział XXX,Rzeczowniki,Zawody,Tailor,Krawiec,,
3712,3,Tom III,Rozdział XXX,Rzeczowniki,Zawody,Physician,Lekarz medycyny,,
3713,3,Tom III,Rozdział XXX,Rzeczowniki,Zawody,Family doctor,Lekarz rodzinny,,
3714,3,Tom III,Rozdział XXX,Rzeczowniki,Zawody,Foreman,Majster; kierownik robót,,
3715,3,Tom III,Rozdział XXX,Rzeczowniki,Zawody,Broker,Makler,,
3716,3,Tom III,Rozdział XXX,Rzeczowniki,Zawody,Sailor,Marynarz,,
3717,3,Tom III,Rozdział XXX,Rzeczowniki,Zawody,Hunter,Myśliwy,,
3718,3,Tom III,Rozdział XXX,Rzeczowniki,Zawody,Bodyguard,Ochroniarz,,
3719,3,Tom III,Rozdział XXX,Rzeczowniki,Zawody,Cameraman,Operator (kamery),,
3720,3,Tom III,Rozdział XXX,Rzeczowniki,Kultura,Tradition,Tradycja,,
3721,3,Tom III,Rozdział XXX,Rzeczowniki,Kultura,Exhibition,Wystawa,,
3722,3,Tom III,Rozdział XXX,Rzeczowniki,Kultura,Play,Sztuka teatralna,,
3723,3,Tom III,Rozdział XXX,Rzeczowniki,Kultura,Gallery,Galeria,,
3724,3,Tom III,Rozdział XXX,Rzeczowniki,Kultura,Santa claus,Święty mikołaj,,
3725,3,Tom III,Rozdział XXX,Rzeczowniki,Kultura,Icon,Ikona,,
3726,3,Tom III,Rozdział XXX,Rzeczowniki,Kultura,Illustration,Ilustracja,,
3727,3,Tom III,Rozdział XXX,Rzeczowniki,Kultura,Session,Sesja,,
3728,3,Tom III,Rozdział XXX,Rzeczowniki,Kultura,Legend,Legenda,,
3729,3,Tom III,Rozdział XXX,Rzeczowniki,Kultura,Custom,Zwyczaj,,
3730,3,Tom III,Rozdział XXX,Rzeczowniki,Kultura,Painting,Malarstwo,,
3731,3,Tom III,Rozdział XXX,Rzeczowniki,Kultura,Drums,Perkusja,,
3732,3,Tom III,Rozdział XXX,Rzeczowniki,Kultura,Orchestra,Orkiestra,,
3733,3,Tom III,Rozdział XXX,Rzeczowniki,Kultura,Portrait,Portret,,
3734,3,Tom III,Rozdział XXX,Rzeczowniki,Kultura,Clown,Klaun,,
3735,3,Tom III,Rozdział XXX,Rzeczowniki,Zwierzęta,Rat,Szczur,,
3736,3,Tom III,Rozdział XXX,Rzeczowniki,Zwierzęta,Wolf,Wilk,,
3737,3,Tom III,Rozdział XXX,Rzeczowniki,Zwierzęta,Frog,Żaba,,
3738,3,Tom III,Rozdział XXX,Rzeczowniki,Zwierzęta,Turtle,Żółw,,
3739,3,Tom III,Rozdział XXX,Rzeczowniki,Zwierzęta,Creature,Stwór; stworzenie; istota,,
3740,3,Tom III,Rozdział XXX,Rzeczowniki,Zwierzęta,Ram,Baran,,
3741,3,Tom III,Rozdział XXX,Rzeczowniki,Zwierzęta,Ladybird,Biedronka,,
3742,3,Tom III,Rozdział XXX,Rzeczowniki,Zwierzęta,Calf,Cielę,,
3743,3,Tom III,Rozdział XXX,Rzeczowniki,Zwierzęta,Dolphin,Delfin,,
3744,3,Tom III,Rozdział XXX,Rzeczowniki,Zwierzęta,Worm,Robak (wijący),,
3745,3,Tom III,Rozdział XXX,Rzeczowniki,Zwierzęta,Gorilla,Goryl,,
3746,3,Tom III,Rozdział XXX,Rzeczowniki,Zwierzęta,Lamb,Jagnię; owieczka,,
3747,3,Tom III,Rozdział XXX,Rzeczowniki,Zwierzęta,Deer,Jeleń,,
3748,3,Tom III,Rozdział XXX,Rzeczowniki,Zwierzęta,Paw,Łapa,,
3749,3,Tom III,Rozdział XXX,Rzeczowniki,Zwierzęta,Elk,Łoś,,
3750,3,Tom IV,Rozdział XXXI,Przymiotniki,Ilość,Total,Całkowity,,
3751,3,Tom IV,Rozdział XXXI,Przymiotniki,Ilość,Extra,Ekstra; dodatkowy,,
3752,3,Tom IV,Rozdział XXXI,Przymiotniki,Ilość,Moderate,Umiarkowany,,
3753,3,Tom IV,Rozdział XXXI,Przymiotniki,Ilość,Whole,Cały; pełny (nienaruszony),,
3754,3,Tom IV,Rozdział XXXI,Przymiotniki,Ilość,Numerous,Liczny; mnogi; wiele,,
3755,3,Tom IV,Rozdział XXXI,Przymiotniki,Ilość,Maximal,Maksymalny,,
3756,3,Tom IV,Rozdział XXXI,Przymiotniki,Ilość,Minimal,Minimalny; znikomy,,
3757,3,Tom IV,Rozdział XXXI,Przymiotniki,Ilość,Plural,Mnogi,,
3758,3,Tom IV,Rozdział XXXI,Przymiotniki,Ilość,Singular,Pojedynczy; odosobniony,,
3759,3,Tom IV,Rozdział XXXI,Przymiotniki,Ilość,Entire,Cały (w komplecie),,
3760,3,Tom IV,Rozdział XXXI,Przymiotniki,Ilość,Decreasing,Malejący,,
3761,3,Tom IV,Rozdział XXXI,Przymiotniki,Ilość,Countless,Niezliczony,,
3762,3,Tom IV,Rozdział XXXI,Przymiotniki,Ilość,Countable,Policzalny,,
3763,3,Tom IV,Rozdział XXXI,Przymiotniki,Ilość,Multiple,Wielokrotny,,
3764,3,Tom IV,Rozdział XXXI,Przymiotniki,Ilość,Increasing,Wzrastający,,
3765,3,Tom IV,Rozdział XXXI,Slang,Slang 16,Heat up,Napalić się na coś; nakręcać się,,
3766,3,Tom IV,Rozdział XXXI,Slang,Slang 16,Let it slide,Darować; wybaczyć (coś),,
3767,3,Tom IV,Rozdział XXXI,Slang,Slang 16,Mom,Określenie opisujące najtroskliwszego przyjaciela (dzięki mamo),,
3768,3,Tom IV,Rozdział XXXI,Slang,Slang 16,Root for,"Dopingować (kogoś, coś)",,
3769,3,Tom IV,Rozdział XXXI,Slang,Slang 16,Be extra,Przesadzać z reakcją,,
3770,3,Tom IV,Rozdział XXXI,Slang,Slang 16,Get hitched,Hajtnąć się,,
3771,3,Tom IV,Rozdział XXXI,Slang,Slang 16,Diss,Odnosić się do kogoś z brakiem szacunku; nadawać na kogoś,,
3772,3,Tom IV,Rozdział XXXI,Slang,Slang 16,10 foot stick,Na odległość,,
3773,3,Tom IV,Rozdział XXXI,Slang,Slang 16,Bear hug,Przytulić na misia,,
3774,3,Tom IV,Rozdział XXXI,Slang,Slang 16,Roast,Robić sobie z kogoś jaja,,
3775,3,Tom IV,Rozdział XXXI,Rzeczowniki,Emocje I uczucia,Impression,Wrażenie,,
3776,3,Tom IV,Rozdział XXXI,Rzeczowniki,Emocje I uczucia,Aspiration,Aspiracja,,
3777,3,Tom IV,Rozdział XXXI,Rzeczowniki,Emocje I uczucia,Urge,Pragnienie (uczucie),,
3778,3,Tom IV,Rozdział XXXI,Rzeczowniki,Emocje I uczucia,Sense,Sens; poczucie,,
3779,3,Tom IV,Rozdział XXXI,Rzeczowniki,Emocje I uczucia,Touch,Dotyk,,
3780,3,Tom IV,Rozdział XXXI,Rzeczowniki,Emocje I uczucia,Sense,Zmysł,,
3781,3,Tom IV,Rozdział XXXI,Rzeczowniki,Emocje I uczucia,Hunger,Głód,,
3782,3,Tom IV,Rozdział XXXI,Rzeczowniki,Emocje I uczucia,Nostalgia,Nostalgia,,
3783,3,Tom IV,Rozdział XXXI,Rzeczowniki,Emocje I uczucia,Expectation,Oczekiwanie; wymaganie,,
3784,3,Tom IV,Rozdział XXXI,Rzeczowniki,Emocje I uczucia,Thirst,Pragnienie (chęć napicia się),,
3785,3,Tom IV,Rozdział XXXI,Rzeczowniki,Emocje I uczucia,Sensation,Sensacja (uczucie wewnętrzne),,
3786,3,Tom IV,Rozdział XXXI,Rzeczowniki,Emocje I uczucia,Sentiment,Sentyment,,
3787,3,Tom IV,Rozdział XXXI,Rzeczowniki,Emocje I uczucia,Hearing,Słuch,,
3788,3,Tom IV,Rozdział XXXI,Rzeczowniki,Emocje I uczucia,Laugh,Śmiech (dźwięk),,
3789,3,Tom IV,Rozdział XXXI,Rzeczowniki,Emocje I uczucia,Desire,Żądza; pragnienie,,
3790,3,Tom IV,Rozdział XXXI,Rzeczowniki,Małżonkowie,Groom,Pan młody,,
3791,3,Tom IV,Rozdział XXXI,Rzeczowniki,Małżonkowie,Bride,Panna młoda,,
3792,3,Tom IV,Rozdział XXXI,Rzeczowniki,Małżonkowie,Divorce,Rozwód,,
3793,3,Tom IV,Rozdział XXXI,Rzeczowniki,Małżonkowie,Wedding,Ślub,,
3794,3,Tom IV,Rozdział XXXI,Rzeczowniki,Małżonkowie,Everyday life,Życie codzienne; codzienność,,
3795,3,Tom IV,Rozdział XXXI,Rzeczowniki,Małżonkowie,Ex-wife,Była żona,,
3796,3,Tom IV,Rozdział XXXI,Rzeczowniki,Małżonkowie,Bachelor,Kawaler,,
3797,3,Tom IV,Rozdział XXXI,Rzeczowniki,Małżonkowie,Ex-husband,Były mąż,,
3798,3,Tom IV,Rozdział XXXI,Rzeczowniki,Małżonkowie,Widow,Wdowa,,
3799,3,Tom IV,Rozdział XXXI,Rzeczowniki,Małżonkowie,Widower,Wdowiec,,
3800,3,Tom IV,Rozdział XXXI,Rzeczowniki,Małżonkowie,Honeymoon,Miesiąc miodowy,,
3801,3,Tom IV,Rozdział XXXI,Rzeczowniki,Małżonkowie,Betrayal,Zdrada,,
3802,3,Tom IV,Rozdział XXXI,Rzeczowniki,Małżonkowie,Ceremony,Ceremonia,,
3803,3,Tom IV,Rozdział XXXI,Rzeczowniki,Małżonkowie,Maturity,Dojrzałość,,
3804,3,Tom IV,Rozdział XXXI,Rzeczowniki,Małżonkowie,Bridesmaid,Druhna,,
3805,3,Tom IV,Rozdział XXXI,Czasowniki,Podryw,Hug,Przytulać (się),,
3806,3,Tom IV,Rozdział XXXI,Czasowniki,Podryw,Propose,Oświadczać się,,
3807,3,Tom IV,Rozdział XXXI,Czasowniki,Podryw,Date,Randkować; chodzić ze sobą,,
3808,3,Tom IV,Rozdział XXXI,Czasowniki,Podryw,Desire,Pragnąć; pożądać,,
3809,3,Tom IV,Rozdział XXXI,Czasowniki,Podryw,Impress,Imponować; wywierać wrażenie,,
3810,3,Tom IV,Rozdział XXXI,Czasowniki,Podryw,Massage,Masować,,
3811,3,Tom IV,Rozdział XXXI,Czasowniki,Podryw,Seduce,Uwodzić,,
3812,3,Tom IV,Rozdział XXXI,Czasowniki,Podryw,Attract,Przyciągać; zwracać (np. Uwagę),,
3813,3,Tom IV,Rozdział XXXI,Czasowniki,Podryw,Cuddle,Przytulać się wzajemnie,,
3814,3,Tom IV,Rozdział XXXI,Czasowniki,Podryw,Tickle,Łaskotać,,
3815,3,Tom IV,Rozdział XXXI,Czasowniki,Podryw,Care,Przejmować się,,
3816,3,Tom IV,Rozdział XXXI,Czasowniki,Podryw,Tease,Kokietować,,
3817,3,Tom IV,Rozdział XXXI,Czasowniki,Podryw,Tempt,Kusić,,
3818,3,Tom IV,Rozdział XXXI,Czasowniki,Podryw,Embrace,Uściskać; obejmować,,
3819,3,Tom IV,Rozdział XXXI,Czasowniki,Podryw,Arouse,Podniecać,,
3820,3,Tom IV,Rozdział XXXI,Slang,Niefajne,Act a fool,Rżnąć głupa,,
3821,3,Tom IV,Rozdział XXXI,Slang,Niefajne,Basic,Coś typowego; coś przeciętnego,,
3822,3,Tom IV,Rozdział XXXI,Slang,Niefajne,Black eye,Śliwa; podbite oko,,
3823,3,Tom IV,Rozdział XXXI,Slang,Niefajne,Crap,Bzdury; badziewie,,
3824,3,Tom IV,Rozdział XXXI,Slang,Niefajne,Sucks,Do bani,,
3825,3,Tom IV,Rozdział XXXI,Slang,Niefajne,Call sb names,Wyzywać kogoś ( obrażać),,
3826,3,Tom IV,Rozdział XXXI,Slang,Niefajne,Chicken out,Mieć cykora; stchórzyć,,
3827,3,Tom IV,Rozdział XXXI,Slang,Niefajne,Dead broke,Spłukany totalnie,,
3828,3,Tom IV,Rozdział XXXI,Slang,Niefajne,Ditch,"Olać (coś, kogoś)",,
3829,3,Tom IV,Rozdział XXXI,Slang,Niefajne,Dump sb,Zerwać z kimś,,
3830,3,Tom IV,Rozdział XXXI,Zabronione,Człowiek jest piękny,Fabulous,Bajeczny,,
3831,3,Tom IV,Rozdział XXXI,Zabronione,Człowiek jest piękny,Fly,Odlotowa,,
3832,3,Tom IV,Rozdział XXXI,Zabronione,Człowiek jest piękny,Glamorous,Przepiękna; olśniewająca; pełna przepychu,,
3833,3,Tom IV,Rozdział XXXI,Zabronione,Człowiek jest piękny,Heart-stopping,Trafia w serce,,
3834,3,Tom IV,Rozdział XXXI,Zabronione,Człowiek jest piękny,Hypnotic,Hipnotyczna,,
3835,3,Tom IV,Rozdział XXXI,Zabronione,Człowiek jest piękny,Irresistible,Nie można się oprzeć,,
3836,3,Tom IV,Rozdział XXXI,Zabronione,Człowiek jest piękny,Magnetic,Przyciągająca,,
3837,3,Tom IV,Rozdział XXXI,Zabronione,Człowiek jest piękny,Seductive,Uwodzicielska,,
3838,3,Tom IV,Rozdział XXXI,Zabronione,Człowiek jest piękny,Smoking hot,Gorąca,,
3839,3,Tom IV,Rozdział XXXI,Zabronione,Człowiek jest piękny,Stunning,Odbierająca mowę,,
3840,3,Tom IV,Rozdział XXXI,Rzeczowniki,Biznes,Insurance,Ubezpieczenie,,
3841,3,Tom IV,Rozdział XXXI,Rzeczowniki,Biznes,Service,Usługa; obsługa,,
3842,3,Tom IV,Rozdział XXXI,Rzeczowniki,Biznes,Control,Kontrola,,
3843,3,Tom IV,Rozdział XXXI,Rzeczowniki,Biznes,Leader,Lider,,
3844,3,Tom IV,Rozdział XXXI,Rzeczowniki,Biznes,Overtime,Nadgodziny,,
3845,3,Tom IV,Rozdział XXXI,Rzeczowniki,Biznes,Leadership,Przywództwo,,
3846,3,Tom IV,Rozdział XXXI,Rzeczowniki,Biznes,Owner,Właściciel,,
3847,3,Tom IV,Rozdział XXXI,Rzeczowniki,Biznes,Co-owner,Współwłaściciel,,
3848,3,Tom IV,Rozdział XXXI,Rzeczowniki,Biznes,Return,Zwrot (np. Ubrania),,
3849,3,Tom IV,Rozdział XXXI,Rzeczowniki,Biznes,Agency,Agencja,,
3850,3,Tom IV,Rozdział XXXI,Rzeczowniki,Biznes,Unemployment,Bezrobocie,,
3851,3,Tom IV,Rozdział XXXI,Rzeczowniki,Biznes,Unemployed,Bezrobotny (człowiek),,
3852,3,Tom IV,Rozdział XXXI,Rzeczowniki,Biznes,Bureaucracy,Biurokracja,,
3853,3,Tom IV,Rozdział XXXI,Rzeczowniki,Biznes,Coordinator,Koordynator,,
3854,3,Tom IV,Rozdział XXXI,Rzeczowniki,Biznes,Accounting,Księgowość (branża),,
3855,3,Tom IV,Rozdział XXXI,Rzeczowniki,It,Sender,Nadawca,,
3856,3,Tom IV,Rozdział XXXI,Rzeczowniki,It,Receiver,Odbiorca,,
3857,3,Tom IV,Rozdział XXXI,Rzeczowniki,It,Notification,Powiadomienie,,
3858,3,Tom IV,Rozdział XXXI,Rzeczowniki,It,Feature,Cecha; funkcja,,
3859,3,Tom IV,Rozdział XXXI,Rzeczowniki,It,Compilation,Kompilacja,,
3860,3,Tom IV,Rozdział XXXI,Rzeczowniki,It,Configuration,Konfiguracja,,
3861,3,Tom IV,Rozdział XXXI,Rzeczowniki,It,Dot,Kropka (w adresie internetowym); punkcik,,
3862,3,Tom IV,Rozdział XXXI,Rzeczowniki,It,Modification,Modyfikacja,,
3863,3,Tom IV,Rozdział XXXI,Rzeczowniki,It,Pause,Pauza,,
3864,3,Tom IV,Rozdział XXXI,Rzeczowniki,It,Mode,Tryb,,
3865,3,Tom IV,Rozdział XXXI,Rzeczowniki,It,Attachment,Załącznik,,
3866,3,Tom IV,Rozdział XXXI,Rzeczowniki,It,Background,Tło,,
3867,3,Tom IV,Rozdział XXXI,Rzeczowniki,It,Communicator,Komunikator,,
3868,3,Tom IV,Rozdział XXXI,Rzeczowniki,It,Administrator,Administrator,,
3869,3,Tom IV,Rozdział XXXI,Rzeczowniki,It,Database,Baza danych,,
3870,2,Tom IV,Rozdział XXXI,Przymiotniki,Mile widziane,In love,Zakochany,,
3871,2,Tom IV,Rozdział XXXI,Przymiotniki,Mile widziane,Dear,Szanowny; drogi,,
3872,2,Tom IV,Rozdział XXXI,Przymiotniki,Mile widziane,Loving,Kochający; czuły,,
3873,2,Tom IV,Rozdział XXXI,Przymiotniki,Mile widziane,Ambitious,Ambitny,,
3874,2,Tom IV,Rozdział XXXI,Przymiotniki,Mile widziane,Patient,Cierpliwy,,
3875,2,Tom IV,Rozdział XXXI,Przymiotniki,Mile widziane,Proud,Dumny,,
3876,2,Tom IV,Rozdział XXXI,Przymiotniki,Mile widziane,Generous,Hojny; wspaniałomyślny,,
3877,2,Tom IV,Rozdział XXXI,Przymiotniki,Mile widziane,Outgoing,Łatwo poznający nowych ludzi; towarzyski,,
3878,2,Tom IV,Rozdział XXXI,Przymiotniki,Mile widziane,Wise,Mądry,,
3879,2,Tom IV,Rozdział XXXI,Przymiotniki,Mile widziane,Kind,Miły,,
3880,2,Tom IV,Rozdział XXXI,Przymiotniki,Mile widziane,Reliable,Niezawodny; wiarygodny,,
3881,2,Tom IV,Rozdział XXXI,Przymiotniki,Mile widziane,Responsible,Odpowiedzialny,,
3882,2,Tom IV,Rozdział XXXI,Przymiotniki,Mile widziane,Optimistic,Optymistyczny,,
3883,2,Tom IV,Rozdział XXXI,Przymiotniki,Mile widziane,Confident,Pewny siebie,,
3884,2,Tom IV,Rozdział XXXI,Przymiotniki,Mile widziane,Cheerful,Pogodny; radosny,,
3885,3,Tom IV,Rozdział XXXII,Czasowniki,Czasowniki 15,Bowl,Grać w kręgle,,
3886,3,Tom IV,Rozdział XXXII,Czasowniki,Czasowniki 15,Collect,Zbierać; kolekcjonować,,
3887,3,Tom IV,Rozdział XXXII,Czasowniki,Czasowniki 15,Practice,Ćwiczyć,,
3888,3,Tom IV,Rozdział XXXII,Czasowniki,Czasowniki 15,Chill,Wyluzowywać się,,
3889,3,Tom IV,Rozdział XXXII,Czasowniki,Czasowniki 15,Fish,Łowić ryby,,
3890,3,Tom IV,Rozdział XXXII,Czasowniki,Czasowniki 15,Sightsee,Zwiedzać,,
3891,3,Tom IV,Rozdział XXXII,Czasowniki,Czasowniki 15,Daydream,Śnić na jawie,,
3892,3,Tom IV,Rozdział XXXII,Czasowniki,Czasowniki 15,Hunt,Polować,,
3893,3,Tom IV,Rozdział XXXII,Czasowniki,Czasowniki 15,Pose,Pozować,,
3894,3,Tom IV,Rozdział XXXII,Czasowniki,Czasowniki 15,Be bored,Nudzić się,,
3895,3,Tom IV,Rozdział XXXII,Czasowniki,Czasowniki 15,Hike,Wędrować pieszo (turystycznie),,
3896,3,Tom IV,Rozdział XXXII,Czasowniki,Czasowniki 15,Hitchhike,Jeździć autostopem,,
3897,3,Tom IV,Rozdział XXXII,Czasowniki,Czasowniki 15,Juggle,Żonglować,,
3898,3,Tom IV,Rozdział XXXII,Czasowniki,Czasowniki 15,Knit,Robić na drutach,,
3899,3,Tom IV,Rozdział XXXII,Czasowniki,Czasowniki 15,Sculpt,Rzeźbić,,
3900,3,Tom IV,Rozdział XXXII,Rzeczowniki,Sport,Rival,Rywal,,
3901,3,Tom IV,Rozdział XXXII,Rzeczowniki,Sport,Attempt,Usiłowanie; próba,,
3902,3,Tom IV,Rozdział XXXII,Rzeczowniki,Sport,Effort,Wysiłek,,
3903,3,Tom IV,Rozdział XXXII,Rzeczowniki,Sport,Try,Próba,,
3904,3,Tom IV,Rozdział XXXII,Rzeczowniki,Sport,Ability,Zdolność,,
3905,3,Tom IV,Rozdział XXXII,Rzeczowniki,Sport,Skill,Umiejętność,,
3906,3,Tom IV,Rozdział XXXII,Rzeczowniki,Sport,Pitch,Boisko do gry,,
3907,3,Tom IV,Rozdział XXXII,Rzeczowniki,Sport,Fight,Walka,,
3908,3,Tom IV,Rozdział XXXII,Rzeczowniki,Sport,Arena,Arena,,
3909,3,Tom IV,Rozdział XXXII,Rzeczowniki,Sport,Net,Siatka; sieć,,
3910,3,Tom IV,Rozdział XXXII,Rzeczowniki,Sport,Attack,Atak,,
3911,3,Tom IV,Rozdział XXXII,Rzeczowniki,Sport,Athlete,Atleta; sportowiec,,
3912,3,Tom IV,Rozdział XXXII,Rzeczowniki,Sport,Quarter-final,Ćwierćfinał,,
3913,3,Tom IV,Rozdział XXXII,Rzeczowniki,Sport,Skateboard,Deskorolka,,
3914,3,Tom IV,Rozdział XXXII,Rzeczowniki,Sport,Foul,Faul,,
3915,3,Tom IV,Rozdział XXXII,Rzeczowniki,Społeczeństwo,Election,Wybory,,
3916,3,Tom IV,Rozdział XXXII,Rzeczowniki,Społeczeństwo,Activist,Aktywista,,
3917,3,Tom IV,Rozdział XXXII,Rzeczowniki,Społeczeństwo,Ecologist,Ekolog,,
3918,3,Tom IV,Rozdział XXXII,Rzeczowniki,Społeczeństwo,Beggar,Żebrak,,
3919,3,Tom IV,Rozdział XXXII,Rzeczowniki,Społeczeństwo,Embassy,Ambasada,,
3920,3,Tom IV,Rozdział XXXII,Rzeczowniki,Społeczeństwo,Anarchy,Anarchia,,
3921,3,Tom IV,Rozdział XXXII,Rzeczowniki,Społeczeństwo,Poverty,Bieda,,
3922,3,Tom IV,Rozdział XXXII,Rzeczowniki,Społeczeństwo,Civilization,Cywilizacja,,
3923,3,Tom IV,Rozdział XXXII,Rzeczowniki,Społeczeństwo,Membership,Członkostwo,,
3924,3,Tom IV,Rozdział XXXII,Rzeczowniki,Społeczeństwo,Discrimination,Dyskryminacja,,
3925,3,Tom IV,Rozdział XXXII,Rzeczowniki,Społeczeństwo,Emigration,Emigracja,,
3926,3,Tom IV,Rozdział XXXII,Rzeczowniki,Społeczeństwo,Foundation,Fundacja,,
3927,3,Tom IV,Rozdział XXXII,Rzeczowniki,Społeczeństwo,Globalization,Globalizacja,,
3928,3,Tom IV,Rozdział XXXII,Rzeczowniki,Społeczeństwo,Hierarchy,Hierarchia,,
3929,3,Tom IV,Rozdział XXXII,Rzeczowniki,Społeczeństwo,Anthem,Hymn,,
3930,3,Tom IV,Rozdział XXXII,Slang,Slang 17,Quid,Funty,,
3931,3,Tom IV,Rozdział XXXII,Slang,Slang 17,Blow money,Wywalać hajs,,
3932,3,Tom IV,Rozdział XXXII,Slang,Slang 17,Dime,Dziesięciocentówka; dyszka,,
3933,3,Tom IV,Rozdział XXXII,Slang,Slang 17,Fast money,Szybki szmal (często nielegalny),,
3934,3,Tom IV,Rozdział XXXII,Slang,Slang 17,Filthy rich,"Bogaty (dziany, przy forsie)",,
3935,3,Tom IV,Rozdział XXXII,Slang,Slang 17,Flat broke,Totalnie spłukany,,
3936,3,Tom IV,Rozdział XXXII,Slang,Slang 17,Gee,Patol,,
3937,3,Tom IV,Rozdział XXXII,Slang,Slang 17,Jackpot,Czysty zysk; żyła złota; trafić w dziesiątkę,,
3938,3,Tom IV,Rozdział XXXII,Slang,Slang 17,Scratch,Forsa,,
3939,3,Tom IV,Rozdział XXXII,Slang,Slang 17,Broke,Spłukany; bez kasy,,
3940,3,Tom IV,Rozdział XXXII,Phrasale,Ręką,Throw out,Wyrzucić,,
3941,3,Tom IV,Rozdział XXXII,Phrasale,Ręką,Write sth down,Zapisać coś,,
3942,3,Tom IV,Rozdział XXXII,Phrasale,Ręką,Cut off,Odcinać; ucinać,,
3943,3,Tom IV,Rozdział XXXII,Phrasale,Ręką,Get sth down,Zdejmować coś (z góry),,
3944,3,Tom IV,Rozdział XXXII,Phrasale,Ręką,Put sth away,Odłożyć; przechować coś,,
3945,3,Tom IV,Rozdział XXXII,Phrasale,Ręką,Put down,Położyć,,
3946,3,Tom IV,Rozdział XXXII,Phrasale,Ręką,Put in,Włożyć; wkładać,,
3947,3,Tom IV,Rozdział XXXII,Phrasale,Ręką,Sign in,Wpisać się,,
3948,3,Tom IV,Rozdział XXXII,Phrasale,Ręką,Go for sth,Sięgać,,
3949,3,Tom IV,Rozdział XXXII,Phrasale,Ręką,Hand out,Wręczyć coś,,
3950,3,Tom IV,Rozdział XXXII,Przymiotniki,Rycerz,Worthy,Godny,,
3951,3,Tom IV,Rozdział XXXII,Przymiotniki,Rycerz,Brave,Odważny (dzielny),,
3952,3,Tom IV,Rozdział XXXII,Przymiotniki,Rycerz,Sincere,Szczery; serdeczny,,
3953,3,Tom IV,Rozdział XXXII,Przymiotniki,Rycerz,Modest,Skromny,,
3954,3,Tom IV,Rozdział XXXII,Przymiotniki,Rycerz,Honest,Uczciwy,,
3955,3,Tom IV,Rozdział XXXII,Przymiotniki,Rycerz,Caring,Troskliwy,,
3956,3,Tom IV,Rozdział XXXII,Przymiotniki,Rycerz,Faithful,Wierny,,
3957,3,Tom IV,Rozdział XXXII,Przymiotniki,Rycerz,Gentle,Delikatny (podmiot relacji),,
3958,3,Tom IV,Rozdział XXXII,Przymiotniki,Rycerz,Charming,Czarujący uroczy,,
3959,3,Tom IV,Rozdział XXXII,Przymiotniki,Rycerz,Subtle,Subtelny,,
3960,3,Tom IV,Rozdział XXXII,Przymiotniki,Rycerz,Fond,Lubiący; kochający,,
3961,3,Tom IV,Rozdział XXXII,Przymiotniki,Rycerz,Well-mannered,Dobrze wychowany,,
3962,3,Tom IV,Rozdział XXXII,Przymiotniki,Rycerz,Courageous,Dzielny (odważny),,
3963,3,Tom IV,Rozdział XXXII,Przymiotniki,Rycerz,Adventurous,Żądny przygód; śmiały,,
3964,3,Tom IV,Rozdział XXXII,Przymiotniki,Rycerz,Humble,Pokorny; skromny,,
3965,3,Tom IV,Rozdział XXXII,Phrasale,Świat cyfrowy,Log in,Zalogować się,,
3966,3,Tom IV,Rozdział XXXII,Phrasale,Świat cyfrowy,Log out,Wylogować się,,
3967,3,Tom IV,Rozdział XXXII,Phrasale,Świat cyfrowy,Go offline,Wyjść z internetu,,
3968,3,Tom IV,Rozdział XXXII,Phrasale,Świat cyfrowy,Go online,Wejść do internetu; być online,,
3969,3,Tom IV,Rozdział XXXII,Phrasale,Świat cyfrowy,Load up,Załadować się (o programie),,
3970,3,Tom IV,Rozdział XXXII,Phrasale,Świat cyfrowy,Print out,Wydrukować,,
3971,3,Tom IV,Rozdział XXXII,Phrasale,Świat cyfrowy,Scroll down,Przewijać w dół,,
3972,3,Tom IV,Rozdział XXXII,Phrasale,Świat cyfrowy,Scroll up,Przewijać do góry,,
3973,3,Tom IV,Rozdział XXXII,Phrasale,Świat cyfrowy,Shut down,Wyłączać się (samo),,
3974,3,Tom IV,Rozdział XXXII,Phrasale,Świat cyfrowy,Filter out,Odfiltrować,,
3975,3,Tom IV,Rozdział XXXII,Rzeczowniki,Rzeczowniki 10,Bang,Huk,,
3976,3,Tom IV,Rozdział XXXII,Rzeczowniki,Rzeczowniki 10,Whistle,Gwizd,,
3977,3,Tom IV,Rozdział XXXII,Rzeczowniki,Rzeczowniki 10,Cube,Kostka; sześcian,,
3978,3,Tom IV,Rozdział XXXII,Rzeczowniki,Rzeczowniki 10,Sphere,Kula,,
3979,3,Tom IV,Rozdział XXXII,Rzeczowniki,Rzeczowniki 10,Melody,Melodia (część utworu),,
3980,3,Tom IV,Rozdział XXXII,Rzeczowniki,Rzeczowniki 10,Tune,Melodia (cały utwór); kawałek,,
3981,3,Tom IV,Rozdział XXXII,Rzeczowniki,Rzeczowniki 10,Circle,Okrąg,,
3982,3,Tom IV,Rozdział XXXII,Rzeczowniki,Rzeczowniki 10,Square,Kwadrat,,
3983,3,Tom IV,Rozdział XXXII,Rzeczowniki,Rzeczowniki 10,Orientation,Orientacja,,
3984,3,Tom IV,Rozdział XXXII,Rzeczowniki,Rzeczowniki 10,Rectangle,Prostokąt,,
3985,3,Tom IV,Rozdział XXXII,Rzeczowniki,Rzeczowniki 10,Whisper,Szept,,
3986,3,Tom IV,Rozdział XXXII,Rzeczowniki,Rzeczowniki 10,Triangle,Trójkąt,,
3987,3,Tom IV,Rozdział XXXII,Rzeczowniki,Rzeczowniki 10,Snoring,Chrapanie,,
3988,3,Tom IV,Rozdział XXXII,Rzeczowniki,Rzeczowniki 10,Placement,Umieszczenie,,
3989,3,Tom IV,Rozdział XXXII,Rzeczowniki,Rzeczowniki 10,Location,Lokalizacja,,
3990,3,Tom IV,Rozdział XXXII,Rzeczowniki,Rzeczowniki 11,Limitation,Ograniczenie,,
3991,3,Tom IV,Rozdział XXXII,Rzeczowniki,Rzeczowniki 11,Capability,Możność (zrobienia czegoś); zdolność,,
3992,3,Tom IV,Rozdział XXXII,Rzeczowniki,Rzeczowniki 11,Abstraction,Abstrakcja,,
3993,3,Tom IV,Rozdział XXXII,Rzeczowniki,Rzeczowniki 11,Being,Byt,,
3994,3,Tom IV,Rozdział XXXII,Rzeczowniki,Rzeczowniki 11,Alternative,Alternatywa,,
3995,3,Tom IV,Rozdział XXXII,Rzeczowniki,Rzeczowniki 11,Obligation,Obowiązek; zobowiązanie,,
3996,3,Tom IV,Rozdział XXXII,Rzeczowniki,Rzeczowniki 11,Substitute,Zamiennik; substytut,,
3997,3,Tom IV,Rozdział XXXII,Rzeczowniki,Rzeczowniki 11,Attribute,Atrybut,,
3998,3,Tom IV,Rozdział XXXII,Rzeczowniki,Rzeczowniki 11,Purpose,Cel,,
3999,3,Tom IV,Rozdział XXXII,Rzeczowniki,Rzeczowniki 11,Illusion,Iluzja,,
4000,3,Tom IV,Rozdział XXXII,Rzeczowniki,Rzeczowniki 11,Disadvantage,Wada; słabość,,
4001,3,Tom IV,Rozdział XXXII,Rzeczowniki,Rzeczowniki 11,Existence,Istnienie,,
4002,3,Tom IV,Rozdział XXXII,Rzeczowniki,Rzeczowniki 11,Essence,Istota,,
4003,3,Tom IV,Rozdział XXXII,Rzeczowniki,Rzeczowniki 11,Concept,Koncepcja; pojęcie,,
4004,3,Tom IV,Rozdział XXXII,Rzeczowniki,Rzeczowniki 11,Consequence,Konsekwencja,,
4005,3,Tom IV,Rozdział XXXII,Phrasale,Przemieszczanie się,Come by,Wpaść do kogoś,,
4006,3,Tom IV,Rozdział XXXII,Phrasale,Przemieszczanie się,Get sb back,Odprowadzić; odwieźć kogoś,,
4007,3,Tom IV,Rozdział XXXII,Phrasale,Przemieszczanie się,Get into,Wejść do jakiegoś miejsca (szczególnie gdy jest trudne),,
4008,3,Tom IV,Rozdział XXXII,Phrasale,Przemieszczanie się,Go down,Schodzić,,
4009,3,Tom IV,Rozdział XXXII,Phrasale,Przemieszczanie się,Run up,Podbiec,,
4010,3,Tom IV,Rozdział XXXII,Phrasale,Przemieszczanie się,Run down,Zbiec,,
4011,3,Tom IV,Rozdział XXXII,Phrasale,Przemieszczanie się,Get in,Przyjeżdżać; przychodzić do domu,,
4012,3,Tom IV,Rozdział XXXII,Phrasale,Przemieszczanie się,Walk sb out,Odprowadzić kogoś pieszo,,
4013,3,Tom IV,Rozdział XXXII,Phrasale,Przemieszczanie się,Go around,Okrążać; obchodzić,,
4014,3,Tom IV,Rozdział XXXII,Phrasale,Przemieszczanie się,Walk up,Wejść na górę; podejść (do czegoś),,
4015,3,Tom IV,Rozdział XXXIII,Rzeczowniki,Rośliny I ogród,Fence,Płot,,
4016,3,Tom IV,Rozdział XXXIII,Rzeczowniki,Rośliny I ogród,Backyard,Ogródek; podwórko (przy domu),,
4017,3,Tom IV,Rozdział XXXIII,Rzeczowniki,Rośliny I ogród,Lawn,Trawnik,,
4018,3,Tom IV,Rozdział XXXIII,Rzeczowniki,Rośliny I ogród,Bucket,Wiadro,,
4019,3,Tom IV,Rozdział XXXIII,Rzeczowniki,Rośliny I ogród,Watering can,Konewka,,
4020,3,Tom IV,Rozdział XXXIII,Rzeczowniki,Rośliny I ogród,Cactus,Kaktus,,
4021,3,Tom IV,Rozdział XXXIII,Rzeczowniki,Rośliny I ogród,Lily,Lilia,,
4022,3,Tom IV,Rozdział XXXIII,Rzeczowniki,Rośliny I ogród,Gardening,Ogrodnictwo,,
4023,3,Tom IV,Rozdział XXXIII,Rzeczowniki,Rośliny I ogród,Seed,Pestka,,
4024,3,Tom IV,Rozdział XXXIII,Rzeczowniki,Rośliny I ogród,Sunflower,Słonecznik,,
4025,3,Tom IV,Rozdział XXXIII,Rzeczowniki,Rośliny I ogród,Herb,Zioło,,
4026,3,Tom IV,Rozdział XXXIII,Rzeczowniki,Rośliny I ogród,Bush,Krzew,,
4027,3,Tom IV,Rozdział XXXIII,Rzeczowniki,Rośliny I ogród,Lawn mower,Kosiarka,,
4028,3,Tom IV,Rozdział XXXIII,Rzeczowniki,Rośliny I ogród,Pond,Staw (zbiornik wodny),,
4029,3,Tom IV,Rozdział XXXIII,Rzeczowniki,Rośliny I ogród,Daisy,Stokrotka,,
4030,3,Tom IV,Rozdział XXXIII,Rzeczowniki,Rzeczowniki 12,Secret,Sekret,,
4031,3,Tom IV,Rozdział XXXIII,Rzeczowniki,Rzeczowniki 12,Domination,Dominacja,,
4032,3,Tom IV,Rozdział XXXIII,Rzeczowniki,Rzeczowniki 12,Aid,Pomoc; wsparcie,,
4033,3,Tom IV,Rozdział XXXIII,Rzeczowniki,Rzeczowniki 12,Visit,Wizyta,,
4034,3,Tom IV,Rozdział XXXIII,Rzeczowniki,Rzeczowniki 12,Handshake,Uścisk dłoni,,
4035,3,Tom IV,Rozdział XXXIII,Rzeczowniki,Rzeczowniki 12,Community,Wspólnota,,
4036,3,Tom IV,Rozdział XXXIII,Rzeczowniki,Rzeczowniki 12,Relation,Relacja; związek,,
4037,3,Tom IV,Rozdział XXXIII,Rzeczowniki,Rzeczowniki 12,Romance,Romans,,
4038,3,Tom IV,Rozdział XXXIII,Rzeczowniki,Rzeczowniki 12,Love affair,Romans (zdrada),,
4039,3,Tom IV,Rozdział XXXIII,Rzeczowniki,Rzeczowniki 12,Sisterhood,Siostrzeństwo,,
4040,3,Tom IV,Rozdział XXXIII,Rzeczowniki,Rzeczowniki 12,Revenge,Zemsta,,
4041,3,Tom IV,Rozdział XXXIII,Rzeczowniki,Rzeczowniki 12,Attraction,Przyciąganie (pociąg do czegoś),,
4042,3,Tom IV,Rozdział XXXIII,Rzeczowniki,Rzeczowniki 12,Acquaintance,Znajomość,,
4043,3,Tom IV,Rozdział XXXIII,Rzeczowniki,Rzeczowniki 12,Gesture,Gest,,
4044,3,Tom IV,Rozdział XXXIII,Rzeczowniki,Rzeczowniki 12,Intimacy,Intymność,,
4045,3,Tom IV,Rozdział XXXIII,Przymiotniki,Unikać,Stressful,Stresujący,,
4046,3,Tom IV,Rozdział XXXIII,Przymiotniki,Unikać,Anger,Gniew; złość,,
4047,3,Tom IV,Rozdział XXXIII,Przymiotniki,Unikać,Narcotics,Narkotyki,,
4048,3,Tom IV,Rozdział XXXIII,Przymiotniki,Unikać,Lie,Kłamstwo,,
4049,3,Tom IV,Rozdział XXXIII,Przymiotniki,Unikać,Trouble,Kłopot,,
4050,3,Tom IV,Rozdział XXXIII,Przymiotniki,Unikać,Tear,Łza,,
4051,3,Tom IV,Rozdział XXXIII,Przymiotniki,Unikać,Hate,Nienawiść,,
4052,3,Tom IV,Rozdział XXXIII,Przymiotniki,Unikać,Bad luck,Pech,,
4053,3,Tom IV,Rozdział XXXIII,Przymiotniki,Unikać,Cry,Płacz; wołanie (o pomoc),,
4054,3,Tom IV,Rozdział XXXIII,Przymiotniki,Unikać,Sorrow,Zasmucenie; przygnębienie,,
4055,3,Tom IV,Rozdział XXXIII,Przymiotniki,Unikać,Fear,Strach,,
4056,3,Tom IV,Rozdział XXXIII,Przymiotniki,Unikać,Shock,Szok,,
4057,3,Tom IV,Rozdział XXXIII,Przymiotniki,Unikać,Fault,Wina (kiedy ktoś coś zrobił źle),,
4058,3,Tom IV,Rozdział XXXIII,Przymiotniki,Unikać,Burnout,Wypalenie (przemęczenie),,
4059,3,Tom IV,Rozdział XXXIII,Przymiotniki,Unikać,Aggression,Agresja,,
4060,3,Tom IV,Rozdział XXXIII,Slang,Love,Bestie,Najlepsza kumpela,,
4061,3,Tom IV,Rozdział XXXIII,Slang,Love,Beau,Śliczności,,
4062,3,Tom IV,Rozdział XXXIII,Slang,Love,Darling,Kochanie; moja droga,,
4063,3,Tom IV,Rozdział XXXIII,Slang,Love,One-and-only,Ta jedna jedyna,,
4064,3,Tom IV,Rozdział XXXIII,Slang,Love,Sisters in spirit,Najlepsze przyjaciółki,,
4065,3,Tom IV,Rozdział XXXIII,Slang,Love,Sugar,Ukochana; moja słodka - zwracając się do ukochanej,,
4066,3,Tom IV,Rozdział XXXIII,Slang,Love,Sugar thing,"Ukochana (o niej, lekko protekcjonalnie)",,
4067,3,Tom IV,Rozdział XXXIII,Slang,Love,Sweetheart,Serduszko,,
4068,3,Tom IV,Rozdział XXXIII,Slang,Love,Wifey,Żonka,,
4069,3,Tom IV,Rozdział XXXIII,Slang,Love,Hubby,Mężuś,,
4070,3,Tom IV,Rozdział XXXIII,Phrasale,Szybcy I wściekli,Get away,Wyjechać; wyrwać się (skądś),,
4071,3,Tom IV,Rozdział XXXIII,Phrasale,Szybcy I wściekli,Get off,Wysiadać (opuścić pojazd),,
4072,3,Tom IV,Rozdział XXXIII,Phrasale,Szybcy I wściekli,Get on,"Wsiadać (do środków masowej komunikacji np. Autobus, samolot)",,
4073,3,Tom IV,Rozdział XXXIII,Phrasale,Szybcy I wściekli,Go after,Ruszać w pogoń (także za marzeniami),,
4074,3,Tom IV,Rozdział XXXIII,Phrasale,Szybcy I wściekli,Pull away,Ruszać (samochodem),,
4075,3,Tom IV,Rozdział XXXIII,Phrasale,Szybcy I wściekli,Pull over,Zjechać na pobocze,,
4076,3,Tom IV,Rozdział XXXIII,Phrasale,Szybcy I wściekli,Drop off,Wysadzić kogoś gdzieś,,
4077,3,Tom IV,Rozdział XXXIII,Phrasale,Szybcy I wściekli,Run into sth,Wjechać w coś,,
4078,3,Tom IV,Rozdział XXXIII,Phrasale,Szybcy I wściekli,Run over sth,Przejechać po czymś,,
4079,3,Tom IV,Rozdział XXXIII,Phrasale,Szybcy I wściekli,Fire up,Odpalić,,
4080,3,Tom IV,Rozdział XXXIII,Rzeczowniki,Komunikacja,Argument,Kłótnia,,
4081,3,Tom IV,Rozdział XXXIII,Rzeczowniki,Komunikacja,Accent,Akcent,,
4082,3,Tom IV,Rozdział XXXIII,Rzeczowniki,Komunikacja,Dialogue,Dialog,,
4083,3,Tom IV,Rozdział XXXIII,Rzeczowniki,Komunikacja,Monologue,Monolog,,
4084,3,Tom IV,Rozdział XXXIII,Rzeczowniki,Komunikacja,Communication,Komunikacja,,
4085,3,Tom IV,Rozdział XXXIII,Rzeczowniki,Komunikacja,Advice,Rada,,
4086,3,Tom IV,Rozdział XXXIII,Rzeczowniki,Komunikacja,Conversation,Rozmowa,,
4087,3,Tom IV,Rozdział XXXIII,Rzeczowniki,Komunikacja,Chatter,Paplanina,,
4088,3,Tom IV,Rozdział XXXIII,Rzeczowniki,Komunikacja,Promise,Obietnica,,
4089,3,Tom IV,Rozdział XXXIII,Rzeczowniki,Komunikacja,Small talk,Luźna rozmowa; gadka-szmatka,,
4090,3,Tom IV,Rozdział XXXIII,Rzeczowniki,Komunikacja,Debate,Debata,,
4091,3,Tom IV,Rozdział XXXIII,Rzeczowniki,Komunikacja,Speech,Przemówienie; przemowa,,
4092,3,Tom IV,Rozdział XXXIII,Rzeczowniki,Komunikacja,Feedback,Informacja zwrotna; opinia,,
4093,3,Tom IV,Rozdział XXXIII,Rzeczowniki,Komunikacja,Nonsense,Nonsens; bzdura,,
4094,3,Tom IV,Rozdział XXXIII,Rzeczowniki,Komunikacja,Repetition,Powtórzenie,,
4095,3,Tom IV,Rozdział XXXIII,Phrasale,Ruch,Line up,Ustawiać się w kolejce,,
4096,3,Tom IV,Rozdział XXXIII,Phrasale,Ruch,Move up,Robić miejsce; przesunąć się,,
4097,3,Tom IV,Rozdział XXXIII,Phrasale,Ruch,Pull up,Przysuwać,,
4098,3,Tom IV,Rozdział XXXIII,Phrasale,Ruch,Sit back,Usiąść wygodnie; relaksować się,,
4099,3,Tom IV,Rozdział XXXIII,Phrasale,Ruch,Walk around,Przechadzać się; spacerować,,
4100,3,Tom IV,Rozdział XXXIII,Phrasale,Ruch,Bend over,Schylać się,,
4101,3,Tom IV,Rozdział XXXIII,Phrasale,Ruch,Take off,Startować (o samolocie lub projekcie),,
4102,3,Tom IV,Rozdział XXXIII,Phrasale,Ruch,Sit up,Usiąść prosto,,
4103,3,Tom IV,Rozdział XXXIII,Phrasale,Ruch,Turn over,Odwrócić coś na drugą stronę,,
4104,3,Tom IV,Rozdział XXXIII,Phrasale,Ruch,Turn back,Zawrócić,,
4105,3,Tom IV,Rozdział XXXIII,Rzeczowniki,Zagrożenie,Alarm,Alarm,,
4106,3,Tom IV,Rozdział XXXIII,Rzeczowniki,Zagrożenie,Elimination,Eliminacja,,
4107,3,Tom IV,Rozdział XXXIII,Rzeczowniki,Zagrożenie,Murder,Morderstwo,,
4108,3,Tom IV,Rozdział XXXIII,Rzeczowniki,Zagrożenie,Stick,Kij; rózga,,
4109,3,Tom IV,Rozdział XXXIII,Rzeczowniki,Zagrożenie,Violence,Przemoc,,
4110,3,Tom IV,Rozdział XXXIII,Rzeczowniki,Zagrożenie,Robber,"Rozbójnik; bandyta, złodziej",,
4111,3,Tom IV,Rozdział XXXIII,Rzeczowniki,Zagrożenie,Burglar,Włamywacz,,
4112,3,Tom IV,Rozdział XXXIII,Rzeczowniki,Zagrożenie,Bandit,Bandyta,,
4113,3,Tom IV,Rozdział XXXIII,Rzeczowniki,Zagrożenie,Depravation,Deprawacja,,
4114,3,Tom IV,Rozdział XXXIII,Rzeczowniki,Zagrożenie,Gang,Gang,,
4115,3,Tom IV,Rozdział XXXIII,Rzeczowniki,Zagrożenie,Gangster,Gangster,,
4116,3,Tom IV,Rozdział XXXIII,Rzeczowniki,Zagrożenie,Threat,Groźba,,
4117,3,Tom IV,Rozdział XXXIII,Rzeczowniki,Zagrożenie,Rape,Gwałt,,
4118,3,Tom IV,Rozdział XXXIII,Rzeczowniki,Zagrożenie,Intervention,Interwencja,,
4119,3,Tom IV,Rozdział XXXIII,Rzeczowniki,Zagrożenie,Murderer,Morderca,,
4120,3,Tom IV,Rozdział XXXIII,Przymiotniki,Przymiotniki 13,Fashionable,Modny (nie człowiek),,
4121,3,Tom IV,Rozdział XXXIII,Przymiotniki,Przymiotniki 13,Funky,Odjechany,,
4122,3,Tom IV,Rozdział XXXIII,Przymiotniki,Przymiotniki 13,Gorgeous,"Przepiękny, cudny",,
4123,3,Tom IV,Rozdział XXXIII,Przymiotniki,Przymiotniki 13,Dark-haired,Ciemnowłosy,,
4124,3,Tom IV,Rozdział XXXIII,Przymiotniki,Przymiotniki 13,Well-dressed,Dobrze ubrany,,
4125,3,Tom IV,Rozdział XXXIII,Przymiotniki,Przymiotniki 13,Well-trained,Dobrze wyszkolony,,
4126,3,Tom IV,Rozdział XXXIII,Przymiotniki,Przymiotniki 13,Wavy,Falowane (włosy),,
4127,3,Tom IV,Rozdział XXXIII,Przymiotniki,Przymiotniki 13,Aging,Podstarzały; starzejący się,,
4128,3,Tom IV,Rozdział XXXIII,Przymiotniki,Przymiotniki 13,Intriguing,Intrygujący,,
4129,3,Tom IV,Rozdział XXXIII,Przymiotniki,Przymiotniki 13,Elderly,Leciwy; starszy,,
4130,3,Tom IV,Rozdział XXXIII,Przymiotniki,Przymiotniki 13,Chubby,Pyzaty; pulchny,,
4131,3,Tom IV,Rozdział XXXIII,Przymiotniki,Przymiotniki 13,Slender,Smukły,,
4132,3,Tom IV,Rozdział XXXIII,Przymiotniki,Przymiotniki 13,Bold,Śmiały,,
4133,3,Tom IV,Rozdział XXXIII,Przymiotniki,Przymiotniki 13,Sensual,Zmysłowy,,
4134,3,Tom IV,Rozdział XXXIII,Przymiotniki,Przymiotniki 13,Wooden,Drewniany,,
4135,3,Tom IV,Rozdział XXXIII,Rzeczowniki,Telefon,Loudspeaker,Głośnik w telefonie,,
4136,3,Tom IV,Rozdział XXXIII,Rzeczowniki,Telefon,Microphone,Mikrofon,,
4137,3,Tom IV,Rozdział XXXIII,Rzeczowniki,Telefon,Roaming,Roaming,,
4138,3,Tom IV,Rozdział XXXIII,Rzeczowniki,Telefon,Earphones,Słuchawki (do uszu),,
4139,3,Tom IV,Rozdział XXXIII,Rzeczowniki,Telefon,Sim card,Karta sim,,
4140,3,Tom IV,Rozdział XXXIII,Rzeczowniki,Telefon,Answering machine,Automatyczna sekretarka,,
4141,3,Tom IV,Rozdział XXXIII,Rzeczowniki,Telefon,Hands-free set,Zestaw głośnomówiący,,
4142,3,Tom IV,Rozdział XXXIII,Rzeczowniki,Telefon,Telephone line,Linia telefoniczna,,
4143,3,Tom IV,Rozdział XXXIII,Rzeczowniki,Telefon,Phone book,Książka telefoniczna,,
4144,3,Tom IV,Rozdział XXXIII,Rzeczowniki,Telefon,Long-distance call,Rozmowa międzymiastowa,,
4145,3,Tom IV,Rozdział XXXIII,Rzeczowniki,Telefon,Touchscreen,Ekran dotykowy,,
4146,3,Tom IV,Rozdział XXXIII,Rzeczowniki,Telefon,Reception,Zasięg (telefoniczny),,
4147,3,Tom IV,Rozdział XXXIII,Rzeczowniki,Telefon,Dialing,Dzwonienie; wybieranie numeru,,
4148,3,Tom IV,Rozdział XXXIII,Rzeczowniki,Telefon,Landline phone,Telefon stacjonarny,,
4149,3,Tom IV,Rozdział XXXIII,Rzeczowniki,Telefon,Smartphone,Smartfon,,
4150,3,Tom IV,Rozdział XXXIV,Rzeczowniki,Mile widziane,Helpful,Pomocny; uczynny,,
4151,3,Tom IV,Rozdział XXXIV,Rzeczowniki,Mile widziane,Hard-working,Pracowity,,
4152,3,Tom IV,Rozdział XXXIV,Rzeczowniki,Mile widziane,Friendly,Przyjacielski; przyjazny,,
4153,3,Tom IV,Rozdział XXXIV,Rzeczowniki,Mile widziane,Punctual,Punktualny,,
4154,3,Tom IV,Rozdział XXXIV,Rzeczowniki,Mile widziane,Reasonable,Rozsądny,,
4155,3,Tom IV,Rozdział XXXIV,Rzeczowniki,Mile widziane,Sensible,Sensowny; rozsądny,,
4156,3,Tom IV,Rozdział XXXIV,Rzeczowniki,Mile widziane,Calm,Spokojny,,
4157,3,Tom IV,Rozdział XXXIV,Rzeczowniki,Mile widziane,Clever,Sprytny,,
4158,3,Tom IV,Rozdział XXXIV,Rzeczowniki,Mile widziane,Tolerant,Tolerancyjny,,
4159,3,Tom IV,Rozdział XXXIV,Rzeczowniki,Mile widziane,Sociable,Towarzyski,,
4160,3,Tom IV,Rozdział XXXIV,Rzeczowniki,Mile widziane,Polite,Uprzejmy,,
4161,3,Tom IV,Rozdział XXXIV,Rzeczowniki,Mile widziane,Easygoing,Wyluzowany; łatwy w kontakcie,,
4162,3,Tom IV,Rozdział XXXIV,Rzeczowniki,Mile widziane,Understanding,Wyrozumiały,,
4163,3,Tom IV,Rozdział XXXIV,Rzeczowniki,Mile widziane,Right,Mający rację,,
4164,3,Tom IV,Rozdział XXXIV,Rzeczowniki,Mile widziane,Cool,Spoko; wyluzowany,,
4165,3,Tom IV,Rozdział XXXIV,Czasowniki,Ręką,Hand,Wręczać coś komuś,,
4166,3,Tom IV,Rozdział XXXIV,Czasowniki,Ręką,Pinch,Szczypać,,
4167,3,Tom IV,Rozdział XXXIV,Czasowniki,Ręką,Scribble,Bazgrać,,
4168,3,Tom IV,Rozdział XXXIV,Czasowniki,Ręką,Wave,Machać do kogoś ręką,,
4169,3,Tom IV,Rozdział XXXIV,Czasowniki,Ręką,Point,Skierować; wskazywać; wycelować,,
4170,3,Tom IV,Rozdział XXXIV,Czasowniki,Ręką,Rub,Trzeć; pocierać,,
4171,3,Tom IV,Rozdział XXXIV,Czasowniki,Ręką,Swipe,"Zamachnąć się; przesunąć (palcem, kartą)",,
4172,3,Tom IV,Rozdział XXXIV,Czasowniki,Ręką,Tap,Stukać,,
4173,3,Tom IV,Rozdział XXXIV,Czasowniki,Ręką,Applaud,Bić brawo,,
4174,3,Tom IV,Rozdział XXXIV,Czasowniki,Ręką,Punch,Uderzyć (pięścią),,
4175,3,Tom IV,Rozdział XXXIV,Czasowniki,Ręką,Rewrite,Przepisywać,,
4176,3,Tom IV,Rozdział XXXIV,Czasowniki,Ręką,Slap,Policzkować,,
4177,3,Tom IV,Rozdział XXXIV,Czasowniki,Ręką,Spank,Dać klapsa,,
4178,3,Tom IV,Rozdział XXXIV,Czasowniki,Ręką,Squeeze,Wycisnąć; ściskać,,
4179,3,Tom IV,Rozdział XXXIV,Czasowniki,Ręką,Snap,Pstrykać,,
4180,3,Tom IV,Rozdział XXXIV,Przymiotniki,Czas I kolejność,Instant,Natychmiastowy; błyskawiczny (np. Kawa),,
4181,3,Tom IV,Rozdział XXXIV,Przymiotniki,Czas I kolejność,Brief,Krótki; zwięzły,,
4182,3,Tom IV,Rozdział XXXIV,Przymiotniki,Czas I kolejność,Delayed,Opóźniony (pociąg),,
4183,3,Tom IV,Rozdział XXXIV,Przymiotniki,Czas I kolejność,Urgent,Pilny (o sprawie),,
4184,3,Tom IV,Rozdział XXXIV,Przymiotniki,Czas I kolejność,Long-term,Długoterminowy,,
4185,3,Tom IV,Rozdział XXXIV,Przymiotniki,Czas I kolejność,Short-term,Krótkoterminowy,,
4186,3,Tom IV,Rozdział XXXIV,Przymiotniki,Czas I kolejność,Sudden,Nagły; gwałtowny,,
4187,3,Tom IV,Rozdział XXXIV,Przymiotniki,Czas I kolejność,Immediate,Pilny; bezpośredni (np. Niebezpieczeństwo),,
4188,3,Tom IV,Rozdział XXXIV,Przymiotniki,Czas I kolejność,Last-minute,W ostatniej chwili,,
4189,3,Tom IV,Rozdział XXXIV,Przymiotniki,Czas I kolejność,Old-time,Dawny; starodawny,,
4190,3,Tom IV,Rozdział XXXIV,Przymiotniki,Czas I kolejność,Coming,Zbliżający się; nadchodzący,,
4191,3,Tom IV,Rozdział XXXIV,Przymiotniki,Czas I kolejność,Incoming,Przychodzący,,
4192,3,Tom IV,Rozdział XXXIV,Przymiotniki,Czas I kolejność,Upcoming,Nadchodzący (o czasie); zbliżający się,,
4193,3,Tom IV,Rozdział XXXIV,Przymiotniki,Czas I kolejność,Following,Następujący; kolejny,,
4194,3,Tom IV,Rozdział XXXIV,Przymiotniki,Czas I kolejność,Scheduled,Wpisany na konkretną datę; zaplanowany,,
4195,3,Tom IV,Rozdział XXXIV,Przysłówki,Czas I kolejność,Some time ago,Jakiś czas temu,,
4196,3,Tom IV,Rozdział XXXIV,Przysłówki,Czas I kolejność,Finally,Wreszcie; na koniec,,
4197,3,Tom IV,Rozdział XXXIV,Przysłówki,Czas I kolejność,Monthly,Miesięcznie; co miesiąc,,
4198,3,Tom IV,Rozdział XXXIV,Przysłówki,Czas I kolejność,All day long,Przez cały dzień,,
4199,3,Tom IV,Rozdział XXXIV,Przysłówki,Czas I kolejność,Punctually,Punktualnie,,
4200,3,Tom IV,Rozdział XXXIV,Przysłówki,Czas I kolejność,Ahead of,Z wyprzedzeniem,,
4201,3,Tom IV,Rozdział XXXIV,Przysłówki,Czas I kolejność,Previously,Przedtem; poprzednio,,
4202,3,Tom IV,Rozdział XXXIV,Przysłówki,Czas I kolejność,Someday,Któregoś dnia,,
4203,3,Tom IV,Rozdział XXXIV,Przysłówki,Czas I kolejność,By the time,Do czasu gdy; zanim,,
4204,3,Tom IV,Rozdział XXXIV,Przysłówki,Czas I kolejność,Daily,Dziennie,,
4205,3,Tom IV,Rozdział XXXIV,Przysłówki,Czas I kolejność,Eventually,W końcu,,
4206,3,Tom IV,Rozdział XXXIV,Przysłówki,Czas I kolejność,For good,Na stałe; na dobre,,
4207,3,Tom IV,Rozdział XXXIV,Przysłówki,Czas I kolejność,From now on,Od teraz,,
4208,3,Tom IV,Rozdział XXXIV,Przysłówki,Czas I kolejność,In time to,Na czas (wyrobić się),,
4209,3,Tom IV,Rozdział XXXIV,Przysłówki,Czas I kolejność,Long ago,Dawno temu,,
4210,3,Tom IV,Rozdział XXXIV,Zabronione,Najpiękniejsze słowa,Almighty,Wszechmocny,,
4211,3,Tom IV,Rozdział XXXIV,Zabronione,Najpiękniejsze słowa,Intuitionistic,Intuicjonistyczny,,
4212,3,Tom IV,Rozdział XXXIV,Zabronione,Najpiękniejsze słowa,Elderflower,Dziki bez,,
4213,3,Tom IV,Rozdział XXXIV,Zabronione,Najpiękniejsze słowa,Esteemed,Ceniony,,
4214,3,Tom IV,Rozdział XXXIV,Zabronione,Najpiękniejsze słowa,Evocative,Sugestywny,,
4215,3,Tom IV,Rozdział XXXIV,Zabronione,Najpiękniejsze słowa,Felicity,Szczęście (formal),,
4216,3,Tom IV,Rozdział XXXIV,Zabronione,Najpiękniejsze słowa,Luscious,Ponętny,,
4217,3,Tom IV,Rozdział XXXIV,Zabronione,Najpiękniejsze słowa,Resplendent,Olśniewający; oszałamiający,,
4218,3,Tom IV,Rozdział XXXIV,Zabronione,Najpiękniejsze słowa,Supersonic,Ponaddźwiękowy,,
4219,3,Tom IV,Rozdział XXXIV,Zabronione,Najpiękniejsze słowa,Suspicious,Podejrzliwy,,
4220,3,Tom IV,Rozdział XXXIV,Phrasale,Ruch abstrakcyjny,Be in,Wchodzić w coś (np. Przedsięwzięcie),,
4221,3,Tom IV,Rozdział XXXIV,Phrasale,Ruch abstrakcyjny,Give up,Przestać coś robić; poświęcić coś w imię czegoś,,
4222,3,Tom IV,Rozdział XXXIV,Phrasale,Ruch abstrakcyjny,Be left over,"Pozostać (jako część, resztka)",,
4223,3,Tom IV,Rozdział XXXIV,Phrasale,Ruch abstrakcyjny,Get in,Dostać się,,
4224,3,Tom IV,Rozdział XXXIV,Phrasale,Ruch abstrakcyjny,Get over,Dochodzić do siebie; przeboleć; otrząsnąć się,,
4225,3,Tom IV,Rozdział XXXIV,Phrasale,Ruch abstrakcyjny,Give way,Ustępować,,
4226,3,Tom IV,Rozdział XXXIV,Phrasale,Ruch abstrakcyjny,Get into sth,Dostać się do środka czegoś,,
4227,3,Tom IV,Rozdział XXXIV,Phrasale,Ruch abstrakcyjny,Get into,Zaangażować się; wejść w coś,,
4228,3,Tom IV,Rozdział XXXIV,Phrasale,Ruch abstrakcyjny,Get into sth,Wplątać się; wejść w coś (branżę),,
4229,3,Tom IV,Rozdział XXXIV,Phrasale,Ruch abstrakcyjny,Stick with,"Trzymać się (kogoś czegoś); pozostawać przy (kimś, czymś)",,
4230,3,Tom IV,Rozdział XXXIV,Rzeczowniki,Mentalne,Habit,Nawyk,,
4231,3,Tom IV,Rozdział XXXIV,Rzeczowniki,Mentalne,Focus,Skupienie; uwaga,,
4232,3,Tom IV,Rozdział XXXIV,Rzeczowniki,Mentalne,Intention,Intencja,,
4233,3,Tom IV,Rozdział XXXIV,Rzeczowniki,Mentalne,Concentration,Koncentracja,,
4234,3,Tom IV,Rozdział XXXIV,Rzeczowniki,Mentalne,Instinct,Instynkt,,
4235,3,Tom IV,Rozdział XXXIV,Rzeczowniki,Mentalne,Wisdom,Mądrość,,
4236,3,Tom IV,Rozdział XXXIV,Rzeczowniki,Mentalne,Will,Ochota; wola,,
4237,3,Tom IV,Rozdział XXXIV,Rzeczowniki,Mentalne,Memory,Pamięć; wspomnienie,,
4238,3,Tom IV,Rozdział XXXIV,Rzeczowniki,Mentalne,Attitude,Postawa,,
4239,3,Tom IV,Rozdział XXXIV,Rzeczowniki,Mentalne,Preference,Preferencja,,
4240,3,Tom IV,Rozdział XXXIV,Rzeczowniki,Mentalne,Prediction,Przewidywanie; przepowiednia,,
4241,3,Tom IV,Rozdział XXXIV,Rzeczowniki,Mentalne,Attention,Uwaga,,
4242,3,Tom IV,Rozdział XXXIV,Rzeczowniki,Mentalne,Mindset,Sposób myślenia; nastawienie,,
4243,3,Tom IV,Rozdział XXXIV,Rzeczowniki,Mentalne,Tendency,Tendencja; zwyczaj,,
4244,3,Tom IV,Rozdział XXXIV,Rzeczowniki,Mentalne,Mind,Umysł,,
4245,3,Tom IV,Rozdział XXXIV,Rzeczowniki,Wojskowe,Battle,Bitwa,,
4246,3,Tom IV,Rozdział XXXIV,Rzeczowniki,Wojskowe,Dynamite,Dynamit,,
4247,3,Tom IV,Rozdział XXXIV,Rzeczowniki,Wojskowe,Survival,Przetrwanie,,
4248,3,Tom IV,Rozdział XXXIV,Rzeczowniki,Wojskowe,Duty,Obowiązek; cło,,
4249,3,Tom IV,Rozdział XXXIV,Rzeczowniki,Wojskowe,Lookout,Obserwator (osoba stojąca na czatach),,
4250,3,Tom IV,Rozdział XXXIV,Rzeczowniki,Wojskowe,Firearm,Broń palna,,
4251,3,Tom IV,Rozdział XXXIV,Rzeczowniki,Wojskowe,Grenade,Granat,,
4252,3,Tom IV,Rozdział XXXIV,Rzeczowniki,Wojskowe,Pistol,Pistolet,,
4253,3,Tom IV,Rozdział XXXIV,Rzeczowniki,Wojskowe,Guard,Strażnik,,
4254,3,Tom IV,Rozdział XXXIV,Rzeczowniki,Wojskowe,Spy,Szpieg,,
4255,3,Tom IV,Rozdział XXXIV,Rzeczowniki,Wojskowe,Backup,"Wsparcie (kogoś, np. Policji)",,
4256,3,Tom IV,Rozdział XXXIV,Rzeczowniki,Wojskowe,Rookie,Żółtodziób,,
4257,3,Tom IV,Rozdział XXXIV,Rzeczowniki,Wojskowe,Unit,Jednostka; oddział,,
4258,3,Tom IV,Rozdział XXXIV,Rzeczowniki,Wojskowe,Predict,Przepowiadać; przewidywać,,
4259,3,Tom IV,Rozdział XXXIV,Rzeczowniki,Wojskowe,Remind,Przypomnieć o czymś,,
4260,3,Tom IV,Rozdział XXXIV,Czasowniki,Każdy to robi,Breathe,Oddychać,,
4261,3,Tom IV,Rozdział XXXIV,Czasowniki,Każdy to robi,Cough,Kaszleć,,
4262,3,Tom IV,Rozdział XXXIV,Czasowniki,Każdy to robi,Lick,Lizać,,
4263,3,Tom IV,Rozdział XXXIV,Czasowniki,Każdy to robi,Slurp,Siorbać,,
4264,3,Tom IV,Rozdział XXXIV,Czasowniki,Każdy to robi,Piss,Sikać,,
4265,3,Tom IV,Rozdział XXXIV,Czasowniki,Każdy to robi,Sneeze,Kichać,,
4266,3,Tom IV,Rozdział XXXIV,Czasowniki,Każdy to robi,Snore,Chrapać,,
4267,3,Tom IV,Rozdział XXXIV,Czasowniki,Każdy to robi,Suck,Ssać,,
4268,3,Tom IV,Rozdział XXXIV,Czasowniki,Każdy to robi,Sweat,Pocić się,,
4269,3,Tom IV,Rozdział XXXIV,Czasowniki,Każdy to robi,Fart,Puszczać bąki,,
4270,3,Tom IV,Rozdział XXXIV,Czasowniki,Każdy to robi,Burp,Bekać,,
4271,3,Tom IV,Rozdział XXXIV,Czasowniki,Każdy to robi,Spit,Pluć,,
4272,3,Tom IV,Rozdział XXXIV,Czasowniki,Każdy to robi,Whistle,Gwizdać,,
4273,3,Tom IV,Rozdział XXXIV,Czasowniki,Każdy to robi,Be awake,Być obudzonym; być przytomnym; nie spać,,
4274,3,Tom IV,Rozdział XXXIV,Czasowniki,Każdy to robi,Dislike,Nie lubić,,
4275,3,Tom IV,Rozdział XXXIV,Przymiotniki,Jak często,Rare,Rzadki,,
4276,3,Tom IV,Rozdział XXXIV,Przymiotniki,Jak często,Repeated,Powtarzany,,
4277,3,Tom IV,Rozdział XXXIV,Przymiotniki,Jak często,Everyday,Codzienny; powszedni,,
4278,3,Tom IV,Rozdział XXXIV,Przymiotniki,Jak często,Day-to-day,Codzienny; zwykły; przyziemny,,
4279,3,Tom IV,Rozdział XXXIV,Przymiotniki,Jak często,Daily,Dzienny; codzienny,,
4280,3,Tom IV,Rozdział XXXIV,Przymiotniki,Jak często,Monthly,Miesięczny,,
4281,3,Tom IV,Rozdział XXXIV,Przymiotniki,Jak często,Weekly,Tygodniowy,,
4282,3,Tom IV,Rozdział XXXIV,Przymiotniki,Jak często,Yearly,Roczny (mniej formalnie),,
4283,3,Tom IV,Rozdział XXXIV,Przymiotniki,Jak często,Temporary,Tymczasowy; chwilowy,,
4284,3,Tom IV,Rozdział XXXIV,Przymiotniki,Jak często,Annual,Roczny (bardziej formalnie),,
4285,3,Tom IV,Rozdział XXXIV,Przymiotniki,Jak często,Infrequent,Nieczęsty,,
4286,3,Tom IV,Rozdział XXXIV,Przymiotniki,Jak często,Never-ending,Niekończący się,,
4287,3,Tom IV,Rozdział XXXIV,Przymiotniki,Jak często,Ongoing,Trwający; ciągły,,
4288,3,Tom IV,Rozdział XXXIV,Przymiotniki,Jak często,Frequent,Częsty,,
4289,3,Tom IV,Rozdział XXXIV,Przymiotniki,Jak często,Random,Losowy; przypadkowy,,
4290,3,Tom IV,Rozdział XXXV,Przysłówki,Miejsce,Beyond,Za (czymś); poza,,
4291,3,Tom IV,Rozdział XXXV,Przysłówki,Miejsce,Opposite to,Naprzeciwko (lokalizacja),,
4292,3,Tom IV,Rozdział XXXV,Przysłówki,Miejsce,Amidst,Wśród (być w centrum),,
4293,3,Tom IV,Rozdział XXXV,Przysłówki,Miejsce,Upon,Na (ścianie),,
4294,3,Tom IV,Rozdział XXXV,Przysłówki,Miejsce,Wherever,Obojętnie gdzie,,
4295,3,Tom IV,Rozdział XXXV,Przysłówki,Miejsce,About,(być) w pobliżu,,
4296,3,Tom IV,Rozdział XXXV,Przysłówki,Miejsce,Aboard,Na pokładzie,,
4297,3,Tom IV,Rozdział XXXV,Przysłówki,Miejsce,Vis-a-vis,Twarzą w twarz; naprzeciwko,,
4298,3,Tom IV,Rozdział XXXV,Przysłówki,Miejsce,All around,Wszędzie dookoła,,
4299,3,Tom IV,Rozdział XXXV,Przysłówki,Miejsce,Among,Pośród,,
4300,3,Tom IV,Rozdział XXXV,Przysłówki,Miejsce,Atop,Na szczycie; na wierzchu,,
4301,3,Tom IV,Rozdział XXXV,Przysłówki,Miejsce,Beneath,Pod spodem,,
4302,3,Tom IV,Rozdział XXXV,Przysłówki,Miejsce,Elsewhere,Gdzieś indziej,,
4303,3,Tom IV,Rozdział XXXV,Przysłówki,Miejsce,Forward of,Przed czymś,,
4304,3,Tom IV,Rozdział XXXV,Przysłówki,Miejsce,Big apple,New york,,
4305,3,Tom IV,Rozdział XXXV,Rzeczowniki,Praca,Teamwork,Praca zespołowa,,
4306,3,Tom IV,Rozdział XXXV,Rzeczowniki,Praca,Responsibilities,Obowiązki,,
4307,3,Tom IV,Rozdział XXXV,Rzeczowniki,Praca,Recruitment,Rekrutacja,,
4308,3,Tom IV,Rozdział XXXV,Rzeczowniki,Praca,Specialization,Specjalizacja,,
4309,3,Tom IV,Rozdział XXXV,Rzeczowniki,Praca,Benefit,Świadczenie,,
4310,3,Tom IV,Rozdział XXXV,Rzeczowniki,Praca,Deadline,Termin końcowy; termin ostateczny,,
4311,3,Tom IV,Rozdział XXXV,Rzeczowniki,Praca,Co-worker,Współpracownik,,
4312,3,Tom IV,Rozdział XXXV,Rzeczowniki,Praca,Associate,Wspólnik (współpracownik),,
4313,3,Tom IV,Rozdział XXXV,Rzeczowniki,Praca,Application,Aplikacja; podanie,,
4314,3,Tom IV,Rozdział XXXV,Rzeczowniki,Praca,Delegation,Delegacja,,
4315,3,Tom IV,Rozdział XXXV,Rzeczowniki,Praca,Experience,Doświadczenie,,
4316,3,Tom IV,Rozdział XXXV,Rzeczowniki,Praca,Availability,Dyspozycyjność; dostępność,,
4317,3,Tom IV,Rozdział XXXV,Rzeczowniki,Praca,Scorecard,Karta wyników,,
4318,3,Tom IV,Rozdział XXXV,Rzeczowniki,Praca,Cover letter,List motywacyjny,,
4319,3,Tom IV,Rozdział XXXV,Rzeczowniki,Praca,Briefing,Odprawa (w pracy); instruktaż,,
4320,3,Tom IV,Rozdział XXXV,Rzeczowniki,Warzywa I owoce,Garlic,Czosnek,,
4321,3,Tom IV,Rozdział XXXV,Rzeczowniki,Warzywa I owoce,Pear,Gruszka,,
4322,3,Tom IV,Rozdział XXXV,Rzeczowniki,Warzywa I owoce,Nectarine,Nektarynka,,
4323,3,Tom IV,Rozdział XXXV,Rzeczowniki,Warzywa I owoce,Fig,Figa,,
4324,3,Tom IV,Rozdział XXXV,Rzeczowniki,Warzywa I owoce,Cabbage,Kapusta,,
4325,3,Tom IV,Rozdział XXXV,Rzeczowniki,Warzywa I owoce,Mango,Mango,,
4326,3,Tom IV,Rozdział XXXV,Rzeczowniki,Warzywa I owoce,Melon,Melon,,
4327,3,Tom IV,Rozdział XXXV,Rzeczowniki,Warzywa I owoce,Papaya,Papaja,,
4328,3,Tom IV,Rozdział XXXV,Rzeczowniki,Warzywa I owoce,Celery,Seler,,
4329,3,Tom IV,Rozdział XXXV,Rzeczowniki,Warzywa I owoce,Watermelon,Arbuz,,
4330,3,Tom IV,Rozdział XXXV,Rzeczowniki,Warzywa I owoce,Pumpkin,Dynia,,
4331,3,Tom IV,Rozdział XXXV,Rzeczowniki,Warzywa I owoce,Bean,Fasola,,
4332,3,Tom IV,Rozdział XXXV,Rzeczowniki,Warzywa I owoce,Sweet potato,Batat,,
4333,3,Tom IV,Rozdział XXXV,Rzeczowniki,Warzywa I owoce,Pea,Groch,,
4334,3,Tom IV,Rozdział XXXV,Rzeczowniki,Warzywa I owoce,Beetroot,Burak,,
4335,3,Tom IV,Rozdział XXXV,Przymiotniki,Przymiotniki 14,Surprising,Zaskakujący,,
4336,3,Tom IV,Rozdział XXXV,Przymiotniki,Przymiotniki 14,Usual,Zwykły,,
4337,3,Tom IV,Rozdział XXXV,Przymiotniki,Przymiotniki 14,Damn,Przeklęty; cholerny,,
4338,3,Tom IV,Rozdział XXXV,Przymiotniki,Przymiotniki 14,Convenient,Dogodny,,
4339,3,Tom IV,Rozdział XXXV,Przymiotniki,Przymiotniki 14,Annoying,Denerwujący; wkurzający,,
4340,3,Tom IV,Rozdział XXXV,Przymiotniki,Przymiotniki 14,Unusual,Niezwykły,,
4341,3,Tom IV,Rozdział XXXV,Przymiotniki,Przymiotniki 14,Appropriate,Właściwy; odpowiedni,,
4342,3,Tom IV,Rozdział XXXV,Przymiotniki,Przymiotniki 14,Unexpected,Nieoczekiwany; niespodziewany,,
4343,3,Tom IV,Rozdział XXXV,Przymiotniki,Przymiotniki 14,Simple,Prosty (łatwy),,
4344,3,Tom IV,Rozdział XXXV,Przymiotniki,Przymiotniki 14,Inappropriate,Nieodpowiedni; niewłaściwy,,
4345,3,Tom IV,Rozdział XXXV,Przymiotniki,Przymiotniki 14,Rough,Orientacyjny; przybliżony,,
4346,3,Tom IV,Rozdział XXXV,Przymiotniki,Przymiotniki 14,Pointless,Bezcelowy; bezsensowny,,
4347,3,Tom IV,Rozdział XXXV,Przymiotniki,Przymiotniki 14,Meaningless,Bez znaczenia; bezsensowny,,
4348,3,Tom IV,Rozdział XXXV,Przymiotniki,Przymiotniki 14,Meaningful,Mający znaczenie; sens,,
4349,3,Tom IV,Rozdział XXXV,Przymiotniki,Przymiotniki 14,Worthless,Bezwartościowy,,
4350,3,Tom IV,Rozdział XXXV,Rzeczowniki,Wypadek,Damage,Uszkodzenie; szkoda,,
4351,3,Tom IV,Rozdział XXXV,Rzeczowniki,Wypadek,Accident,Wypadek,,
4352,3,Tom IV,Rozdział XXXV,Rzeczowniki,Wypadek,Aftermath,Pokłosie; następstwo,,
4353,3,Tom IV,Rozdział XXXV,Rzeczowniki,Wypadek,Breakdown,Awaria,,
4354,3,Tom IV,Rozdział XXXV,Rzeczowniki,Wypadek,Turbulence,Turbulencja,,
4355,3,Tom IV,Rozdział XXXV,Rzeczowniki,Wypadek,Collision,Kolizja,,
4356,3,Tom IV,Rozdział XXXV,Rzeczowniki,Wypadek,Crash,Kraksa; awaria (systemu),,
4357,3,Tom IV,Rozdział XXXV,Rzeczowniki,Wypadek,Disaster,Klęska,,
4358,3,Tom IV,Rozdział XXXV,Rzeczowniki,Wypadek,Catastrophe,Katastrofa,,
4359,3,Tom IV,Rozdział XXXV,Rzeczowniki,Wypadek,Emergency,Nagły wypadek,,
4360,3,Tom IV,Rozdział XXXV,Rzeczowniki,Wypadek,Survivor,Ocalały,,
4361,3,Tom IV,Rozdział XXXV,Rzeczowniki,Wypadek,Destruction,Zniszczenie,,
4362,3,Tom IV,Rozdział XXXV,Rzeczowniki,Wypadek,Incident,Incydent,,
4363,3,Tom IV,Rozdział XXXV,Rzeczowniki,Wypadek,Fender bender,Stłuczka,,
4364,3,Tom IV,Rozdział XXXV,Rzeczowniki,Wypadek,Casualty,Ofiara wypadku lub wojny; ranny,,
4365,3,Tom IV,Rozdział XXXV,Phrasale,Umysłowe,Know about,Wiedzieć o,,
4366,3,Tom IV,Rozdział XXXV,Phrasale,Umysłowe,Look for sth,Szukać,,
4367,3,Tom IV,Rozdział XXXV,Phrasale,Umysłowe,Calm down,Uspokoić się,,
4368,3,Tom IV,Rozdział XXXV,Phrasale,Umysłowe,Figure out,Rozkminić; zrozumieć,,
4369,3,Tom IV,Rozdział XXXV,Phrasale,Umysłowe,Sort sth out,Ogarnąć coś; załatwić coś,,
4370,3,Tom IV,Rozdział XXXV,Phrasale,Umysłowe,Add sth up,Dodawać coś,,
4371,3,Tom IV,Rozdział XXXV,Phrasale,Umysłowe,Come up with,Wymyślić coś; wpaść na (np. Rozwiązanie problemu),,
4372,3,Tom IV,Rozdział XXXV,Phrasale,Umysłowe,Go for sth,Wybrać coś,,
4373,3,Tom IV,Rozdział XXXV,Phrasale,Umysłowe,Hear of,"Słyszeć o kimś (wiedzieć o istnieniu kogoś, czegoś)",,
4374,3,Tom IV,Rozdział XXXV,Phrasale,Umysłowe,Think about sth,Przemyśleć coś,,
4375,3,Tom IV,Rozdział XXXV,Rzeczowniki,Finanse,Debt,Dług,,
4376,3,Tom IV,Rozdział XXXV,Rzeczowniki,Finanse,Coin,Moneta,,
4377,3,Tom IV,Rozdział XXXV,Rzeczowniki,Finanse,Tip,Napiwek,,
4378,3,Tom IV,Rozdział XXXV,Rzeczowniki,Finanse,Tax,Podatek,,
4379,3,Tom IV,Rozdział XXXV,Rzeczowniki,Finanse,Loan,Pożyczka,,
4380,3,Tom IV,Rozdział XXXV,Rzeczowniki,Finanse,Phone bill,Rachunek za telefon,,
4381,3,Tom IV,Rozdział XXXV,Rzeczowniki,Finanse,Fifty-fifty,Po połowie,,
4382,3,Tom IV,Rozdział XXXV,Rzeczowniki,Finanse,Earnings,Zarobki,,
4383,3,Tom IV,Rozdział XXXV,Rzeczowniki,Finanse,Bonus,Dodatek; premia,,
4384,3,Tom IV,Rozdział XXXV,Rzeczowniki,Finanse,Fortune,Fortuna,,
4385,3,Tom IV,Rozdział XXXV,Rzeczowniki,Finanse,Wage,Płaca,,
4386,3,Tom IV,Rozdział XXXV,Rzeczowniki,Finanse,Raise,Podwyżka (płacy),,
4387,3,Tom IV,Rozdział XXXV,Rzeczowniki,Finanse,Payout,Wypłata (za wykonaną pracę),,
4388,3,Tom IV,Rozdział XXXV,Rzeczowniki,Finanse,Payday,Dzień wypłaty,,
4389,3,Tom IV,Rozdział XXXV,Rzeczowniki,Finanse,Payoff,Wypłata; bonus,,
4390,3,Tom IV,Rozdział XXXV,Przysłówki,Jak często,All along,Przez cały czas,,
4391,3,Tom IV,Rozdział XXXV,Przysłówki,Jak często,Sometimes,Czasami,,
4392,3,Tom IV,Rozdział XXXV,Przysłówki,Jak często,Daily,Codziennie,,
4393,3,Tom IV,Rozdział XXXV,Przysłówki,Jak często,Again,Ponownie; znowu,,
4394,3,Tom IV,Rozdział XXXV,Przysłówki,Jak często,Non-stop,Bez przerwy; nieustannie,,
4395,3,Tom IV,Rozdział XXXV,Przysłówki,Jak często,Usually,Przeważnie; zazwyczaj,,
4396,3,Tom IV,Rozdział XXXV,Przysłówki,Jak często,Frequently,Z dużą częstotliwością,,
4397,3,Tom IV,Rozdział XXXV,Przysłówki,Jak często,Over and over again,W kółko I w kółko,,
4398,3,Tom IV,Rozdział XXXV,Przysłówki,Jak często,Rarely,Rzadko,,
4399,3,Tom IV,Rozdział XXXV,Przysłówki,Jak często,Recurrently,Powtarzalnie,,
4400,3,Tom IV,Rozdział XXXV,Przysłówki,Jak często,Weekly,Cotygodniowo; tygodniowo,,
4401,3,Tom IV,Rozdział XXXV,Przysłówki,Jak często,For once,Choć raz,,
4402,3,Tom IV,Rozdział XXXV,Przysłówki,Jak często,From time to time,Od czasu do czasu,,
4403,3,Tom IV,Rozdział XXXV,Przysłówki,Jak często,More and more,Coraz więcej,,
4404,3,Tom IV,Rozdział XXXV,Przysłówki,Jak często,On occasion,Od święta; z okazji,,
4405,3,Tom IV,Rozdział XXXV,Rzeczowniki,Napoje,Hot chocolate,Gorąca czekolada,,
4406,3,Tom IV,Rozdział XXXV,Rzeczowniki,Napoje,Soft drink,Napój bezalkoholowy,,
4407,3,Tom IV,Rozdział XXXV,Rzeczowniki,Napoje,Green tea,Zielona herbata,,
4408,3,Tom IV,Rozdział XXXV,Rzeczowniki,Napoje,Energy drink,Napój energetyczny; energetyk,,
4409,3,Tom IV,Rozdział XXXV,Rzeczowniki,Napoje,Cocoa,Kakao,,
4410,3,Tom IV,Rozdział XXXV,Rzeczowniki,Napoje,Lemonade,Lemoniada,,
4411,3,Tom IV,Rozdział XXXV,Rzeczowniki,Napoje,Smoothie,Smoothie (koktajl owocowy),,
4412,3,Tom IV,Rozdział XXXV,Rzeczowniki,Napoje,Beverage,Napój,,
4413,3,Tom IV,Rozdział XXXV,Rzeczowniki,Napoje,Isotonic drink,Napój izotoniczny,,
4414,3,Tom IV,Rozdział XXXV,Rzeczowniki,Napoje,Orange soft drink,Oranżada,,
4415,3,Tom IV,Rozdział XXXV,Rzeczowniki,Napoje,Syrup,Syrop,,
4416,3,Tom IV,Rozdział XXXV,Rzeczowniki,Napoje,Tea bag,Torebka herbaty,,
4417,3,Tom IV,Rozdział XXXV,Rzeczowniki,Napoje,Tap water,Woda z kranu,,
4418,3,Tom IV,Rozdział XXXV,Rzeczowniki,Napoje,Milkshake,Koktajl mleczny,,
4419,3,Tom IV,Rozdział XXXV,Rzeczowniki,Majsterkowanie,Repair,Naprawa,,
4420,3,Tom IV,Rozdział XXXV,Rzeczowniki,Majsterkowanie,Renovation,Remont; renowacja,,
4421,3,Tom IV,Rozdział XXXV,Rzeczowniki,Majsterkowanie,Rope,Lina,,
4422,3,Tom IV,Rozdział XXXV,Rzeczowniki,Majsterkowanie,Flashlight,Latarka,,
4423,3,Tom IV,Rozdział XXXV,Rzeczowniki,Majsterkowanie,Hammer,Młotek,,
4424,3,Tom IV,Rozdział XXXV,Rzeczowniki,Majsterkowanie,Tool,Narzędzie,,
4425,3,Tom IV,Rozdział XXXV,Rzeczowniki,Majsterkowanie,Tape,Taśma,,
4426,3,Tom IV,Rozdział XXXV,Rzeczowniki,Majsterkowanie,Ladder,Drabina,,
4427,3,Tom IV,Rozdział XXXV,Rzeczowniki,Majsterkowanie,Saw,Piła,,
4428,3,Tom IV,Rozdział XXXV,Rzeczowniki,Majsterkowanie,Screw,Śruba; wkręt,,
4429,3,Tom IV,Rozdział XXXV,Rzeczowniki,Majsterkowanie,Screwdriver,Śrubokręt,,
4430,3,Tom IV,Rozdział XXXV,Rzeczowniki,Majsterkowanie,Do-it-yourself,Majsterkowanie,,
4431,3,Tom IV,Rozdział XXXV,Rzeczowniki,Majsterkowanie,Toolbox,Skrzynka na narzędzia,,
4432,3,Tom IV,Rozdział XXXV,Rzeczowniki,Majsterkowanie,Workshop,Warsztat,,
4433,3,Tom IV,Rozdział XXXV,Rzeczowniki,Majsterkowanie,Hook,Hak,,
4434,3,Tom IV,Rozdział XXXVI,Przymiotniki,Człowiek,Disabled,Niepełnosprawny,,
4435,3,Tom IV,Rozdział XXXVI,Przymiotniki,Człowiek,Asleep,Pogrążony we śnie,,
4436,3,Tom IV,Rozdział XXXVI,Przymiotniki,Człowiek,Awake,Przebudzony; obudzony,,
4437,3,Tom IV,Rozdział XXXVI,Przymiotniki,Człowiek,Divorced,Rozwiedziony,,
4438,3,Tom IV,Rozdział XXXVI,Przymiotniki,Człowiek,Blind,Ślepy,,
4439,3,Tom IV,Rozdział XXXVI,Przymiotniki,Człowiek,Middle-aged,W średnim wieku,,
4440,3,Tom IV,Rozdział XXXVI,Przymiotniki,Człowiek,Grown-up,Duży (dorosły),,
4441,3,Tom IV,Rozdział XXXVI,Przymiotniki,Człowiek,Youthful,Młodzieńczy,,
4442,3,Tom IV,Rozdział XXXVI,Przymiotniki,Człowiek,Sober,Trzeźwy,,
4443,3,Tom IV,Rozdział XXXVI,Przymiotniki,Człowiek,Straight,Heteroseksualny,,
4444,3,Tom IV,Rozdział XXXVI,Przymiotniki,Człowiek,Gay,Homoseksualny,,
4445,3,Tom IV,Rozdział XXXVI,Przymiotniki,Człowiek,Junior,"Młodszy (w rodzinie, na stanowisku)",,
4446,3,Tom IV,Rozdział XXXVI,Przymiotniki,Człowiek,Newborn,Nowonarodzony,,
4447,3,Tom IV,Rozdział XXXVI,Przymiotniki,Człowiek,Step,Przyrodni,,
4448,3,Tom IV,Rozdział XXXVI,Przymiotniki,Człowiek,Holy,Święty,,
4449,3,Tom IV,Rozdział XXXVI,Czasowniki,Kalkulator,Add,Dodawać,,
4450,3,Tom IV,Rozdział XXXVI,Czasowniki,Kalkulator,Decrease,Zmniejszać; maleć; spadać (wartość),,
4451,3,Tom IV,Rozdział XXXVI,Czasowniki,Kalkulator,Divide,Dzielić (coś),,
4452,3,Tom IV,Rozdział XXXVI,Czasowniki,Kalkulator,Estimate,Szacować,,
4453,3,Tom IV,Rozdział XXXVI,Czasowniki,Kalkulator,Increase,Zwiększać,,
4454,3,Tom IV,Rozdział XXXVI,Czasowniki,Kalkulator,Multiply,Mnożyć; namnażać,,
4455,3,Tom IV,Rozdział XXXVI,Czasowniki,Kalkulator,Subtract,Odejmować,,
4456,3,Tom IV,Rozdział XXXVI,Czasowniki,Kalkulator,Calculate,Obliczać (kalkulować),,
4457,3,Tom IV,Rozdział XXXVI,Czasowniki,Kalkulator,Double,Podwajać,,
4458,3,Tom IV,Rozdział XXXVI,Czasowniki,Kalkulator,Integrate,Całkować,,
4459,3,Tom IV,Rozdział XXXVI,Czasowniki,Kalkulator,Split,"Dzielić się (np. Na mniejsze części, grupy)",,
4460,3,Tom IV,Rozdział XXXVI,Czasowniki,Kalkulator,Triple,Potrajać,,
4461,3,Tom IV,Rozdział XXXVI,Czasowniki,Kalkulator,Differentiate,Różniczkować; rozróżniać,,
4462,3,Tom IV,Rozdział XXXVI,Czasowniki,Kalkulator,Overestimate,Przeszacować; przeceniać,,
4463,3,Tom IV,Rozdział XXXVI,Czasowniki,Kalkulator,Underestimate,Nie doszacować,,
4464,3,Tom IV,Rozdział XXXVI,Slang,Slang 18,All talk,Mocny w gębie,,
4465,3,Tom IV,Rozdział XXXVI,Slang,Slang 18,Easy mark,Łatwy cel,,
4466,3,Tom IV,Rozdział XXXVI,Slang,Slang 18,Faker,Ściemniacz,,
4467,3,Tom IV,Rozdział XXXVI,Slang,Slang 18,Imposter,Podszywacz,,
4468,3,Tom IV,Rozdział XXXVI,Slang,Slang 18,Sheeple,Ludzie owce (podążają za tłumem),,
4469,3,Tom IV,Rozdział XXXVI,Slang,Slang 18,Slacker,Cholernie leniwy,,
4470,3,Tom IV,Rozdział XXXVI,Slang,Slang 18,Thirsty,Pragnący akceptacji,,
4471,3,Tom IV,Rozdział XXXVI,Slang,Slang 18,Wise guy,Mądrala; cwaniaczek,,
4472,3,Tom IV,Rozdział XXXVI,Slang,Slang 18,Simp,Pantoflarz,,
4473,3,Tom IV,Rozdział XXXVI,Slang,Slang 18,Rat,Kapuś,,
4474,3,Tom IV,Rozdział XXXVI,Spójniki,Spójniki 3,Apart from,Oprócz (czegoś),,
4475,3,Tom IV,Rozdział XXXVI,Spójniki,Spójniki 3,Except for,"Oprócz tego, że",,
4476,3,Tom IV,Rozdział XXXVI,Spójniki,Spójniki 3,On the one hand,Z jednej strony,,
4477,3,Tom IV,Rozdział XXXVI,Spójniki,Spójniki 3,Whereas,Podczas gdy (ale),,
4478,3,Tom IV,Rozdział XXXVI,Spójniki,Spójniki 3,Despite,Pomimo czegoś,,
4479,3,Tom IV,Rozdział XXXVI,Spójniki,Spójniki 3,Either,Albo,,
4480,3,Tom IV,Rozdział XXXVI,Spójniki,Spójniki 3,Even so,Nawet jeśli (np. To prawda),,
4481,3,Tom IV,Rozdział XXXVI,Spójniki,Spójniki 3,Even though,"Nawet mimo tego, że",,
4482,3,Tom IV,Rozdział XXXVI,Spójniki,Spójniki 3,Excluding,Wyłączając,,
4483,3,Tom IV,Rozdział XXXVI,Spójniki,Spójniki 3,In reality,W rzeczywistości,,
4484,3,Tom IV,Rozdział XXXVI,Phrasale,Podryw,Ask out,Zaprosić kogoś (na randkę),,
4485,3,Tom IV,Rozdział XXXVI,Phrasale,Podryw,Ask sb in,Zaprosić kogoś do środka,,
4486,3,Tom IV,Rozdział XXXVI,Phrasale,Podryw,Be crazy about,"Zwariować na punkcie (kogoś, czegoś)",,
4487,3,Tom IV,Rozdział XXXVI,Phrasale,Podryw,Get together,Spotkać się razem,,
4488,3,Tom IV,Rozdział XXXVI,Phrasale,Podryw,Go out,Spotykać się (randkować),,
4489,3,Tom IV,Rozdział XXXVI,Phrasale,Podryw,Pick sb up,Podrywać kogoś,,
4490,3,Tom IV,Rozdział XXXVI,Phrasale,Podryw,Show off,Popisywać się,,
4491,3,Tom IV,Rozdział XXXVI,Phrasale,Podryw,Make out,Obściskiwać się namiętnie,,
4492,3,Tom IV,Rozdział XXXVI,Phrasale,Podryw,Fall in love,Zakochać się,,
4493,3,Tom IV,Rozdział XXXVI,Phrasale,Podryw,Turn on,Podniecać; kręcić kogoś,,
4494,3,Tom IV,Rozdział XXXVI,Rzeczowniki,Kosmos,Galaxy,Galaktyka,,
4495,3,Tom IV,Rozdział XXXVI,Rzeczowniki,Kosmos,Gravity,Grawitacja,,
4496,3,Tom IV,Rozdział XXXVI,Rzeczowniki,Kosmos,Cosmos,Kosmos,,
4497,3,Tom IV,Rozdział XXXVI,Rzeczowniki,Kosmos,Planet,Planeta,,
4498,3,Tom IV,Rozdział XXXVI,Rzeczowniki,Kosmos,Outer space,Przestrzeń kosmiczna,,
4499,3,Tom IV,Rozdział XXXVI,Rzeczowniki,Kosmos,Universe,Wszechświat,,
4500,3,Tom IV,Rozdział XXXVI,Rzeczowniki,Kosmos,Rocket,Rakieta,,
4501,3,Tom IV,Rozdział XXXVI,Rzeczowniki,Kosmos,Astronomy,Astronomia,,
4502,3,Tom IV,Rozdział XXXVI,Rzeczowniki,Kosmos,Alien,Obcy,,
4503,3,Tom IV,Rozdział XXXVI,Rzeczowniki,Kosmos,Telescope,Teleskop,,
4504,3,Tom IV,Rozdział XXXVI,Rzeczowniki,Kosmos,Comet,Kometa,,
4505,3,Tom IV,Rozdział XXXVI,Rzeczowniki,Kosmos,Milky way,Droga mleczna,,
4506,3,Tom IV,Rozdział XXXVI,Rzeczowniki,Kosmos,Meteorite,Meteoryt,,
4507,3,Tom IV,Rozdział XXXVI,Rzeczowniki,Kosmos,Orbit,Orbita,,
4508,3,Tom IV,Rozdział XXXVI,Rzeczowniki,Kosmos,Satellite,Satelita,,
4509,3,Tom IV,Rozdział XXXVI,Rzeczowniki,Kuchnia,Kettle,Czajnik,,
4510,3,Tom IV,Rozdział XXXVI,Rzeczowniki,Kuchnia,Tap,Kran,,
4511,3,Tom IV,Rozdział XXXVI,Rzeczowniki,Kuchnia,Teaspoon,Łyżeczka do herbaty,,
4512,3,Tom IV,Rozdział XXXVI,Rzeczowniki,Kuchnia,Cutlery,Sztućce,,
4513,3,Tom IV,Rozdział XXXVI,Rzeczowniki,Kuchnia,Cloth,Ścierka,,
4514,3,Tom IV,Rozdział XXXVI,Rzeczowniki,Kuchnia,Fork,Widelec,,
4515,3,Tom IV,Rozdział XXXVI,Rzeczowniki,Kuchnia,Opener,Otwieracz,,
4516,3,Tom IV,Rozdział XXXVI,Rzeczowniki,Kuchnia,Sink,Zlew,,
4517,3,Tom IV,Rozdział XXXVI,Rzeczowniki,Kuchnia,Napkin,Serwetka,,
4518,3,Tom IV,Rozdział XXXVI,Rzeczowniki,Kuchnia,Corkscrew,Korkociąg,,
4519,3,Tom IV,Rozdział XXXVI,Rzeczowniki,Kuchnia,Saucepan,Rondel,,
4520,3,Tom IV,Rozdział XXXVI,Rzeczowniki,Kuchnia,Aluminum foil,Folia aluminiowa,,
4521,3,Tom IV,Rozdział XXXVI,Rzeczowniki,Kuchnia,Tray,Kosz na śmieci,,
4522,3,Tom IV,Rozdział XXXVI,Rzeczowniki,Kuchnia,Pepper shaker,Pieprzniczka,,
4523,3,Tom IV,Rozdział XXXVI,Rzeczowniki,Kuchnia,Salt shaker,Solniczka,,
4524,3,Tom IV,Rozdział XXXVI,Rzeczowniki,Książki I pisownia,Diary,Dziennik; pamiętnik,,
4525,3,Tom IV,Rozdział XXXVI,Rzeczowniki,Książki I pisownia,Extract,Fragment,,
4526,3,Tom IV,Rozdział XXXVI,Rzeczowniki,Książki I pisownia,Punctuation,Interpunkcja,,
4527,3,Tom IV,Rozdział XXXVI,Rzeczowniki,Książki I pisownia,Proofreading,Korekta,,
4528,3,Tom IV,Rozdział XXXVI,Rzeczowniki,Książki I pisownia,Period,Kropka (na końcu zdania),,
4529,3,Tom IV,Rozdział XXXVI,Rzeczowniki,Książki I pisownia,Numeral,Liczebnik,,
4530,3,Tom IV,Rozdział XXXVI,Rzeczowniki,Książki I pisownia,Theme,Motyw przewodni,,
4531,3,Tom IV,Rozdział XXXVI,Rzeczowniki,Książki I pisownia,Handwriting,Pismo odręczne; charakter pisma,,
4532,3,Tom IV,Rozdział XXXVI,Rzeczowniki,Książki I pisownia,Spelling,Pisownia,,
4533,3,Tom IV,Rozdział XXXVI,Rzeczowniki,Książki I pisownia,Summary,Podsumowanie,,
4534,3,Tom IV,Rozdział XXXVI,Rzeczowniki,Książki I pisownia,Comma,Przecinek,,
4535,3,Tom IV,Rozdział XXXVI,Rzeczowniki,Książki I pisownia,Preposition,Przyimek,,
4536,3,Tom IV,Rozdział XXXVI,Rzeczowniki,Książki I pisownia,Proverb,Przysłowie,,
4537,3,Tom IV,Rozdział XXXVI,Rzeczowniki,Książki I pisownia,Abbreviation,"Skrót (np. Słowa, nazwy)",,
4538,3,Tom IV,Rozdział XXXVI,Rzeczowniki,Książki I pisownia,Slang,Slang,,
4539,3,Tom IV,Rozdział XXXVI,Przymiotniki,Jedzenie,Juicy,Soczysty,,
4540,3,Tom IV,Rozdział XXXVI,Przymiotniki,Jedzenie,Bittersweet,Słodko-gorzki,,
4541,3,Tom IV,Rozdział XXXVI,Przymiotniki,Jedzenie,Dry,Wytrawne (o winie),,
4542,3,Tom IV,Rozdział XXXVI,Przymiotniki,Jedzenie,Sparkling,Gazowany (woda),,
4543,3,Tom IV,Rozdział XXXVI,Przymiotniki,Jedzenie,Boiling,Wrzący,,
4544,3,Tom IV,Rozdział XXXVI,Przymiotniki,Jedzenie,Delicate,Delikatny (np. Potrawa),,
4545,3,Tom IV,Rozdział XXXVI,Przymiotniki,Jedzenie,Rare,Niewysmażony (krwisty),,
4546,3,Tom IV,Rozdział XXXVI,Przymiotniki,Jedzenie,Delicious,Pyszny,,
4547,3,Tom IV,Rozdział XXXVI,Przymiotniki,Jedzenie,Tasteless,Bez smaku,,
4548,3,Tom IV,Rozdział XXXVI,Przymiotniki,Jedzenie,Chopped,Siekany,,
4549,3,Tom IV,Rozdział XXXVI,Przymiotniki,Jedzenie,Bland,Mdły; pozbawiony smaku,,
4550,3,Tom IV,Rozdział XXXVI,Przymiotniki,Jedzenie,Milky,Mleczny,,
4551,3,Tom IV,Rozdział XXXVI,Przymiotniki,Jedzenie,Drinkable,Pitny; nadający się do picia,,
4552,3,Tom IV,Rozdział XXXVI,Przymiotniki,Jedzenie,Burned,Przypalony,,
4553,3,Tom IV,Rozdział XXXVI,Przymiotniki,Jedzenie,Fried,Smażony,,
4554,3,Tom IV,Rozdział XXXVI,Rzeczowniki,Geografia,Swamp,Bagno,,
4555,3,Tom IV,Rozdział XXXVI,Rzeczowniki,Geografia,Shore,Brzeg morza,,
4556,3,Tom IV,Rozdział XXXVI,Rzeczowniki,Geografia,Longitude,Długość geograficzna,,
4557,3,Tom IV,Rozdział XXXVI,Rzeczowniki,Geografia,Global warming,Globalne ocieplenie,,
4558,3,Tom IV,Rozdział XXXVI,Rzeczowniki,Geografia,Iceberg,Góra lodowa,,
4559,3,Tom IV,Rozdział XXXVI,Rzeczowniki,Geografia,Cave,Jaskinia,,
4560,3,Tom IV,Rozdział XXXVI,Rzeczowniki,Geografia,Canyon,Kanion,,
4561,3,Tom IV,Rozdział XXXVI,Rzeczowniki,Geografia,Landscape,Krajobraz,,
4562,3,Tom IV,Rozdział XXXVI,Rzeczowniki,Geografia,Rainforest,Las deszczowy,,
4563,3,Tom IV,Rozdział XXXVI,Rzeczowniki,Geografia,Avalanche,Lawina,,
4564,3,Tom IV,Rozdział XXXVI,Rzeczowniki,Geografia,Coastline,Linia brzegowa,,
4565,3,Tom IV,Rozdział XXXVI,Rzeczowniki,Geografia,Meadow,Łąka,,
4566,3,Tom IV,Rozdział XXXVI,Rzeczowniki,Geografia,Site,Teren (np. Wykopalisk),,
4567,3,Tom IV,Rozdział XXXVI,Rzeczowniki,Geografia,Oasis,Oaza,,
4568,3,Tom IV,Rozdział XXXVI,Rzeczowniki,Geografia,Stream,Strumień,,
4569,3,Tom IV,Rozdział XXXVII,Phrasale,Co poszło nie tak?,Break down,Popsuć się; zepsuć się,,
4570,3,Tom IV,Rozdział XXXVII,Phrasale,Co poszło nie tak?,Give up,"Poddać się, zrezygnować",,
4571,3,Tom IV,Rozdział XXXVII,Phrasale,Co poszło nie tak?,Fall down,Upaść; spaść,,
4572,3,Tom IV,Rozdział XXXVII,Phrasale,Co poszło nie tak?,End up,Skończyć; wylądować gdzieś,,
4573,3,Tom IV,Rozdział XXXVII,Phrasale,Co poszło nie tak?,Fall over,Przewracać się,,
4574,3,Tom IV,Rozdział XXXVII,Phrasale,Co poszło nie tak?,Be off,Zepsuć się (np. Jedzenie),,
4575,3,Tom IV,Rozdział XXXVII,Phrasale,Co poszło nie tak?,Call off,Odwoływać,,
4576,3,Tom IV,Rozdział XXXVII,Phrasale,Co poszło nie tak?,Run out of sth,Wyczerpywać; kończyć się,,
4577,3,Tom IV,Rozdział XXXVII,Phrasale,Co poszło nie tak?,Fade out,Zanikać,,
4578,3,Tom IV,Rozdział XXXVII,Phrasale,Co poszło nie tak?,Dry up,Wysychać,,
4579,3,Tom IV,Rozdział XXXVII,Rzeczowniki,Gdy musisz coś zmierzyć,Frequency,Częstotliwość,,
4580,3,Tom IV,Rozdział XXXVII,Rzeczowniki,Gdy musisz coś zmierzyć,Inch,Cal,,
4581,3,Tom IV,Rozdział XXXVII,Rzeczowniki,Gdy musisz coś zmierzyć,Length,Długość,,
4582,3,Tom IV,Rozdział XXXVII,Rzeczowniki,Gdy musisz coś zmierzyć,Density,Gęstość; zagęszczenie,,
4583,3,Tom IV,Rozdział XXXVII,Rzeczowniki,Gdy musisz coś zmierzyć,Depth,Głębokość,,
4584,3,Tom IV,Rozdział XXXVII,Rzeczowniki,Gdy musisz coś zmierzyć,Thickness,Grubość,,
4585,3,Tom IV,Rozdział XXXVII,Rzeczowniki,Gdy musisz coś zmierzyć,Square meter,Metr kwadratowy,,
4586,3,Tom IV,Rozdział XXXVII,Rzeczowniki,Gdy musisz coś zmierzyć,Cubic meter,Metr sześcienny,,
4587,3,Tom IV,Rozdział XXXVII,Rzeczowniki,Gdy musisz coś zmierzyć,Mile,Mila,,
4588,3,Tom IV,Rozdział XXXVII,Rzeczowniki,Gdy musisz coś zmierzyć,Volume,Objętość,,
4589,3,Tom IV,Rozdział XXXVII,Rzeczowniki,Gdy musisz coś zmierzyć,Distance,Odległość,,
4590,3,Tom IV,Rozdział XXXVII,Rzeczowniki,Gdy musisz coś zmierzyć,Surface,Powierzchnia (czegoś),,
4591,3,Tom IV,Rozdział XXXVII,Rzeczowniki,Gdy musisz coś zmierzyć,Tier,Poziom; warstwa,,
4592,3,Tom IV,Rozdział XXXVII,Rzeczowniki,Gdy musisz coś zmierzyć,Width,Szerokość,,
4593,3,Tom IV,Rozdział XXXVII,Rzeczowniki,Gdy musisz coś zmierzyć,Measure,Miara,,
4594,3,Tom IV,Rozdział XXXVII,Rzeczowniki,Unikać,Affair,Afera,,
4595,3,Tom IV,Rozdział XXXVII,Rzeczowniki,Unikać,Arrogance,Arogancja,,
4596,3,Tom IV,Rozdział XXXVII,Rzeczowniki,Unikać,Desperation,Desperacja,,
4597,3,Tom IV,Rozdział XXXVII,Rzeczowniki,Unikać,Egoism,Egoizm,,
4598,3,Tom IV,Rozdział XXXVII,Rzeczowniki,Unikać,Frustration,Frustracja,,
4599,3,Tom IV,Rozdział XXXVII,Rzeczowniki,Unikać,Fury,Furia,,
4600,3,Tom IV,Rozdział XXXVII,Rzeczowniki,Unikać,Irritation,Irytacja,,
4601,3,Tom IV,Rozdział XXXVII,Rzeczowniki,Unikać,Pity,Szkoda; żal (litość),,
4602,3,Tom IV,Rozdział XXXVII,Rzeczowniki,Unikać,Impatience,Niecierpliwość,,
4603,3,Tom IV,Rozdział XXXVII,Rzeczowniki,Unikać,Dishonesty,Nieuczciwość,,
4604,3,Tom IV,Rozdział XXXVII,Rzeczowniki,Unikać,Boredom,Nuda,,
4605,3,Tom IV,Rozdział XXXVII,Rzeczowniki,Unikać,Anxiety,Obawa; lęk,,
4606,3,Tom IV,Rozdział XXXVII,Rzeczowniki,Unikać,Insult,Obelga,,
4607,3,Tom IV,Rozdział XXXVII,Rzeczowniki,Unikać,Offense,Obraza; zniewaga,,
4608,3,Tom IV,Rozdział XXXVII,Rzeczowniki,Unikać,Refusal,Odmowa,,
4609,3,Tom IV,Rozdział XXXVII,Czasowniki,Społeczeństwo,Graduate,Zostawać absolwentem; skończyć szkołę,,
4610,3,Tom IV,Rozdział XXXVII,Czasowniki,Społeczeństwo,Populate,Zaludniać; zasiedlać,,
4611,3,Tom IV,Rozdział XXXVII,Czasowniki,Społeczeństwo,Claim,Rościć sobie prawo,,
4612,3,Tom IV,Rozdział XXXVII,Czasowniki,Społeczeństwo,Spy,Szpiegować,,
4613,3,Tom IV,Rozdział XXXVII,Czasowniki,Społeczeństwo,Gamble,Uprawiać hazard; ryzykować,,
4614,3,Tom IV,Rozdział XXXVII,Czasowniki,Społeczeństwo,Obey,Być posłusznym; przestrzegać (zasad),,
4615,3,Tom IV,Rozdział XXXVII,Czasowniki,Społeczeństwo,Occupy,Zająć; okupować,,
4616,3,Tom IV,Rozdział XXXVII,Czasowniki,Społeczeństwo,Settle,Osiedlać się,,
4617,3,Tom IV,Rozdział XXXVII,Czasowniki,Społeczeństwo,Volunteer,Zgłaszać się na ochotnika,,
4618,3,Tom IV,Rozdział XXXVII,Czasowniki,Społeczeństwo,Grade,Wystawiać ocenę; oceniać,,
4619,3,Tom IV,Rozdział XXXVII,Czasowniki,Społeczeństwo,Host,Prowadzić (np. Program w tv),,
4620,3,Tom IV,Rozdział XXXVII,Czasowniki,Społeczeństwo,Shop,Robić zakupy,,
4621,3,Tom IV,Rozdział XXXVII,Czasowniki,Społeczeństwo,Command,Dowodzić; rozkazywać,,
4622,3,Tom IV,Rozdział XXXVII,Czasowniki,Społeczeństwo,Survey,Przeprowadzać sondaż; badać teren (grunt),,
4623,3,Tom IV,Rozdział XXXVII,Czasowniki,Społeczeństwo,Vaccinate,Szczepić,,
4624,3,Tom IV,Rozdział XXXVII,Zabronione,Rewelacja,Ingenious,Pomysłowy,,
4625,3,Tom IV,Rozdział XXXVII,Zabronione,Rewelacja,Lavish,Wystawny,,
4626,3,Tom IV,Rozdział XXXVII,Zabronione,Rewelacja,Momentous,Doniosły,,
4627,3,Tom IV,Rozdział XXXVII,Zabronione,Rewelacja,Princely,Iście królewski,,
4628,3,Tom IV,Rozdział XXXVII,Zabronione,Rewelacja,Righteous,Prawy (charakter),,
4629,3,Tom IV,Rozdział XXXVII,Zabronione,Rewelacja,Roaring,Rewelacyjny,,
4630,3,Tom IV,Rozdział XXXVII,Zabronione,Rewelacja,Shazam,Tadam,,
4631,3,Tom IV,Rozdział XXXVII,Zabronione,Rewelacja,Un-freakin-believable,Ja cię kręcę,,
4632,3,Tom IV,Rozdział XXXVII,Zabronione,Rewelacja,Wondrous,Cudowny; niezwykły,,
4633,3,Tom IV,Rozdział XXXVII,Zabronione,Rewelacja,Marvelous,Cudowny,,
4634,3,Tom IV,Rozdział XXXVII,Spójniki,Spójniki 4,Overall,Sumarycznie; w sumie,,
4635,3,Tom IV,Rozdział XXXVII,Spójniki,Spójniki 4,Thirdly,Po trzecie,,
4636,3,Tom IV,Rozdział XXXVII,Spójniki,Spójniki 4,While,Kiedy; podczas gdy,,
4637,3,Tom IV,Rozdział XXXVII,Spójniki,Spójniki 4,At first,Na początku; z początku,,
4638,3,Tom IV,Rozdział XXXVII,Spójniki,Spójniki 4,After all,Mimo wszystko; koniec końców,,
4639,3,Tom IV,Rozdział XXXVII,Spójniki,Spójniki 4,In conclusion,Na zakończenie,,
4640,3,Tom IV,Rozdział XXXVII,Spójniki,Spójniki 4,In summary,W skrócie,,
4641,3,Tom IV,Rozdział XXXVII,Spójniki,Spójniki 4,Above all,Ponad wszystko; przede wszystkim,,
4642,3,Tom IV,Rozdział XXXVII,Spójniki,Spójniki 4,All in all,Ogólnie rzecz biorąc (podsumowujesz),,
4643,3,Tom IV,Rozdział XXXVII,Spójniki,Spójniki 4,In particular,W szczególności,,
4644,3,Tom IV,Rozdział XXXVII,Rzeczowniki,Dolegliwości,Coma,Śpiączka,,
4645,3,Tom IV,Rozdział XXXVII,Rzeczowniki,Dolegliwości,Sleeping pill,Środek nasenny,,
4646,3,Tom IV,Rozdział XXXVII,Rzeczowniki,Dolegliwości,Prescription,Recepta,,
4647,3,Tom IV,Rozdział XXXVII,Rzeczowniki,Dolegliwości,Checkup,Badanie kontrolne (u lekarza),,
4648,3,Tom IV,Rozdział XXXVII,Rzeczowniki,Dolegliwości,Scar,Blizna,,
4649,3,Tom IV,Rozdział XXXVII,Rzeczowniki,Dolegliwości,Backache,Ból pleców,,
4650,3,Tom IV,Rozdział XXXVII,Rzeczowniki,Dolegliwości,Surgery,Chirurgia; operacja,,
4651,3,Tom IV,Rozdział XXXVII,Rzeczowniki,Dolegliwości,Diagnosis,Diagnoza,,
4652,3,Tom IV,Rozdział XXXVII,Rzeczowniki,Dolegliwości,Exam room,Gabinet lekarski,,
4653,3,Tom IV,Rozdział XXXVII,Rzeczowniki,Dolegliwości,Hallucination,Halucynacja,,
4654,3,Tom IV,Rozdział XXXVII,Rzeczowniki,Dolegliwości,Infection,Infekcja,,
4655,3,Tom IV,Rozdział XXXVII,Rzeczowniki,Dolegliwości,Emergency room,Izba przyjęć,,
4656,3,Tom IV,Rozdział XXXVII,Rzeczowniki,Dolegliwości,Nose drops,Krople do nosa,,
4657,3,Tom IV,Rozdział XXXVII,Rzeczowniki,Dolegliwości,Eye drops,Krople do oczu,,
4658,3,Tom IV,Rozdział XXXVII,Rzeczowniki,Dolegliwości,Bleeding,Krwawienie; krwotok,,
4659,3,Tom IV,Rozdział XXXVII,Rzeczowniki,Szkoła,Crayons,Kredki,,
4660,3,Tom IV,Rozdział XXXVII,Rzeczowniki,Szkoła,Sticker,Naklejka,,
4661,3,Tom IV,Rozdział XXXVII,Rzeczowniki,Szkoła,Draft,Brudnopis; szkic (coś wstępnego),,
4662,3,Tom IV,Rozdział XXXVII,Rzeczowniki,Szkoła,Consultation,Konsultacje,,
4663,3,Tom IV,Rozdział XXXVII,Rzeczowniki,Szkoła,Instruction,Polecenie,,
4664,3,Tom IV,Rozdział XXXVII,Rzeczowniki,Szkoła,Master,Magister; mistrz,,
4665,3,Tom IV,Rozdział XXXVII,Rzeczowniki,Szkoła,Matura exam,Matura,,
4666,3,Tom IV,Rozdział XXXVII,Rzeczowniki,Szkoła,Attendance,Obecność na czymś; uczęszczanie,,
4667,3,Tom IV,Rozdział XXXVII,Rzeczowniki,Szkoła,Institute of technology,Politechnika,,
4668,3,Tom IV,Rozdział XXXVII,Rzeczowniki,Szkoła,Retake,Poprawa (egzaminu),,
4669,3,Tom IV,Rozdział XXXVII,Rzeczowniki,Szkoła,School subject,Przedmiot szkolny,,
4670,3,Tom IV,Rozdział XXXVII,Rzeczowniki,Szkoła,Semester,Semestr,,
4671,3,Tom IV,Rozdział XXXVII,Rzeczowniki,Szkoła,Grade,Stopień; ocena (w szkole),,
4672,3,Tom IV,Rozdział XXXVII,Rzeczowniki,Szkoła,Chalkboard,Tablica kredowa,,
4673,3,Tom IV,Rozdział XXXVII,Rzeczowniki,Szkoła,Faculty,Wydział; kadra akademicka,,
4674,3,Tom IV,Rozdział XXXVII,Przymiotniki,Miary,Spacious,Przestronny,,
4675,3,Tom IV,Rozdział XXXVII,Przymiotniki,Miary,Smooth,Gładki,,
4676,3,Tom IV,Rozdział XXXVII,Przymiotniki,Miary,Massive,Masywny; ogromny,,
4677,3,Tom IV,Rozdział XXXVII,Przymiotniki,Miary,Enormous,Olbrzymi; ogromny,,
4678,3,Tom IV,Rozdział XXXVII,Przymiotniki,Miary,Full-size,Pełnego rozmiaru,,
4679,3,Tom IV,Rozdział XXXVII,Przymiotniki,Miary,Curvy,Wygięty; zakrzywiony,,
4680,3,Tom IV,Rozdział XXXVII,Przymiotniki,Miary,Petite,Drobny; filigranowy,,
4681,3,Tom IV,Rozdział XXXVII,Przymiotniki,Miary,Mid-size,Średniej wielkości,,
4682,3,Tom IV,Rozdział XXXVII,Przymiotniki,Miary,Circular,Okrężny (o kształcie okręgu),,
4683,3,Tom IV,Rozdział XXXVII,Przymiotniki,Miary,Rough,Szorstki,,
4684,3,Tom IV,Rozdział XXXVII,Przymiotniki,Miary,Square,Kwadratowy; czworokątny,,
4685,3,Tom IV,Rozdział XXXVII,Przymiotniki,Miary,Slight,Niewielki; drobny,,
4686,3,Tom IV,Rozdział XXXVII,Przymiotniki,Miary,Even,Płaski,,
4687,3,Tom IV,Rozdział XXXVII,Przymiotniki,Miary,Even,Wyrównany; równy,,
4688,3,Tom IV,Rozdział XXXVII,Przymiotniki,Miary,Curious,Ciekawy (czegoś),,
4689,3,Tom IV,Rozdział XXXVII,Slang,Praca,Be in saddle,Rządzić w domu (być głową rodziny); panować nad własnym losem,,
4690,3,Tom IV,Rozdział XXXVII,Slang,Praca,Beat,Przetyrany,,
4691,3,Tom IV,Rozdział XXXVII,Slang,Praca,Green,"Zielony (młokos, niedoświadczony)",,
4692,3,Tom IV,Rozdział XXXVII,Slang,Praca,Hit-and-miss,Na odwal; po łebkach (o pracy),,
4693,3,Tom IV,Rozdział XXXVII,Slang,Praca,Take a rain-check,Zrobić coś później; potwierdzić coś,,
4694,3,Tom IV,Rozdział XXXVII,Slang,Praca,Sloppy job,Niedbale wykonana praca (chałtura),,
4695,3,Tom IV,Rozdział XXXVII,Slang,Praca,Work under the table,Pracować na czarno,,
4696,3,Tom IV,Rozdział XXXVII,Slang,Praca,Buckle up,Zabierać się do roboty; zapiąć pasy (początek akcji),,
4697,3,Tom IV,Rozdział XXXVII,Slang,Praca,Big timer,Wielka szycha,,
4698,3,Tom IV,Rozdział XXXVII,Slang,Praca,Head man,Szef (dyro),,
4699,3,Tom IV,Rozdział XXXVIII,Rzeczowniki,Sprzęt elektroniczny,Wire,Drut; przewód,,
4700,3,Tom IV,Rozdział XXXVIII,Rzeczowniki,Sprzęt elektroniczny,Appliance,Urządzenie (domowe),,
4701,3,Tom IV,Rozdział XXXVIII,Rzeczowniki,Sprzęt elektroniczny,Headset,Zestaw słuchawkowy (nakładany na głowę),,
4702,3,Tom IV,Rozdział XXXVIII,Rzeczowniki,Sprzęt elektroniczny,Electronics,Elektronika,,
4703,3,Tom IV,Rozdział XXXVIII,Rzeczowniki,Sprzęt elektroniczny,Manual,Instrukcja obsługi,,
4704,3,Tom IV,Rozdział XXXVIII,Rzeczowniki,Sprzęt elektroniczny,Specification,Specyfikacja,,
4705,3,Tom IV,Rozdział XXXVIII,Rzeczowniki,Sprzęt elektroniczny,Recorder,"Rejestrator (np. Dźwięku, video)",,
4706,3,Tom IV,Rozdział XXXVIII,Rzeczowniki,Sprzęt elektroniczny,Gadget,Gadżet,,
4707,3,Tom IV,Rozdział XXXVIII,Rzeczowniki,Sprzęt elektroniczny,Speaker,Głośnik,,
4708,3,Tom IV,Rozdział XXXVIII,Rzeczowniki,Sprzęt elektroniczny,Home theater,Kino domowe,,
4709,3,Tom IV,Rozdział XXXVIII,Rzeczowniki,Sprzęt elektroniczny,Recorder,Nagrywarka,,
4710,3,Tom IV,Rozdział XXXVIII,Rzeczowniki,Sprzęt elektroniczny,Reminder,Przypomnienie,,
4711,3,Tom IV,Rozdział XXXVIII,Rzeczowniki,Sprzęt elektroniczny,Device,Przyrząd; urządzenie,,
4712,3,Tom IV,Rozdział XXXVIII,Rzeczowniki,Sprzęt elektroniczny,Standby,Stan gotowości,,
4713,3,Tom IV,Rozdział XXXVIII,Rzeczowniki,Sprzęt elektroniczny,Tablet,Tablet,,
4714,3,Tom IV,Rozdział XXXVIII,Rzeczowniki,Śmierć,Funeral,Pogrzeb,,
4715,3,Tom IV,Rozdział XXXVIII,Rzeczowniki,Śmierć,Death,Śmierć,,
4716,3,Tom IV,Rozdział XXXVIII,Rzeczowniki,Śmierć,Poison,Trucizna,,
4717,3,Tom IV,Rozdział XXXVIII,Rzeczowniki,Śmierć,Grave,Grób,,
4718,3,Tom IV,Rozdział XXXVIII,Rzeczowniki,Śmierć,Suicide,Samobójstwo,,
4719,3,Tom IV,Rozdział XXXVIII,Rzeczowniki,Śmierć,Testament,Testament,,
4720,3,Tom IV,Rozdział XXXVIII,Rzeczowniki,Śmierć,Dying,Umieranie,,
4721,3,Tom IV,Rozdział XXXVIII,Rzeczowniki,Śmierć,Abortion,Aborcja,,
4722,3,Tom IV,Rozdział XXXVIII,Rzeczowniki,Śmierć,Death certificate,Akt zgonu,,
4723,3,Tom IV,Rozdział XXXVIII,Rzeczowniki,Śmierć,Cemetery,Cmentarz,,
4724,3,Tom IV,Rozdział XXXVIII,Rzeczowniki,Śmierć,Execution,Egzekucja,,
4725,3,Tom IV,Rozdział XXXVIII,Rzeczowniki,Śmierć,Tomb,Grobowiec,,
4726,3,Tom IV,Rozdział XXXVIII,Rzeczowniki,Śmierć,Condolences,Kondolencje,,
4727,3,Tom IV,Rozdział XXXVIII,Rzeczowniki,Śmierć,Last will,Ostatnia wola,,
4728,3,Tom IV,Rozdział XXXVIII,Rzeczowniki,Śmierć,Corpse,Zwłoki,,
4729,3,Tom IV,Rozdział XXXVIII,Rzeczowniki,Sądownicze,Fine,Grzywna,,
4730,3,Tom IV,Rozdział XXXVIII,Rzeczowniki,Sądownicze,Jury,Jury; ława przysięgłych,,
4731,3,Tom IV,Rozdział XXXVIII,Rzeczowniki,Sądownicze,Prisoner,Więzień,,
4732,3,Tom IV,Rozdział XXXVIII,Rzeczowniki,Sądownicze,Victim,Ofiara,,
4733,3,Tom IV,Rozdział XXXVIII,Rzeczowniki,Sądownicze,Crime,Zbrodnia; przestępstwo,,
4734,3,Tom IV,Rozdział XXXVIII,Rzeczowniki,Sądownicze,Self-defense,Samoobrona,,
4735,3,Tom IV,Rozdział XXXVIII,Rzeczowniki,Sądownicze,Protection,Zabezpieczenie; ochrona,,
4736,3,Tom IV,Rozdział XXXVIII,Rzeczowniki,Sądownicze,Penalty,Kara (za złamanie prawa); rzut karny,,
4737,3,Tom IV,Rozdział XXXVIII,Rzeczowniki,Sądownicze,Theft,Kradzież,,
4738,3,Tom IV,Rozdział XXXVIII,Rzeczowniki,Sądownicze,Innocence,Niewinność,,
4739,3,Tom IV,Rozdział XXXVIII,Rzeczowniki,Sądownicze,Arrest,Aresztowanie,,
4740,3,Tom IV,Rozdział XXXVIII,Rzeczowniki,Sądownicze,Proof,Dowód,,
4741,3,Tom IV,Rozdział XXXVIII,Rzeczowniki,Sądownicze,Witness,Świadek,,
4742,3,Tom IV,Rozdział XXXVIII,Rzeczowniki,Sądownicze,Alibi,Alibi,,
4743,3,Tom IV,Rozdział XXXVIII,Rzeczowniki,Sądownicze,Trial,"Rozprawa, proces",,
4744,3,Tom IV,Rozdział XXXVIII,Rzeczowniki,Przemysł,Energy,Energia,,
4745,3,Tom IV,Rozdział XXXVIII,Rzeczowniki,Przemysł,Power,Władza; moc,,
4746,3,Tom IV,Rozdział XXXVIII,Rzeczowniki,Przemysł,Mine,Kopalnia,,
4747,3,Tom IV,Rozdział XXXVIII,Rzeczowniki,Przemysł,Waste,Odpady,,
4748,3,Tom IV,Rozdział XXXVIII,Rzeczowniki,Przemysł,Works,Prace; roboty (np. Drogowe),,
4749,3,Tom IV,Rozdział XXXVIII,Rzeczowniki,Przemysł,Pollution,Zanieczyszczenie,,
4750,3,Tom IV,Rozdział XXXVIII,Rzeczowniki,Przemysł,Recycling,Recykling,,
4751,3,Tom IV,Rozdział XXXVIII,Rzeczowniki,Przemysł,Automation,Automatyzacja,,
4752,3,Tom IV,Rozdział XXXVIII,Rzeczowniki,Przemysł,Innovation,Innowacja,,
4753,3,Tom IV,Rozdział XXXVIII,Rzeczowniki,Przemysł,Production,Produkcja,,
4754,3,Tom IV,Rozdział XXXVIII,Rzeczowniki,Przemysł,Industry,Przemysł,,
4755,3,Tom IV,Rozdział XXXVIII,Rzeczowniki,Przemysł,Sector,Sektor,,
4756,3,Tom IV,Rozdział XXXVIII,Rzeczowniki,Przemysł,Mechanism,Mechanizm,,
4757,3,Tom IV,Rozdział XXXVIII,Rzeczowniki,Przemysł,Electricity,Prąd,,
4758,3,Tom IV,Rozdział XXXVIII,Rzeczowniki,Przemysł,Engineering,Inżynieria,,
4759,3,Tom IV,Rozdział XXXVIII,Czasowniki,Masterchef,Sweeten,Słodzić coś,,
4760,3,Tom IV,Rozdział XXXVIII,Czasowniki,Masterchef,Crunch,Chrupać,,
4761,3,Tom IV,Rozdział XXXVIII,Czasowniki,Masterchef,Peel,Obierać,,
4762,3,Tom IV,Rozdział XXXVIII,Czasowniki,Masterchef,Roast,Piec mięso,,
4763,3,Tom IV,Rozdział XXXVIII,Czasowniki,Masterchef,Season,Przyprawiać,,
4764,3,Tom IV,Rozdział XXXVIII,Czasowniki,Masterchef,Chop,Siekać,,
4765,3,Tom IV,Rozdział XXXVIII,Czasowniki,Masterchef,Grate,Zetrzeć,,
4766,3,Tom IV,Rozdział XXXVIII,Czasowniki,Masterchef,Slash,Ciąć (długie cięcie czymś bardzo ostrym),,
4767,3,Tom IV,Rozdział XXXVIII,Czasowniki,Masterchef,Stir,"Mieszać (płyny, substancje, aby je ze sobą połączyć)",,
4768,3,Tom IV,Rozdział XXXVIII,Czasowniki,Masterchef,Whip,Ubijać (mocno),,
4769,3,Tom IV,Rozdział XXXVIII,Czasowniki,Masterchef,Whisp,Ubijać (lekko),,
4770,3,Tom IV,Rozdział XXXVIII,Czasowniki,Masterchef,Stir-fry,"Smażyć na dużym ogniu, mieszając",,
4771,3,Tom IV,Rozdział XXXVIII,Czasowniki,Masterchef,Blend,Blendować; miksować,,
4772,3,Tom IV,Rozdział XXXVIII,Czasowniki,Masterchef,Dine,Stołować się,,
4773,3,Tom IV,Rozdział XXXVIII,Czasowniki,Masterchef,Melt,Roztapiać,,
4774,3,Tom IV,Rozdział XXXVIII,Phrasale,Biznes,Sell off,Wyprzedawać; likwidować się,,
4775,3,Tom IV,Rozdział XXXVIII,Phrasale,Biznes,Send sth back,Odesłać coś,,
4776,3,Tom IV,Rozdział XXXVIII,Phrasale,Biznes,Be out,"Zostać wydanym (np. O płycie, filmie)",,
4777,3,Tom IV,Rozdział XXXVIII,Phrasale,Biznes,Be out of sth,Nie mieć czegoś na stanie,,
4778,3,Tom IV,Rozdział XXXVIII,Phrasale,Biznes,Pay off,Opłacać się,,
4779,3,Tom IV,Rozdział XXXVIII,Phrasale,Biznes,Lay off,Zwalniać kogoś,,
4780,3,Tom IV,Rozdział XXXVIII,Phrasale,Biznes,Let out,"Wynajmować (komuś, np. Mieszkanie)",,
4781,3,Tom IV,Rozdział XXXVIII,Phrasale,Biznes,Set up,"Założyć; otworzyć (np. Firmę, organizację)",,
4782,3,Tom IV,Rozdział XXXVIII,Phrasale,Biznes,Shut down,Zamknąć (biznes),,
4783,3,Tom IV,Rozdział XXXVIII,Phrasale,Biznes,Close down,Zakończyć działalność,,
4784,3,Tom IV,Rozdział XXXVIII,Skróty,Biznes,Vp,Wiceprezydent  (skrót),,
4785,3,Tom IV,Rozdział XXXVIII,Skróty,Biznes,Wysiwyg,"Dostajesz to, co widzisz (skrót)",,
4786,3,Tom IV,Rozdział XXXVIII,Skróty,Biznes,Cta,Wezwanie do działania (skrót),,
4787,3,Tom IV,Rozdział XXXVIII,Skróty,Biznes,Eod,Koniec dnia (skrót),,
4788,3,Tom IV,Rozdział XXXVIII,Skróty,Biznes,Fifo,"Pierwsze wchodzi, pierwsze wychodzi (skrót)",,
4789,3,Tom IV,Rozdział XXXVIII,Skróty,Biznes,Roa,Zwrot z aktywów (skrót),,
4790,3,Tom IV,Rozdział XXXVIII,Skróty,Biznes,Roi,Zwrot z inwestycji (skrót),,
4791,3,Tom IV,Rozdział XXXVIII,Skróty,Biznes,Tbd,Do rozstrzygnięcia (skrót),,
4792,3,Tom IV,Rozdział XXXVIII,Skróty,Biznes,Nfs,Nie na sprzedaż (skrót),,
4793,3,Tom IV,Rozdział XXXVIII,Skróty,Biznes,Nth,Fajnie mieć (skrót),,
4794,3,Tom IV,Rozdział XXXVIII,Przymiotniki,Kierunek,Two-way,W dwie strony,,
4795,3,Tom IV,Rozdział XXXVIII,Przymiotniki,Kierunek,One-way,Jednokierunkowy,,
4796,3,Tom IV,Rozdział XXXVIII,Przymiotniki,Kierunek,Directed,Skierowany,,
4797,3,Tom IV,Rozdział XXXVIII,Przymiotniki,Kierunek,Two way,Dwukierunkowy,,
4798,3,Tom IV,Rozdział XXXVIII,Przymiotniki,Kierunek,One way,W jedną stronę,,
4799,3,Tom IV,Rozdział XXXVIII,Przymiotniki,Kierunek,Straight,"Prosty (biegnący prosto, nieskrzywiony)",,
4800,3,Tom IV,Rozdział XXXVIII,Przymiotniki,Kierunek,Opposite,Przeciwny; odwrotny,,
4801,3,Tom IV,Rozdział XXXVIII,Przymiotniki,Kierunek,Clockwise,Zgodny z ruchem wskazówek zegara,,
4802,3,Tom IV,Rozdział XXXVIII,Przymiotniki,Kierunek,Counterclockwise,Przeciwny do ruchu wskazówek zegara,,
4803,3,Tom IV,Rozdział XXXVIII,Przymiotniki,Kierunek,Reverse,Odwrotny; wsteczny,,
4804,3,Tom IV,Rozdział XXXVIII,Przymiotniki,Kierunek,Horizontal,Poziomy; horyzontalny,,
4805,3,Tom IV,Rozdział XXXVIII,Przymiotniki,Kierunek,Vertical,Wertykalny; pionowy,,
4806,3,Tom IV,Rozdział XXXVIII,Przymiotniki,Kierunek,Directional,Kierunkowy,,
4807,3,Tom IV,Rozdział XXXVIII,Przymiotniki,Kierunek,Upright,Pionowy; wyprostowany,,
4808,3,Tom IV,Rozdział XXXVIII,Przymiotniki,Kierunek,Diagonal,Ukośny,,
4809,3,Tom IV,Rozdział XXXVIII,Rzeczowniki,Nauki ścisłe,Observation,Obserwacja,,
4810,3,Tom IV,Rozdział XXXVIII,Rzeczowniki,Nauki ścisłe,Precision,Precyzja,,
4811,3,Tom IV,Rozdział XXXVIII,Rzeczowniki,Nauki ścisłe,Infinity,Nieskończoność,,
4812,3,Tom IV,Rozdział XXXVIII,Rzeczowniki,Nauki ścisłe,Oxygen,Tlen,,
4813,3,Tom IV,Rozdział XXXVIII,Rzeczowniki,Nauki ścisłe,Clarification,Doprecyzowanie; wyjaśnienie,,
4814,3,Tom IV,Rozdział XXXVIII,Rzeczowniki,Nauki ścisłe,Aspect,Aspekt,,
4815,3,Tom IV,Rozdział XXXVIII,Rzeczowniki,Nauki ścisłe,Column,Kolumna,,
4816,3,Tom IV,Rozdział XXXVIII,Rzeczowniki,Nauki ścisłe,Row,Rząd; wiersz,,
4817,3,Tom IV,Rozdział XXXVIII,Rzeczowniki,Nauki ścisłe,Research,Badanie (naukowe),,
4818,3,Tom IV,Rozdział XXXVIII,Rzeczowniki,Nauki ścisłe,Digit,Cyfra,,
4819,3,Tom IV,Rozdział XXXVIII,Rzeczowniki,Nauki ścisłe,Factor,Czynnik,,
4820,3,Tom IV,Rozdział XXXVIII,Rzeczowniki,Nauki ścisłe,Diagram,Diagram,,
4821,3,Tom IV,Rozdział XXXVIII,Rzeczowniki,Nauki ścisłe,Definition,Definicja,,
4822,3,Tom IV,Rozdział XXXVIII,Rzeczowniki,Nauki ścisłe,Addition,Dodawanie,,
4823,3,Tom IV,Rozdział XXXVIII,Rzeczowniki,Nauki ścisłe,Division,Dzielenie,,
4824,3,Tom IV,Rozdział XXXVIII,Rzeczowniki,Biżuteria,Wedding ring,Obrączka,,
4825,3,Tom IV,Rozdział XXXVIII,Rzeczowniki,Biżuteria,Gem,Kamień szlachetny,,
4826,3,Tom IV,Rozdział XXXVIII,Rzeczowniki,Biżuteria,Crown,Korona,,
4827,3,Tom IV,Rozdział XXXVIII,Rzeczowniki,Biżuteria,Chain,Łańcuch; łańcuszek,,
4828,3,Tom IV,Rozdział XXXVIII,Rzeczowniki,Biżuteria,Necklace,Naszyjnik,,
4829,3,Tom IV,Rozdział XXXVIII,Rzeczowniki,Biżuteria,Pearls,Perły,,
4830,3,Tom IV,Rozdział XXXVIII,Rzeczowniki,Biżuteria,Ruby,Rubin,,
4831,3,Tom IV,Rozdział XXXVIII,Rzeczowniki,Biżuteria,Signet ring,Sygnet,,
4832,3,Tom IV,Rozdział XXXVIII,Rzeczowniki,Biżuteria,Keyring,Breloczek,,
4833,3,Tom IV,Rozdział XXXVIII,Rzeczowniki,Biżuteria,Jewel,Klejnot,,
4834,3,Tom IV,Rozdział XXXVIII,Rzeczowniki,Biżuteria,Clasp,Zapięcie,,
4835,3,Tom IV,Rozdział XXXVIII,Rzeczowniki,Biżuteria,Medallion,Medalion,,
4836,3,Tom IV,Rozdział XXXVIII,Rzeczowniki,Biżuteria,Buckle,Klamra; szprzączka,,
4837,3,Tom IV,Rozdział XXXVIII,Rzeczowniki,Biżuteria,Bracelet,Bransoletka,,
4838,3,Tom IV,Rozdział XXXVIII,Rzeczowniki,Biżuteria,Sapphire,Szafir,,
4839,3,Tom IV,Rozdział XXXIX,Czasowniki,Natura,Bite,Gryźć,,
4840,3,Tom IV,Rozdział XXXIX,Czasowniki,Natura,Blow,Dmuchać; wiać,,
4841,3,Tom IV,Rozdział XXXIX,Czasowniki,Natura,Snow,Śnieżyć,,
4842,3,Tom IV,Rozdział XXXIX,Czasowniki,Natura,Bark,Szczekać,,
4843,3,Tom IV,Rozdział XXXIX,Czasowniki,Natura,Meow,Miauczeć,,
4844,3,Tom IV,Rozdział XXXIX,Czasowniki,Natura,Cool,Chłodzić,,
4845,3,Tom IV,Rozdział XXXIX,Czasowniki,Natura,Fetch,Aportować; przynosić,,
4846,3,Tom IV,Rozdział XXXIX,Czasowniki,Natura,Heat,Podgrzać,,
4847,3,Tom IV,Rozdział XXXIX,Czasowniki,Natura,Plant,Sadzić,,
4848,3,Tom IV,Rozdział XXXIX,Czasowniki,Natura,Pollinate,Zapylać,,
4849,3,Tom IV,Rozdział XXXIX,Czasowniki,Natura,Purr,Mruczeć,,
4850,3,Tom IV,Rozdział XXXIX,Czasowniki,Natura,Sprinkle,Prószyć,,
4851,3,Tom IV,Rozdział XXXIX,Czasowniki,Natura,Stroke,Głaskać (zwierzęce futro),,
4852,3,Tom IV,Rozdział XXXIX,Czasowniki,Natura,Survive,Przetrwać,,
4853,3,Tom IV,Rozdział XXXIX,Czasowniki,Natura,Warm,Ogrzewać,,
4854,3,Tom IV,Rozdział XXXIX,Phrasale,Komunikacja,Fill sb in,Zdawać komuś relację; wprowadzać kogoś (w temat),,
4855,3,Tom IV,Rozdział XXXIX,Phrasale,Komunikacja,Insist on sth,Upierać się; nalegać na coś,,
4856,3,Tom IV,Rozdział XXXIX,Phrasale,Komunikacja,Keep sth to oneself,Zatrzymać coś dla siebie,,
4857,3,Tom IV,Rozdział XXXIX,Phrasale,Komunikacja,Own up,Przyznać się,,
4858,3,Tom IV,Rozdział XXXIX,Phrasale,Komunikacja,Pin down,Sprecyzować coś; określić,,
4859,3,Tom IV,Rozdział XXXIX,Phrasale,Komunikacja,Put in,Wtrącić; dodać (do rozmowy),,
4860,3,Tom IV,Rozdział XXXIX,Phrasale,Komunikacja,Sink in,Przyjąć do wiadomości; oswoić się z informacją,,
4861,3,Tom IV,Rozdział XXXIX,Phrasale,Komunikacja,Butt in,Wtrącić się do rozmowy,,
4862,3,Tom IV,Rozdział XXXIX,Phrasale,Komunikacja,Fill sb in,Zdawać komuś relację; wprowadzać kogoś (w temat),,
4863,3,Tom IV,Rozdział XXXIX,Phrasale,Komunikacja,Own up,Przyznać się,,
4864,3,Tom IV,Rozdział XXXIX,Slang,Slang 19,Chillax,Pełen relaks,,
4865,3,Tom IV,Rozdział XXXIX,Slang,Slang 19,Downtime,Przerwa w pracy,,
4866,3,Tom IV,Rozdział XXXIX,Slang,Slang 19,Have a crash,Zasnąć bardzo szybko; kimnąć,,
4867,3,Tom IV,Rozdział XXXIX,Slang,Slang 19,Laid back,Ktoś kompletnie bez motywacji; ktoś kompletnie zblazowany,,
4868,3,Tom IV,Rozdział XXXIX,Slang,Slang 19,Loafing,Obijać się; odpoczywać,,
4869,3,Tom IV,Rozdział XXXIX,Slang,Slang 19,Slide,Podskoczyć (gdzieś),,
4870,3,Tom IV,Rozdział XXXIX,Slang,Slang 19,Kick back,Wrzucić na luz,,
4871,3,Tom IV,Rozdział XXXIX,Slang,Slang 19,Take five,Robić krótką przerwę w pracy; w koncercie,,
4872,3,Tom IV,Rozdział XXXIX,Slang,Slang 19,Roll up to,Zawinąć się (gdzieś),,
4873,3,Tom IV,Rozdział XXXIX,Slang,Slang 19,Zone out,Wyłączyć się,,
4874,3,Tom IV,Rozdział XXXIX,Rzeczowniki,Ilość,Minority,Mniejszość,,
4875,3,Tom IV,Rozdział XXXIX,Rzeczowniki,Ilość,Majority,Większość; pełnoletniość,,
4876,3,Tom IV,Rozdział XXXIX,Rzeczowniki,Ilość,Quarter,Ćwierć,,
4877,3,Tom IV,Rozdział XXXIX,Rzeczowniki,Ilość,Lack,Brak,,
4878,3,Tom IV,Rozdział XXXIX,Rzeczowniki,Ilość,Surplus,Nadwyżka; nadmiar,,
4879,3,Tom IV,Rozdział XXXIX,Rzeczowniki,Ilość,Shortage,Niedobór,,
4880,3,Tom IV,Rozdział XXXIX,Rzeczowniki,Ilość,Quantity,Ilość,,
4881,3,Tom IV,Rozdział XXXIX,Rzeczowniki,Ilość,Amount,Kwota; ilość,,
4882,3,Tom IV,Rozdział XXXIX,Rzeczowniki,Ilość,Pile,Stos; sterta,,
4883,3,Tom IV,Rozdział XXXIX,Rzeczowniki,Ilość,Dozen,Tuzin,,
4884,3,Tom IV,Rozdział XXXIX,Rzeczowniki,Ilość,Excess,Nadmiar,,
4885,3,Tom IV,Rozdział XXXIX,Rzeczowniki,Ilość,Overflow,Przepełnienie; przelew; zalew,,
4886,3,Tom IV,Rozdział XXXIX,Rzeczowniki,Ilość,Ounce,Uncja,,
4887,3,Tom IV,Rozdział XXXIX,Rzeczowniki,Ilość,Lack,Brak,,
4888,3,Tom IV,Rozdział XXXIX,Rzeczowniki,Ilość,Dozen,Tuzin,,
4889,3,Tom IV,Rozdział XXXIX,Rzeczowniki,Religia,Priest,Kapłan; ksiądz,,
4890,3,Tom IV,Rozdział XXXIX,Rzeczowniki,Religia,Heaven,"Niebo (raj, miejsce po śmierci)",,
4891,3,Tom IV,Rozdział XXXIX,Rzeczowniki,Religia,Hell,Piekło,,
4892,3,Tom IV,Rozdział XXXIX,Rzeczowniki,Religia,Religion,Religia,,
4893,3,Tom IV,Rozdział XXXIX,Rzeczowniki,Religia,Angel,Anioł,,
4894,3,Tom IV,Rozdział XXXIX,Rzeczowniki,Religia,Atheist,Ateista,,
4895,3,Tom IV,Rozdział XXXIX,Rzeczowniki,Religia,Devil,Diabeł,,
4896,3,Tom IV,Rozdział XXXIX,Rzeczowniki,Religia,Soul,Dusza,,
4897,3,Tom IV,Rozdział XXXIX,Rzeczowniki,Religia,Fanatic,Fanatyk,,
4898,3,Tom IV,Rozdział XXXIX,Rzeczowniki,Religia,Sin,Grzech,,
4899,3,Tom IV,Rozdział XXXIX,Rzeczowniki,Religia,Guru,Guru,,
4900,3,Tom IV,Rozdział XXXIX,Rzeczowniki,Religia,Cross,Krzyż,,
4901,3,Tom IV,Rozdział XXXIX,Rzeczowniki,Religia,Monk,Mnich,,
4902,3,Tom IV,Rozdział XXXIX,Rzeczowniki,Religia,Prayer,Modlitwa,,
4903,3,Tom IV,Rozdział XXXIX,Rzeczowniki,Religia,Crayons,Kredki,,
4904,3,Tom IV,Rozdział XXXIX,Przymiotniki,Przymiotniki 15,Daring,Brawurowy (śmiały),,
4905,3,Tom IV,Rozdział XXXIX,Przymiotniki,Przymiotniki 15,Old-fashioned,Staromodny,,
4906,3,Tom IV,Rozdział XXXIX,Przymiotniki,Przymiotniki 15,Demanding,Wymagający,,
4907,3,Tom IV,Rozdział XXXIX,Przymiotniki,Przymiotniki 15,Mysterious,Tajemniczy; zagadkowy,,
4908,3,Tom IV,Rozdział XXXIX,Przymiotniki,Przymiotniki 15,Straightforward,Porostolinijny; bezpośredni,,
4909,3,Tom IV,Rozdział XXXIX,Przymiotniki,Przymiotniki 15,Fragile,Kruchy; delikatny,,
4910,3,Tom IV,Rozdział XXXIX,Przymiotniki,Przymiotniki 15,Outspoken,Szczery do bólu; bezpośredni,,
4911,3,Tom IV,Rozdział XXXIX,Przymiotniki,Przymiotniki 15,Peaceful,Pokojowy; spokojny,,
4912,3,Tom IV,Rozdział XXXIX,Przymiotniki,Przymiotniki 15,Reserved,Powściągliwy,,
4913,3,Tom IV,Rozdział XXXIX,Przymiotniki,Przymiotniki 15,Trustful,Ufny,,
4914,3,Tom IV,Rozdział XXXIX,Przymiotniki,Przymiotniki 15,Addictive,Uzależniający; wciągający,,
4915,3,Tom IV,Rozdział XXXIX,Przymiotniki,Przymiotniki 15,Bossy,Władczy; apodyktyczny,,
4916,3,Tom IV,Rozdział XXXIX,Przymiotniki,Przymiotniki 15,Capable,Zdolny do czegoś; umiejętny,,
4917,3,Tom IV,Rozdział XXXIX,Przymiotniki,Przymiotniki 15,Odd,Dziwny (coś w nim jest nie tak); nieparzysty,,
4918,3,Tom IV,Rozdział XXXIX,Przymiotniki,Przymiotniki 15,Stable,Stabilny; stały,,
4919,3,Tom IV,Rozdział XXXIX,Rzeczowniki,Dom,Window sill,Parapet,,
4920,3,Tom IV,Rozdział XXXIX,Rzeczowniki,Dom,Driveway,Podjazd,,
4921,3,Tom IV,Rozdział XXXIX,Rzeczowniki,Dom,Possession,Posiadanie (fakt posiadania czegoś),,
4922,3,Tom IV,Rozdział XXXIX,Rzeczowniki,Dom,Matchbox,Pudełko zapałek,,
4923,3,Tom IV,Rozdział XXXIX,Rzeczowniki,Dom,Bookcase,Regał na książki,,
4924,3,Tom IV,Rozdział XXXIX,Rzeczowniki,Dom,Rooftop,Szczyt dachu; dach,,
4925,3,Tom IV,Rozdział XXXIX,Rzeczowniki,Dom,Washbasin,Umywalka,,
4926,3,Tom IV,Rozdział XXXIX,Rzeczowniki,Dom,Vase,Wazon,,
4927,3,Tom IV,Rozdział XXXIX,Rzeczowniki,Dom,Ownership,Własność (fakt bycia właścicielem czegoś),,
4928,3,Tom IV,Rozdział XXXIX,Rzeczowniki,Dom,Blind,Żaluzja,,
4929,3,Tom IV,Rozdział XXXIX,Rzeczowniki,Dom,Utilities,"Media komunalne (np. Prąd, woda, itp.)",,
4930,3,Tom IV,Rozdział XXXIX,Rzeczowniki,Dom,Groceries,Zakupy spożywcze,,
4931,3,Tom IV,Rozdział XXXIX,Rzeczowniki,Dom,Parcel,Parcela; paczka (pocztowa),,
4932,3,Tom IV,Rozdział XXXIX,Rzeczowniki,Dom,Interior,Wnętrze,,
4933,3,Tom IV,Rozdział XXXIX,Rzeczowniki,Dom,Deposit,Kaucja,,
4934,3,Tom IV,Rozdział XXXIX,Rzeczowniki,Jedzenie,Roast,Pieczeń,,
4935,3,Tom IV,Rozdział XXXIX,Rzeczowniki,Jedzenie,Dumplings,Pierogi,,
4936,3,Tom IV,Rozdział XXXIX,Rzeczowniki,Jedzenie,Chicken breast,Pierś drobiowa,,
4937,3,Tom IV,Rozdział XXXIX,Rzeczowniki,Jedzenie,Popcorn,Popkorn,,
4938,3,Tom IV,Rozdział XXXIX,Rzeczowniki,Jedzenie,Starter,Przystawka; zakąska,,
4939,3,Tom IV,Rozdział XXXIX,Rzeczowniki,Jedzenie,Meatball,Pulpet,,
4940,3,Tom IV,Rozdział XXXIX,Rzeczowniki,Jedzenie,Mashed potatoes,Tłuczone ziemniaki; puree,,
4941,3,Tom IV,Rozdział XXXIX,Rzeczowniki,Jedzenie,Raisin,Rodzynek,,
4942,3,Tom IV,Rozdział XXXIX,Rzeczowniki,Jedzenie,Ingredient,Składnik,,
4943,3,Tom IV,Rozdział XXXIX,Rzeczowniki,Jedzenie,Catering,Katering,,
4944,3,Tom IV,Rozdział XXXIX,Rzeczowniki,Jedzenie,Olive,Oliwka,,
4945,3,Tom IV,Rozdział XXXIX,Rzeczowniki,Jedzenie,Seafood,Owoce morza,,
4946,3,Tom IV,Rozdział XXXIX,Rzeczowniki,Jedzenie,Appetizer,Przystawka; aperitif,,
4947,3,Tom IV,Rozdział XXXIX,Rzeczowniki,Jedzenie,Pork,Wieprzowina,,
4948,3,Tom IV,Rozdział XXXIX,Rzeczowniki,Jedzenie,Beef,Wołowina,,
4949,3,Tom IV,Rozdział XXXIX,Phrasale,Finanse,Pay for,Zapłacić,,
4950,3,Tom IV,Rozdział XXXIX,Phrasale,Finanse,Take away,Kupić na wynos,,
4951,3,Tom IV,Rozdział XXXIX,Phrasale,Finanse,Sell out,Wyprzedać,,
4952,3,Tom IV,Rozdział XXXIX,Phrasale,Finanse,Cut back,Wydawać mniej; ciąć wydatki,,
4953,3,Tom IV,Rozdział XXXIX,Phrasale,Finanse,Get by,Przetrwać; dawać sobie radę,,
4954,3,Tom IV,Rozdział XXXIX,Phrasale,Finanse,Go for sth,Chodzić za ileś (mieć określoną cenę),,
4955,3,Tom IV,Rozdział XXXIX,Phrasale,Finanse,Take out,Wypłacać; wyjmować (pieniądze z konta lub bankomatu),,
4956,3,Tom IV,Rozdział XXXIX,Phrasale,Finanse,Bail sb out,Wykupić (kogoś),,
4957,3,Tom IV,Rozdział XXXIX,Phrasale,Finanse,Pay sth back,Zwracać komuś kasę,,
4958,3,Tom IV,Rozdział XXXIX,Phrasale,Finanse,Pay sth off,Spłacać coś,,
4959,3,Tom IV,Rozdział XXXIX,Przymiotniki,Przymiotniki 16,General,Generalny; ogólny,,
4960,3,Tom IV,Rozdział XXXIX,Przymiotniki,Przymiotniki 16,Other,Inny; ten drugi,,
4961,3,Tom IV,Rozdział XXXIX,Przymiotniki,Przymiotniki 16,Same,Taki sam,,
4962,3,Tom IV,Rozdział XXXIX,Przymiotniki,Przymiotniki 16,Right,Właściwy; poprawny,,
4963,3,Tom IV,Rozdział XXXIX,Przymiotniki,Przymiotniki 16,Similar,Podobny,,
4964,3,Tom IV,Rozdział XXXIX,Przymiotniki,Przymiotniki 16,Absent,Nieobecny,,
4965,3,Tom IV,Rozdział XXXIX,Przymiotniki,Przymiotniki 16,So-and-so,Taki owaki,,
4966,3,Tom IV,Rozdział XXXIX,Przymiotniki,Przymiotniki 16,Active,Aktywny; czynny,,
4967,3,Tom IV,Rozdział XXXIX,Przymiotniki,Przymiotniki 16,Direct,Bezpośredni,,
4968,3,Tom IV,Rozdział XXXIX,Przymiotniki,Przymiotniki 16,Passive,Pasywny; bierny,,
4969,3,Tom IV,Rozdział XXXIX,Przymiotniki,Przymiotniki 16,Indirect,Pośredni,,
4970,3,Tom IV,Rozdział XXXIX,Przymiotniki,Przymiotniki 16,Missing,Brakujący,,
4971,3,Tom IV,Rozdział XXXIX,Przymiotniki,Przymiotniki 16,Pure,Bezgrzeszny (czysty),,
4972,3,Tom IV,Rozdział XXXIX,Przymiotniki,Przymiotniki 16,Equal,Równy (sprawiedliwie podzielony); równorzędny,,
4973,3,Tom IV,Rozdział XXXIX,Przymiotniki,Przymiotniki 16,Particular,Konkretny; szczególny,,
4974,3,Tom IV,Rozdział XL,Czasowniki,Higiena I wygląd,Shave,Golić,,
4975,3,Tom IV,Rozdział XL,Czasowniki,Higiena I wygląd,Look,Wyglądać,,
4976,3,Tom IV,Rozdział XL,Czasowniki,Higiena I wygląd,Fit,Być właściwego rozmiaru; pasować,,
4977,3,Tom IV,Rozdział XL,Czasowniki,Higiena I wygląd,Match,Pasować do czegoś; dopasowywać do czegoś,,
4978,3,Tom IV,Rozdział XL,Czasowniki,Higiena I wygląd,Suit,Pasować (coś komuś pasuje),,
4979,3,Tom IV,Rozdział XL,Czasowniki,Higiena I wygląd,Dress,Ubierać,,
4980,3,Tom IV,Rozdział XL,Czasowniki,Higiena I wygląd,Tease,Tapirować,,
4981,3,Tom IV,Rozdział XL,Czasowniki,Higiena I wygląd,Perfume,Perfumować,,
4982,3,Tom IV,Rozdział XL,Czasowniki,Higiena I wygląd,Brush,Szczotkować,,
4983,3,Tom IV,Rozdział XL,Czasowniki,Higiena I wygląd,Lace,Sznurować,,
4984,3,Tom IV,Rozdział XL,Czasowniki,Higiena I wygląd,Measure,Mierzyć,,
4985,3,Tom IV,Rozdział XL,Czasowniki,Higiena I wygląd,Refresh,Odświeżać,,
4986,3,Tom IV,Rozdział XL,Czasowniki,Higiena I wygląd,Strip,Zdzierać (ubrania); rozbierać (się),,
4987,3,Tom IV,Rozdział XL,Czasowniki,Higiena I wygląd,Sunbathe,Opalać się,,
4988,3,Tom IV,Rozdział XL,Czasowniki,Higiena I wygląd,Undress,Rozbierać się,,
4989,3,Tom IV,Rozdział XL,Rzeczowniki,Miasto,Pedestrian crossing,Przejście dla pieszych,,
4990,3,Tom IV,Rozdział XL,Rzeczowniki,Miasto,Dead-end,Ślepy zaułek,,
4991,3,Tom IV,Rozdział XL,Rzeczowniki,Miasto,Checkpoint,Posterunek; punkt kontrolny,,
4992,3,Tom IV,Rozdział XL,Rzeczowniki,Miasto,Suburb,Przedmieście,,
4993,3,Tom IV,Rozdział XL,Rzeczowniki,Miasto,City hall,Ratusz,,
4994,3,Tom IV,Rozdział XL,Rzeczowniki,Miasto,Old market,Stary rynek,,
4995,3,Tom IV,Rozdział XL,Rzeczowniki,Miasto,Cycle lane,Ścieżka rowerowa,,
4996,3,Tom IV,Rozdział XL,Rzeczowniki,Miasto,Employment agency,Agencja pośrednictwa pracy,,
4997,3,Tom IV,Rozdział XL,Rzeczowniki,Miasto,Tax office,Urząd skarbowy,,
4998,3,Tom IV,Rozdział XL,Rzeczowniki,Miasto,Boutique,Butik,,
4999,3,Tom IV,Rozdział XL,Rzeczowniki,Miasto,Department store,Dom handlowy,,
5000,3,Tom IV,Rozdział XL,Rzeczowniki,Miasto,Drugstore,Drogeria,,
5001,3,Tom IV,Rozdział XL,Rzeczowniki,Miasto,Florist's,Kwiaciarnia,,
5002,3,Tom IV,Rozdział XL,Rzeczowniki,Miasto,Shopping list,Lista zakupów,,
5003,3,Tom IV,Rozdział XL,Rzeczowniki,Miasto,Place of residence,Miejsce zamieszkania,,
5004,3,Tom IV,Rozdział XL,Rzeczowniki,Kraje,Bosnia and herzegovina,Bośnia I hercegowina,,
5005,3,Tom IV,Rozdział XL,Rzeczowniki,Kraje,Bosnian,Bośniaczka; bośniak,,
5006,3,Tom IV,Rozdział XL,Rzeczowniki,Kraje,Filipino,Filipinka; filipińczyk,,
5007,3,Tom IV,Rozdział XL,Rzeczowniki,Kraje,The philippines,Filipiny,,
5008,3,Tom IV,Rozdział XL,Rzeczowniki,Kraje,Latvia,Łotwa,,
5009,3,Tom IV,Rozdział XL,Rzeczowniki,Kraje,Latvian,Łotyszka; łotysz,,
5010,3,Tom IV,Rozdział XL,Rzeczowniki,Kraje,South african,Południowoafrykanka; południowoafrykańczyk,,
5011,3,Tom IV,Rozdział XL,Rzeczowniki,Kraje,South africa,Republika południowej afryki,,
5012,3,Tom IV,Rozdział XL,Rzeczowniki,Kraje,Vietnam,Wietnam,,
5013,3,Tom IV,Rozdział XL,Rzeczowniki,Kraje,Vietnamese,Wietnamka; wietnamczyk,,
5014,3,Tom IV,Rozdział XL,Rzeczowniki,Kraje,Brazil,Brazylia,,
5015,3,Tom IV,Rozdział XL,Rzeczowniki,Kraje,Brazilian,Brazylijka; brazylijczyk,,
5016,3,Tom IV,Rozdział XL,Rzeczowniki,Kraje,Egyptian,Egipcjanka; egipcjanin,,
5017,3,Tom IV,Rozdział XL,Rzeczowniki,Kraje,Egypt,Egipt,,
5018,3,Tom IV,Rozdział XL,Rzeczowniki,Kraje,Jamaica,Jamajka,,
5019,3,Tom IV,Rozdział XL,Spójniki,W odniesieniu do,As far as,O ile; aż do (o odległości),,
5020,3,Tom IV,Rozdział XL,Spójniki,W odniesieniu do,As for,Co się tyczy,,
5021,3,Tom IV,Rozdział XL,Spójniki,W odniesieniu do,In the first place,W pierwszej kolejności,,
5022,3,Tom IV,Rozdział XL,Spójniki,W odniesieniu do,Depending on,Zależnie od,,
5023,3,Tom IV,Rozdział XL,Spójniki,W odniesieniu do,Given,Zważywszy,,
5024,3,Tom IV,Rozdział XL,Spójniki,W odniesieniu do,Independent of,Niezależnie od,,
5025,3,Tom IV,Rozdział XL,Spójniki,W odniesieniu do,Owing to,Dzięki (np. Tobie); z powodu,,
5026,3,Tom IV,Rozdział XL,Spójniki,W odniesieniu do,Regarding,W sprawie; odnośnie do,,
5027,3,Tom IV,Rozdział XL,Spójniki,W odniesieniu do,With regard to,W odniesieniu do,,
5028,3,Tom IV,Rozdział XL,Spójniki,W odniesieniu do,According to,Według,,
5029,3,Tom IV,Rozdział XL,Czasowniki,Demolki małe I duże,Break,Złamać; zepsuć; rozbić,,
5030,3,Tom IV,Rozdział XL,Czasowniki,Demolki małe I duże,Crash,Rozbijać,,
5031,3,Tom IV,Rozdział XL,Czasowniki,Demolki małe I duże,Damage,Uszkadzać,,
5032,3,Tom IV,Rozdział XL,Czasowniki,Demolki małe I duże,Destroy,Niszczyć,,
5033,3,Tom IV,Rozdział XL,Czasowniki,Demolki małe I duże,Burn,Spalić,,
5034,3,Tom IV,Rozdział XL,Czasowniki,Demolki małe I duże,Crush,Miażdżyć,,
5035,3,Tom IV,Rozdział XL,Czasowniki,Demolki małe I duże,Mess,Zrujnować coś,,
5036,3,Tom IV,Rozdział XL,Czasowniki,Demolki małe I duże,Bang,Huknąć; trzaskać,,
5037,3,Tom IV,Rozdział XL,Czasowniki,Demolki małe I duże,Explode,Eksplodować,,
5038,3,Tom IV,Rozdział XL,Czasowniki,Demolki małe I duże,Launch,Wystrzelić; odpalić; rozpoczynać,,
5039,3,Tom IV,Rozdział XL,Czasowniki,Demolki małe I duże,Rip,Rozrywać,,
5040,3,Tom IV,Rozdział XL,Czasowniki,Demolki małe I duże,Scratch,Zarysować; drapać,,
5041,3,Tom IV,Rozdział XL,Czasowniki,Demolki małe I duże,Crack,Stłuc; pękać; rozbijać,,
5042,3,Tom IV,Rozdział XL,Czasowniki,Demolki małe I duże,Tear,Rwać (się); drzeć (się),,
5043,3,Tom IV,Rozdział XL,Czasowniki,Demolki małe I duże,Bump,Zderzać się; wpadać na kogoś,,
5044,3,Tom IV,Rozdział XL,Phrasale,Phrasale 3,Be against sth,Być przeciwko; sprzecznym czemuś,,
5045,3,Tom IV,Rozdział XL,Phrasale,Phrasale 3,Be for,Być za czymś,,
5046,3,Tom IV,Rozdział XL,Phrasale,Phrasale 3,Stand for,Znaczyć coś (rozwinięcie skrótu),,
5047,3,Tom IV,Rozdział XL,Phrasale,Phrasale 3,Try out,Wypróbować,,
5048,3,Tom IV,Rozdział XL,Phrasale,Phrasale 3,Deal with sth,Radzić sobie z,,
5049,3,Tom IV,Rozdział XL,Phrasale,Phrasale 3,Turn out,Okazać się,,
5050,3,Tom IV,Rozdział XL,Phrasale,Phrasale 3,Be out,Być nieobecnym; być poza (domem),,
5051,3,Tom IV,Rozdział XL,Phrasale,Phrasale 3,Do without,"Poradzić sobie bez (kogoś, czegoś)",,
5052,3,Tom IV,Rozdział XL,Phrasale,Phrasale 3,Live on sth,Żyć z czegoś,,
5053,3,Tom IV,Rozdział XL,Phrasale,Phrasale 3,Get along,Radzić sobie,,
5054,3,Tom IV,Rozdział XL,Skróty,Edukacja,Ba,Lic. Nauk humanistycznych,,
5055,3,Tom IV,Rozdział XL,Skróty,Edukacja,Bsc,Lic. Nauk ścisłych,,
5056,3,Tom IV,Rozdział XL,Skróty,Edukacja,Efl,Angielski jako język obcy (skrót),,
5057,3,Tom IV,Rozdział XL,Skróty,Edukacja,Esl,Angielski jako drugi język (skrót),,
5058,3,Tom IV,Rozdział XL,Skróty,Edukacja,Ma,Mgr nauk humanistycznych,,
5059,3,Tom IV,Rozdział XL,Skróty,Edukacja,Mba,Mgr administracji biznesowej,,
5060,3,Tom IV,Rozdział XL,Skróty,Edukacja,Md,Lek. Med.,,
5061,3,Tom IV,Rozdział XL,Skróty,Edukacja,Mphil,Mgr filozofii,,
5062,3,Tom IV,Rozdział XL,Skróty,Edukacja,Msc,Mgr nauk ścisłych,,
5063,3,Tom IV,Rozdział XL,Skróty,Edukacja,Phd,Doktorat; dr,,
5064,3,Tom IV,Rozdział XL,Rzeczowniki,Transport,Roadside assistance,Pomoc drogowa,,
5065,3,Tom IV,Rozdział XL,Rzeczowniki,Transport,Port,Port (część miasta),,
5066,3,Tom IV,Rozdział XL,Rzeczowniki,Transport,Carriage,Powóz,,
5067,3,Tom IV,Rozdział XL,Rzeczowniki,Transport,Ferry,Prom,,
5068,3,Tom IV,Rozdział XL,Rzeczowniki,Transport,Service,Przegląd pojazdu,,
5069,3,Tom IV,Rozdział XL,Rzeczowniki,Transport,Aisle,Przejście (w samolocie),,
5070,3,Tom IV,Rozdział XL,Rzeczowniki,Transport,Carrier,Przewoźnik,,
5071,3,Tom IV,Rozdział XL,Rzeczowniki,Transport,Motor,Silnik (elektryczny),,
5072,3,Tom IV,Rozdział XL,Rzeczowniki,Transport,Scooter,Skuter,,
5073,3,Tom IV,Rozdział XL,Rzeczowniki,Transport,Wagon,Wagon,,
5074,3,Tom IV,Rozdział XL,Rzeczowniki,Transport,Dining car,Wagon restauracyjny,,
5075,3,Tom IV,Rozdział XL,Rzeczowniki,Transport,Wreck,Wrak,,
5076,3,Tom IV,Rozdział XL,Rzeczowniki,Transport,Shipwreck,Wrak statku,,
5077,3,Tom IV,Rozdział XL,Rzeczowniki,Transport,Sailboat,Żaglówka,,
5078,3,Tom IV,Rozdział XL,Rzeczowniki,Transport,Van,Furgonetka,,
5079,3,Tom IV,Rozdział XL,Rzeczowniki,Mistrz kierownicy,Spare wheel,Koło zapasowe,,
5080,3,Tom IV,Rozdział XL,Rzeczowniki,Mistrz kierownicy,Maneuver,Manewr,,
5081,3,Tom IV,Rozdział XL,Rzeczowniki,Mistrz kierownicy,Detour,Objazd,,
5082,3,Tom IV,Rozdział XL,Rzeczowniki,Mistrz kierownicy,Warning,Ostrzeżenie,,
5083,3,Tom IV,Rozdział XL,Rzeczowniki,Mistrz kierownicy,Roadside,Pobocze,,
5084,3,Tom IV,Rozdział XL,Rzeczowniki,Mistrz kierownicy,Vehicle,Pojazd,,
5085,3,Tom IV,Rozdział XL,Rzeczowniki,Mistrz kierownicy,Gap,Przerwa; wyrwa,,
5086,3,Tom IV,Rozdział XL,Rzeczowniki,Mistrz kierownicy,Brink,Skraj,,
5087,3,Tom IV,Rozdział XL,Rzeczowniki,Mistrz kierownicy,Flat tire,Przebita opona,,
5088,3,Tom IV,Rozdział XL,Rzeczowniki,Mistrz kierownicy,Route,Trasa,,
5089,3,Tom IV,Rozdział XL,Rzeczowniki,Mistrz kierownicy,Bend,Zakręt; łuk,,
5090,3,Tom IV,Rozdział XL,Rzeczowniki,Mistrz kierownicy,Minor road,Droga boczna,,
5091,3,Tom IV,Rozdział XL,Rzeczowniki,Mistrz kierownicy,Main road,Droga główna,,
5092,3,Tom IV,Rozdział XL,Rzeczowniki,Mistrz kierownicy,Brake,Hamulec,,
5093,3,Tom IV,Rozdział XL,Rzeczowniki,Mistrz kierownicy,Bumper,Zderzak,,
5094,3,Tom IV,Rozdział XL,Zabronione,Człowiek jest piękny,Alluring,Kusząca,,
5095,3,Tom IV,Rozdział XL,Zabronione,Człowiek jest piękny,Angelic,Anielska,,
5096,3,Tom IV,Rozdział XL,Zabronione,Człowiek jest piękny,Banging,Superancka,,
5097,3,Tom IV,Rozdział XL,Zabronione,Człowiek jest piękny,Eye-catching,Przykuwa wzrok,,
5098,3,Tom IV,Rozdział XL,Zabronione,Człowiek jest piękny,Foxy,Laseczka,,
5099,3,Tom IV,Rozdział XL,Zabronione,Człowiek jest piękny,Graceful,Pełna gracji,,
5100,3,Tom IV,Rozdział XL,Zabronione,Człowiek jest piękny,Mesmerizing,Hipnotyzująca; zachwycająca,,
5101,3,Tom IV,Rozdział XL,Zabronione,Człowiek jest piękny,Phenomenal,Zjawiskowa; fenomenalna,,
5102,3,Tom IV,Rozdział XL,Zabronione,Człowiek jest piękny,Sensuous,Zmysłowa,,
5103,3,Tom IV,Rozdział XL,Zabronione,Człowiek jest piękny,Striking beauty,Uderzające piękno,,
5104,3,Tom V,Rozdział XLI,Rzeczowniki,Ubrania,Thread,Nić,,
5105,3,Tom V,Rozdział XLI,Rzeczowniki,Ubrania,Lace,Sznurówka,,
5106,3,Tom V,Rozdział XLI,Rzeczowniki,Ubrania,Neckline,Dekolt,,
5107,3,Tom V,Rozdział XLI,Rzeczowniki,Ubrania,Panties,Figi (damska bielizna),,
5108,3,Tom V,Rozdział XLI,Rzeczowniki,Ubrania,Rain boots,Kalosze,,
5109,3,Tom V,Rozdział XLI,Rzeczowniki,Ubrania,Hood,Kaptur,,
5110,3,Tom V,Rozdział XLI,Rzeczowniki,Ubrania,Swimming trunks,Kąpielówki,,
5111,3,Tom V,Rozdział XLI,Rzeczowniki,Ubrania,Collection,Kolekcja,,
5112,3,Tom V,Rozdział XLI,Rzeczowniki,Ubrania,Cane,Laska (do chodzenia),,
5113,3,Tom V,Rozdział XLI,Rzeczowniki,Ubrania,Uniform,Mundur,,
5114,3,Tom V,Rozdział XLI,Rzeczowniki,Ubrania,Footwear,Obuwie,,
5115,3,Tom V,Rozdział XLI,Rzeczowniki,Ubrania,Raincoat,Płaszcz przeciwdeszczowy,,
5116,3,Tom V,Rozdział XLI,Rzeczowniki,Ubrania,Undershirt,Podkoszulek,,
5117,3,Tom V,Rozdział XLI,Rzeczowniki,Ubrania,Disguise,Przebranie,,
5118,3,Tom V,Rozdział XLI,Rzeczowniki,Ubrania,Sleeve,Rękaw,,
5119,3,Tom V,Rozdział XLI,Przymiotniki,Przymiotniki 17,Specific,Specyficzny; konkretny,,
5120,3,Tom V,Rozdział XLI,Przymiotniki,Przymiotniki 17,Abstract,Abstrakcyjny,,
5121,3,Tom V,Rozdział XLI,Przymiotniki,Przymiotniki 17,Idiotic,Idiotyczny,,
5122,3,Tom V,Rozdział XLI,Przymiotniki,Przymiotniki 17,Allergic,Alergiczny; uczulony,,
5123,3,Tom V,Rozdział XLI,Przymiotniki,Przymiotniki 17,Alcoholic,Alkoholowy,,
5124,3,Tom V,Rozdział XLI,Przymiotniki,Przymiotniki 17,Complete,Kompletny,,
5125,3,Tom V,Rozdział XLI,Przymiotniki,Przymiotniki 17,Anal,Analny; doodbytniczy,,
5126,3,Tom V,Rozdział XLI,Przymiotniki,Przymiotniki 17,Architectural,Architektoniczny,,
5127,3,Tom V,Rozdział XLI,Przymiotniki,Przymiotniki 17,Authentic,Autentyczny,,
5128,3,Tom V,Rozdział XLI,Przymiotniki,Przymiotniki 17,Automatic,Automatyczny,,
5129,3,Tom V,Rozdział XLI,Przymiotniki,Przymiotniki 17,Banal,Banalny,,
5130,3,Tom V,Rozdział XLI,Przymiotniki,Przymiotniki 17,Oral,Doustny; oralny,,
5131,3,Tom V,Rozdział XLI,Przymiotniki,Przymiotniki 17,Dramatic,Dramatyczny,,
5132,3,Tom V,Rozdział XLI,Przymiotniki,Przymiotniki 17,Discreet,Dyskretny,,
5133,3,Tom V,Rozdział XLI,Przymiotniki,Przymiotniki 17,Ecological,Ekologiczny,,
5134,3,Tom V,Rozdział XLI,Czasowniki,Czas,Begin,Zaczynać,,
5135,3,Tom V,Rozdział XLI,Czasowniki,Czas,Start,Zacząć,,
5136,3,Tom V,Rozdział XLI,Czasowniki,Czas,Tick,Tykać,,
5137,3,Tom V,Rozdział XLI,Czasowniki,Czas,Last,Trwać,,
5138,3,Tom V,Rozdział XLI,Czasowniki,Czas,Skip,Pominąć; opuścić (darować sobie),,
5139,3,Tom V,Rozdział XLI,Czasowniki,Czas,Pass,Przemijać,,
5140,3,Tom V,Rozdział XLI,Czasowniki,Czas,Time,"Mierzyć czas (komuś, czemuś)",,
5141,3,Tom V,Rozdział XLI,Czasowniki,Czas,Delay,Opóźniać,,
5142,3,Tom V,Rozdział XLI,Czasowniki,Czas,Resume,Wznawiać,,
5143,3,Tom V,Rozdział XLI,Czasowniki,Czas,Prolong,Przedłużać,,
5144,3,Tom V,Rozdział XLI,Czasowniki,Czas,Await,Czekać na,,
5145,3,Tom V,Rozdział XLI,Czasowniki,Czas,Terminate,Zakończyć; rozwiązywać (kontrakt),,
5146,3,Tom V,Rozdział XLI,Czasowniki,Czas,Coincide,Zbiec się (w określonej sytuacji),,
5147,3,Tom V,Rozdział XLI,Czasowniki,Czas,Proceed,Postępować; kontynuować,,
5148,3,Tom V,Rozdział XLI,Czasowniki,Czas,Schedule,Zaplanować czasowo,,
5149,3,Tom V,Rozdział XLI,Rzeczowniki,Kalendarz I czas,Bedtime,Pora spania,,
5150,3,Tom V,Rozdział XLI,Rzeczowniki,Kalendarz I czas,Prehistory,Prehistoria,,
5151,3,Tom V,Rozdział XLI,Rzeczowniki,Kalendarz I czas,Renaissance,Renesans,,
5152,3,Tom V,Rozdział XLI,Rzeczowniki,Kalendarz I czas,Antiquity,Starożytność,,
5153,3,Tom V,Rozdział XLI,Rzeczowniki,Kalendarz I czas,The middle ages,Średniowiecze,,
5154,3,Tom V,Rozdział XLI,Rzeczowniki,Kalendarz I czas,Millennium,Tysiąclecie,,
5155,3,Tom V,Rozdział XLI,Rzeczowniki,Kalendarz I czas,Lapse of time,Upływ czasu,,
5156,3,Tom V,Rozdział XLI,Rzeczowniki,Kalendarz I czas,Midweek,W środku tygodnia,,
5157,3,Tom V,Rozdział XLI,Rzeczowniki,Kalendarz I czas,Solar clock,Zegar słoneczny,,
5158,3,Tom V,Rozdział XLI,Rzeczowniki,Kalendarz I czas,Twilight,Zmierzch,,
5159,3,Tom V,Rozdział XLI,Rzeczowniki,Kalendarz I czas,Baroque,Barok,,
5160,3,Tom V,Rozdział XLI,Rzeczowniki,Kalendarz I czas,Nighttime,Nocna pora,,
5161,3,Tom V,Rozdział XLI,Rzeczowniki,Kalendarz I czas,Leap year,Rok przestępny,,
5162,3,Tom V,Rozdział XLI,Rzeczowniki,Kalendarz I czas,Dawn,Świt,,
5163,3,Tom V,Rozdział XLI,Rzeczowniki,Kalendarz I czas,Dusk,Zmrok,,
5164,3,Tom V,Rozdział XLI,Slang,Miejsce,Big apple,New york,,
5165,3,Tom V,Rozdział XLI,Slang,Miejsce,Big easy,Nowy orlean; louisiana (usa),,
5166,3,Tom V,Rozdział XLI,Slang,Miejsce,Crib,Chałupa,,
5167,3,Tom V,Rozdział XLI,Slang,Miejsce,Magic city,Miami,,
5168,3,Tom V,Rozdział XLI,Slang,Miejsce,Man cave,Azyl faceta (miejsce); jaskinia,,
5169,3,Tom V,Rozdział XLI,Slang,Miejsce,Sin city,Las vegas,,
5170,3,Tom V,Rozdział XLI,Slang,Miejsce,Windy city,Chicago,,
5171,3,Tom V,Rozdział XLI,Slang,Miejsce,Loo,Kibelek,,
5172,3,Tom V,Rozdział XLI,Slang,Miejsce,Pad,Hawira,,
5173,3,Tom V,Rozdział XLI,Slang,Miejsce,Joint,Knajpa,,
5174,3,Tom V,Rozdział XLI,Phrasale,Co się patrzysz?,Look down,Spojrzeć w dół,,
5175,3,Tom V,Rozdział XLI,Phrasale,Co się patrzysz?,Look up,Spojrzeć w górę,,
5176,3,Tom V,Rozdział XLI,Phrasale,Co się patrzysz?,Look around,Rozejrzeć się,,
5177,3,Tom V,Rozdział XLI,Phrasale,Co się patrzysz?,Look at,Spojrzeć; patrzeć na,,
5178,3,Tom V,Rozdział XLI,Phrasale,Co się patrzysz?,Look back,Oglądać się za siebie,,
5179,3,Tom V,Rozdział XLI,Phrasale,Co się patrzysz?,Look back at,"Oglądać się na (kogoś, coś)",,
5180,3,Tom V,Rozdział XLI,Phrasale,Co się patrzysz?,Look over,Spoglądać za coś,,
5181,3,Tom V,Rozdział XLI,Phrasale,Co się patrzysz?,Look away,Odwracać wzrok,,
5182,3,Tom V,Rozdział XLI,Phrasale,Co się patrzysz?,Look out,Wyjrzeć,,
5183,3,Tom V,Rozdział XLI,Phrasale,Co się patrzysz?,Look sth up,"Wyszukać coś (w książce, wyszukiwarce)",,
5184,3,Tom V,Rozdział XLI,Przymiotniki,Społeczeństwo,Homeless,Bezdomny,,
5185,3,Tom V,Rozdział XLI,Przymiotniki,Społeczeństwo,Native,Ojczysty (język); rdzenny (mieszkaniec),,
5186,3,Tom V,Rozdział XLI,Przymiotniki,Społeczeństwo,Private,Prywatny,,
5187,3,Tom V,Rozdział XLI,Przymiotniki,Społeczeństwo,Public,Publiczny,,
5188,3,Tom V,Rozdział XLI,Przymiotniki,Społeczeństwo,Common,Pospolity; powszechny,,
5189,3,Tom V,Rozdział XLI,Przymiotniki,Społeczeństwo,Sexist,Seksistowski,,
5190,3,Tom V,Rozdział XLI,Przymiotniki,Społeczeństwo,Underground,Konspiracyjny,,
5191,3,Tom V,Rozdział XLI,Przymiotniki,Społeczeństwo,Urban,Miejski,,
5192,3,Tom V,Rozdział XLI,Przymiotniki,Społeczeństwo,Addicted,Uzależniony,,
5193,3,Tom V,Rozdział XLI,Przymiotniki,Społeczeństwo,Rural,Wiejski; rolny,,
5194,3,Tom V,Rozdział XLI,Przymiotniki,Społeczeństwo,Global,Globalny,,
5195,3,Tom V,Rozdział XLI,Przymiotniki,Społeczeństwo,Local,Lokalny; miejscowy,,
5196,3,Tom V,Rozdział XLI,Przymiotniki,Społeczeństwo,International,Międzynarodowy,,
5197,3,Tom V,Rozdział XLI,Przymiotniki,Społeczeństwo,National,Narodowy,,
5198,3,Tom V,Rozdział XLI,Przymiotniki,Społeczeństwo,Social,Społeczny; socjalny,,
5199,3,Tom V,Rozdział XLI,Rzeczowniki,Podróże,Guidebook,Przewodnik (książka),,
5200,3,Tom V,Rozdział XLI,Rzeczowniki,Podróże,Tourist information office,Punkt informacji turystycznej,,
5201,3,Tom V,Rozdział XLI,Rzeczowniki,Podróże,Cruise,Rejs,,
5202,3,Tom V,Rozdział XLI,Rzeczowniki,Podróże,Recreation,Rekreacja; wypoczynek,,
5203,3,Tom V,Rozdział XLI,Rzeczowniki,Podróże,Relaxation,Relaks,,
5204,3,Tom V,Rozdział XLI,Rzeczowniki,Podróże,Shelter,Schronisko; schronienie,,
5205,3,Tom V,Rozdział XLI,Rzeczowniki,Podróże,Trekking,Wędrówka,,
5206,3,Tom V,Rozdział XLI,Rzeczowniki,Podróże,Excursion,Wycieczka,,
5207,3,Tom V,Rozdział XLI,Rzeczowniki,Podróże,Sightseeing tour,Wycieczka krajoznawcza,,
5208,3,Tom V,Rozdział XLI,Rzeczowniki,Podróże,Guided tour,Wycieczka z przewodnikiem,,
5209,3,Tom V,Rozdział XLI,Rzeczowniki,Podróże,Expedition,Wyprawa,,
5210,3,Tom V,Rozdział XLI,Rzeczowniki,Podróże,Host,Gospodarz,,
5211,3,Tom V,Rozdział XLI,Rzeczowniki,Podróże,Destination,Cel (podróży); miejsce przeznaczenia,,
5212,3,Tom V,Rozdział XLI,Rzeczowniki,Podróże,Landing,Lądowanie,,
5213,3,Tom V,Rozdział XLI,Rzeczowniki,Podróże,Stopover,Międzylądowanie; postój,,
5214,3,Tom V,Rozdział XLI,Rzeczowniki,Zawody,Freelancer,Freelancer; wolny strzelec,,
5215,3,Tom V,Rozdział XLI,Rzeczowniki,Zawody,Baker,Piekarz,,
5216,3,Tom V,Rozdział XLI,Rzeczowniki,Zawody,Editor,Redaktor,,
5217,3,Tom V,Rozdział XLI,Rzeczowniki,Zawody,Butcher,Rzeźnik,,
5218,3,Tom V,Rozdział XLI,Rzeczowniki,Zawody,Serviceman,Serwisant,,
5219,3,Tom V,Rozdział XLI,Rzeczowniki,Zawody,Carpenter,Stolarz,,
5220,3,Tom V,Rozdział XLI,Rzeczowniki,Zawody,Sheriff,Szeryf,,
5221,3,Tom V,Rozdział XLI,Rzeczowniki,Zawody,Dancer,Tancerz; tancerka,,
5222,3,Tom V,Rozdział XLI,Rzeczowniki,Zawody,Technician,Technik,,
5223,3,Tom V,Rozdział XLI,Rzeczowniki,Zawody,Clerk,Urzędnik; ekspedient,,
5224,3,Tom V,Rozdział XLI,Rzeczowniki,Zawody,Grocer,Właściciel sklepu spożywczego,,
5225,3,Tom V,Rozdział XLI,Rzeczowniki,Zawody,Surgeon,Chirurg,,
5226,3,Tom V,Rozdział XLI,Rzeczowniki,Zawody,Advisor,Doradca,,
5227,3,Tom V,Rozdział XLI,Rzeczowniki,Zawody,Plumber,Hydraulik,,
5228,3,Tom V,Rozdział XLI,Rzeczowniki,Zawody,Translator,Tłumacz; tłumaczka,,
5229,3,Tom V,Rozdział XLI,Skróty,Mądre,Ad,Roku pańskiego (skrót),,
5230,3,Tom V,Rozdział XLI,Skróty,Mądre,Bc,P.N.E.,,
5231,3,Tom V,Rozdział XLI,Skróty,Mądre,Ce,N.E.,,
5232,3,Tom V,Rozdział XLI,Skróty,Mądre,Cf.,Por.; zob.,,
5233,3,Tom V,Rozdział XLI,Skróty,Mądre,E.G.,Np.,,
5234,3,Tom V,Rozdział XLI,Skróty,Mądre,Etc.,Itd.,,
5235,3,Tom V,Rozdział XLI,Skróty,Mądre,I.E.,Tzn.,,
5236,3,Tom V,Rozdział XLI,Skróty,Mądre,P.S.,Postscriptum (skrót),,
5237,3,Tom V,Rozdział XLI,Skróty,Mądre,Qed,Co było do udowodnienia (skrót),,
5238,3,Tom V,Rozdział XLI,Skróty,Mądre,Viz.,Mianowicie; tj.,,
5239,3,Tom V,Rozdział XLII,Rzeczowniki,Zwierzęta,Ant,Mrówka,,
5240,3,Tom V,Rozdział XLII,Rzeczowniki,Zwierzęta,Bat,Nietoperz,,
5241,3,Tom V,Rozdział XLII,Rzeczowniki,Zwierzęta,Tail,Ogon,,
5242,3,Tom V,Rozdział XLII,Rzeczowniki,Zwierzęta,Wasp,Osa,,
5243,3,Tom V,Rozdział XLII,Rzeczowniki,Zwierzęta,Donkey,Osioł,,
5244,3,Tom V,Rozdział XLII,Rzeczowniki,Zwierzęta,Panda,Panda,,
5245,3,Tom V,Rozdział XLII,Rzeczowniki,Zwierzęta,Claw,Pazur,,
5246,3,Tom V,Rozdział XLII,Rzeczowniki,Zwierzęta,Flea,Pchła,,
5247,3,Tom V,Rozdział XLII,Rzeczowniki,Zwierzęta,Doggy,Piesek,,
5248,3,Tom V,Rozdział XLII,Rzeczowniki,Zwierzęta,Female,Samica; kobieta,,
5249,3,Tom V,Rozdział XLII,Rzeczowniki,Zwierzęta,Male,Samiec,,
5250,3,Tom V,Rozdział XLII,Rzeczowniki,Zwierzęta,Leash,Smycz,,
5251,3,Tom V,Rozdział XLII,Rzeczowniki,Zwierzęta,Owl,Sowa,,
5252,3,Tom V,Rozdział XLII,Rzeczowniki,Zwierzęta,Chimpanzee,Szympans,,
5253,3,Tom V,Rozdział XLII,Rzeczowniki,Zwierzęta,Snail,Ślimak,,
5254,3,Tom V,Rozdział XLII,Rzeczowniki,Małżonkowie,Best man,Drużba,,
5255,3,Tom V,Rozdział XLII,Rzeczowniki,Małżonkowie,Newlyweds,Nowożeńcy,,
5256,3,Tom V,Rozdział XLII,Rzeczowniki,Małżonkowie,Proposal,Oświadczyny; propozycja,,
5257,3,Tom V,Rozdział XLII,Rzeczowniki,Małżonkowie,Civil wedding,Ślub cywilny,,
5258,3,Tom V,Rozdział XLII,Rzeczowniki,Małżonkowie,Church wedding,Ślub kościelny,,
5259,3,Tom V,Rozdział XLII,Rzeczowniki,Małżonkowie,Bachelor party,Wieczór kawalerski,,
5260,3,Tom V,Rozdział XLII,Rzeczowniki,Małżonkowie,Bachelorette party,Wieczór panieński,,
5261,3,Tom V,Rozdział XLII,Rzeczowniki,Małżonkowie,Separation,Separacja,,
5262,3,Tom V,Rozdział XLII,Rzeczowniki,Małżonkowie,Marital status,Stan cywilny,,
5263,3,Tom V,Rozdział XLII,Rzeczowniki,Małżonkowie,Spouse,Małżonek; małżonka,,
5264,3,Tom V,Rozdział XLII,Rzeczowniki,Małżonkowie,Fiancé,Narzeczony; narzeczona,,
5265,3,Tom V,Rozdział XLII,Rzeczowniki,Małżonkowie,Maiden,Panna (niezamężna),,
5266,3,Tom V,Rozdział XLII,Rzeczowniki,Małżonkowie,Wedding reception,Przyjęcie weselne,,
5267,3,Tom V,Rozdział XLII,Rzeczowniki,Małżonkowie,Infidelity,Niewierność,,
5268,3,Tom V,Rozdział XLII,Rzeczowniki,Małżonkowie,Wedlock,Związek małżeński,,
5269,3,Tom V,Rozdział XLII,Czasowniki,Złe,Beat,Bić; uderzać,,
5270,3,Tom V,Rozdział XLII,Czasowniki,Złe,Fight,Walczyć,,
5271,3,Tom V,Rozdział XLII,Czasowniki,Złe,Kill,Zabijać,,
5272,3,Tom V,Rozdział XLII,Czasowniki,Złe,Shoot,Strzelać,,
5273,3,Tom V,Rozdział XLII,Czasowniki,Złe,Steal,Kraść,,
5274,3,Tom V,Rozdział XLII,Czasowniki,Złe,Bleed,Krwawić; wykrwawiać (kogoś),,
5275,3,Tom V,Rozdział XLII,Czasowniki,Złe,Injure,Zranić; kontuzjować; ulec kontuzji,,
5276,3,Tom V,Rozdział XLII,Czasowniki,Złe,Choke,Dławić się; dusić,,
5277,3,Tom V,Rozdział XLII,Czasowniki,Złe,Kidnap,Porwać kogoś,,
5278,3,Tom V,Rozdział XLII,Czasowniki,Złe,Murder,Mordować,,
5279,3,Tom V,Rozdział XLII,Czasowniki,Złe,Poison,Zatruwać,,
5280,3,Tom V,Rozdział XLII,Czasowniki,Złe,Rape,Gwałcić,,
5281,3,Tom V,Rozdział XLII,Czasowniki,Złe,Smuggle,Przemycać,,
5282,3,Tom V,Rozdział XLII,Czasowniki,Złe,Suffocate,Dusić,,
5283,3,Tom V,Rozdział XLII,Czasowniki,Złe,Assault,Zaatakować; dokonywać natarcia; napadać,,
5284,3,Tom V,Rozdział XLII,Rzeczowniki,Biznes,Real estate,Nieruchomości (branża),,
5285,3,Tom V,Rozdział XLII,Rzeczowniki,Biznes,Workforce,Siła robocza; pracownicy,,
5286,3,Tom V,Rozdział XLII,Rzeczowniki,Biznes,Arrangement,Ustalenie; porozumienie,,
5287,3,Tom V,Rozdział XLII,Rzeczowniki,Biznes,Employment,Zatrudnienie,,
5288,3,Tom V,Rozdział XLII,Rzeczowniki,Biznes,Visitation,Wizytacja; odwiedziny,,
5289,3,Tom V,Rozdział XLII,Rzeczowniki,Biznes,Return address,Adres zwrotny,,
5290,3,Tom V,Rozdział XLII,Rzeczowniki,Biznes,Marketing,Marketing,,
5291,3,Tom V,Rozdział XLII,Rzeczowniki,Biznes,Share,Udział,,
5292,3,Tom V,Rozdział XLII,Rzeczowniki,Biznes,Registry,Archiwum,,
5293,3,Tom V,Rozdział XLII,Rzeczowniki,Biznes,Branch,Branża; oddział,,
5294,3,Tom V,Rozdział XLII,Rzeczowniki,Biznes,Certificate,Certyfikat; zaświadczenie,,
5295,3,Tom V,Rozdział XLII,Rzeczowniki,Biznes,Consulting,Doradztwo,,
5296,3,Tom V,Rozdział XLII,Rzeczowniki,Biznes,Distribution,Dystrybucja,,
5297,3,Tom V,Rozdział XLII,Rzeczowniki,Biznes,E-commerce,E-biznes; e-commerce,,
5298,3,Tom V,Rozdział XLII,Rzeczowniki,Biznes,Economics,Ekonomia,,
5299,3,Tom V,Rozdział XLII,Rzeczowniki,It,Connection,Połączenie,,
5300,3,Tom V,Rozdział XLII,Rzeczowniki,It,Input,Dane wejściowe; wkład (pracy),,
5301,3,Tom V,Rozdział XLII,Rzeczowniki,It,Output,Dane wyjściowe; wynik; produkcja,,
5302,3,Tom V,Rozdział XLII,Rzeczowniki,It,Disk,Dysk,,
5303,3,Tom V,Rozdział XLII,Rzeczowniki,It,Hard drive,Dysk twardy,,
5304,3,Tom V,Rozdział XLII,Rzeczowniki,It,Video,Filmik,,
5305,3,Tom V,Rozdział XLII,Rzeczowniki,It,Format,Format,,
5306,3,Tom V,Rozdział XLII,Rzeczowniki,It,Graphics,Grafika,,
5307,3,Tom V,Rozdział XLII,Rzeczowniki,It,Installation,Instalacja,,
5308,3,Tom V,Rozdział XLII,Rzeczowniki,It,Microprocessor,Mikroprocesor,,
5309,3,Tom V,Rozdział XLII,Rzeczowniki,It,Moderator,Moderator,,
5310,3,Tom V,Rozdział XLII,Rzeczowniki,It,Link,Odnośnik; łącze,,
5311,3,Tom V,Rozdział XLII,Rzeczowniki,It,Software,Oprogramowanie,,
5312,3,Tom V,Rozdział XLII,Rzeczowniki,It,Motherboard,Płyta główna,,
5313,3,Tom V,Rozdział XLII,Rzeczowniki,It,Browser,Przeglądarka (internetowa),,
5314,3,Tom V,Rozdział XLII,Przymiotniki,Kultura,Amateur,Amatorski,,
5315,3,Tom V,Rozdział XLII,Przymiotniki,Kultura,Artistic,Artystyczny,,
5316,3,Tom V,Rozdział XLII,Przymiotniki,Kultura,Classic,Klasyczny (kultowy),,
5317,3,Tom V,Rozdział XLII,Przymiotniki,Kultura,Cultural,Kulturalny,,
5318,3,Tom V,Rozdział XLII,Przymiotniki,Kultura,Modern,Nowoczesny,,
5319,3,Tom V,Rozdział XLII,Przymiotniki,Kultura,Traditional,Tradycyjny,,
5320,3,Tom V,Rozdział XLII,Przymiotniki,Kultura,Anonymous,Anonimowy,,
5321,3,Tom V,Rozdział XLII,Przymiotniki,Kultura,Ancient,Starożytny,,
5322,3,Tom V,Rozdział XLII,Przymiotniki,Kultura,Medieval,Średniowieczny,,
5323,3,Tom V,Rozdział XLII,Przymiotniki,Kultura,Iconic,Kultowy; ikoniczny,,
5324,3,Tom V,Rozdział XLII,Przymiotniki,Kultura,Cross-cultural,Międzykulturowy,,
5325,3,Tom V,Rozdział XLII,Przymiotniki,Kultura,Behind-the-scenes,Zakulisowy,,
5326,3,Tom V,Rozdział XLII,Przymiotniki,Kultura,Multicultural,Wielokulturowy,,
5327,3,Tom V,Rozdział XLII,Przymiotniki,Kultura,Full-length,Pełnometrażowy,,
5328,3,Tom V,Rozdział XLII,Przymiotniki,Kultura,Front-page,Z pierwszych stron,,
5329,3,Tom V,Rozdział XLII,Czasowniki,Widzenie,Light,Oświetlać; zapalać,,
5330,3,Tom V,Rozdział XLII,Czasowniki,Widzenie,Hide,Chować,,
5331,3,Tom V,Rozdział XLII,Czasowniki,Widzenie,Notice,Zauważać,,
5332,3,Tom V,Rozdział XLII,Czasowniki,Widzenie,Cover,Zakrywać,,
5333,3,Tom V,Rozdział XLII,Czasowniki,Widzenie,Overlook,Przeoczyć,,
5334,3,Tom V,Rozdział XLII,Czasowniki,Widzenie,Shine,Błyszczeć; świecić,,
5335,3,Tom V,Rozdział XLII,Czasowniki,Widzenie,Uncover,Odsłaniać; odkryć,,
5336,3,Tom V,Rozdział XLII,Czasowniki,Widzenie,Blink,Mrugać,,
5337,3,Tom V,Rozdział XLII,Czasowniki,Widzenie,Glance,Zerkać; rozglądać się,,
5338,3,Tom V,Rozdział XLII,Czasowniki,Widzenie,Glimpse,Rzucić okiem; mignąć,,
5339,3,Tom V,Rozdział XLII,Czasowniki,Widzenie,Note,Zwracać uwagę na; zauważać,,
5340,3,Tom V,Rozdział XLII,Czasowniki,Widzenie,Stare,Gapić się,,
5341,3,Tom V,Rozdział XLII,Czasowniki,Widzenie,Wink,Puszczać oczko,,
5342,3,Tom V,Rozdział XLII,Czasowniki,Widzenie,Blind,Oślepiać,,
5343,3,Tom V,Rozdział XLII,Czasowniki,Widzenie,Glow,Świecić; jarzyć się,,
5344,3,Tom V,Rozdział XLII,Przysłówki,Kierunek,Down the sth,Trochę dalej; wzdłuż,,
5345,3,Tom V,Rozdział XLII,Przysłówki,Kierunek,Onto,Na coś,,
5346,3,Tom V,Rozdział XLII,Przysłówki,Kierunek,Within,Wewnętrznie; od środka,,
5347,3,Tom V,Rozdział XLII,Przysłówki,Kierunek,Upside-down,Do góry nogami,,
5348,3,Tom V,Rozdział XLII,Przysłówki,Kierunek,Alongside,Wzdłuż (czegoś); razem,,
5349,3,Tom V,Rozdział XLII,Przysłówki,Kierunek,Athwart,W poprzek; poprzecznie,,
5350,3,Tom V,Rozdział XLII,Przysłówki,Kierunek,Back and forth,Tam I z powrotem,,
5351,3,Tom V,Rozdział XLII,Przysłówki,Kierunek,Backwards,Wspak; wstecz,,
5352,3,Tom V,Rozdział XLII,Przysłówki,Kierunek,Downstairs,W dół; na dole (tylko w budynkach),,
5353,3,Tom V,Rozdział XLII,Przysłówki,Kierunek,Horizontally,Poziomo,,
5354,3,Tom V,Rozdział XLII,Przysłówki,Kierunek,Outward,Na zewnątrz (np. Coś się otwiera),,
5355,3,Tom V,Rozdział XLII,Przysłówki,Kierunek,To and fro,W tę I wewtę,,
5356,3,Tom V,Rozdział XLII,Przysłówki,Kierunek,Up and down,W górę I w dół,,
5357,3,Tom V,Rozdział XLII,Przysłówki,Kierunek,Upward,Wzwyż; ku górze,,
5358,3,Tom V,Rozdział XLII,Przysłówki,Kierunek,Vertically,Pionowo,,
5359,3,Tom V,Rozdział XLII,Zabronione,Najpiękniejsze słowa,Ambiguous,Niejednoznaczny,,
5360,3,Tom V,Rozdział XLII,Zabronione,Najpiękniejsze słowa,Bewilderment,Oszołomienie,,
5361,3,Tom V,Rozdział XLII,Zabronione,Najpiękniejsze słowa,Chunky,Masywny; przysadzisty,,
5362,3,Tom V,Rozdział XLII,Zabronione,Najpiękniejsze słowa,Entrepreneurship,Przedsiębiorczość,,
5363,3,Tom V,Rozdział XLII,Zabronione,Najpiękniejsze słowa,Evanescent,Ulotny,,
5364,3,Tom V,Rozdział XLII,Zabronione,Najpiękniejsze słowa,Extravaganza,Widowisko,,
5365,3,Tom V,Rozdział XLII,Zabronione,Najpiękniejsze słowa,Fugacious,Nietrwały,,
5366,3,Tom V,Rozdział XLII,Zabronione,Najpiękniejsze słowa,Grandiloquent,Górnolotny,,
5367,3,Tom V,Rozdział XLII,Zabronione,Najpiękniejsze słowa,Intangible,Nieuchwytny,,
5368,3,Tom V,Rozdział XLII,Zabronione,Najpiękniejsze słowa,Galvanize,Pobudzać do działania,,
5369,3,Tom V,Rozdział XLII,Phrasale,Ucieczka,Run away from,Uciekać od,,
5370,3,Tom V,Rozdział XLII,Phrasale,Ucieczka,Walk away,Odejść,,
5371,3,Tom V,Rozdział XLII,Phrasale,Ucieczka,Get out,Wydostać; wyrwać się skądś,,
5372,3,Tom V,Rozdział XLII,Phrasale,Ucieczka,Run out,Wybiec,,
5373,3,Tom V,Rozdział XLII,Phrasale,Ucieczka,Walk off,Odejść nagle,,
5374,3,Tom V,Rozdział XLII,Phrasale,Ucieczka,Walk out on,Opuścić,,
5375,3,Tom V,Rozdział XLII,Phrasale,Ucieczka,Back away,Wycofać się (nie angażować się),,
5376,3,Tom V,Rozdział XLII,Phrasale,Ucieczka,Sneak out,Wykraść się,,
5377,3,Tom V,Rozdział XLII,Phrasale,Ucieczka,Break away,Wyrwać się; uciec,,
5378,3,Tom V,Rozdział XLII,Phrasale,Ucieczka,Slip away,Umknąć,,
5379,3,Tom V,Rozdział XLIII,Rzeczowniki,Sport,Finalist,Finalista,,
5380,3,Tom V,Rozdział XLIII,Rzeczowniki,Sport,Final,Finał,,
5381,3,Tom V,Rozdział XLIII,Rzeczowniki,Sport,Ice hockey,Hokej na lodzie,,
5382,3,Tom V,Rozdział XLIII,Rzeczowniki,Sport,The olympic games,Igrzyska olimpijskie,,
5383,3,Tom V,Rozdział XLIII,Rzeczowniki,Sport,Judo,Judo,,
5384,3,Tom V,Rozdział XLIII,Rzeczowniki,Sport,Karate,Karate,,
5385,3,Tom V,Rozdział XLIII,Rzeczowniki,Sport,Supporter,Kibic,,
5386,3,Tom V,Rozdział XLIII,Rzeczowniki,Sport,Classification,Klasyfikacja,,
5387,3,Tom V,Rozdział XLIII,Rzeczowniki,Sport,Cycling,Kolarstwo,,
5388,3,Tom V,Rozdział XLIII,Rzeczowniki,Sport,Competitor,Konkurent; współzawodnik,,
5389,3,Tom V,Rozdział XLIII,Rzeczowniki,Sport,Contest,Konkurs,,
5390,3,Tom V,Rozdział XLIII,Rzeczowniki,Sport,Bodybuilding,Kulturystyka,,
5391,3,Tom V,Rozdział XLIII,Rzeczowniki,Sport,Qualifications,Kwalifikacje,,
5392,3,Tom V,Rozdział XLIII,Rzeczowniki,Sport,Athletics,Lekkoatletyka,,
5393,3,Tom V,Rozdział XLIII,Rzeczowniki,Sport,League,Liga,,
5394,3,Tom V,Rozdział XLIII,Rzeczowniki,Społeczeństwo,Immigrant,Imigrant,,
5395,3,Tom V,Rozdział XLIII,Rzeczowniki,Społeczeństwo,Collaboration,Kolaboracja; współpraca,,
5396,3,Tom V,Rozdział XLIII,Rzeczowniki,Społeczeństwo,Migration,Migracja,,
5397,3,Tom V,Rozdział XLIII,Rzeczowniki,Społeczeństwo,Minister,Minister,,
5398,3,Tom V,Rozdział XLIII,Rzeczowniki,Społeczeństwo,Homeland,Ojczyzna,,
5399,3,Tom V,Rozdział XLIII,Rzeczowniki,Społeczeństwo,Resignation,Rezygnacja,,
5400,3,Tom V,Rozdział XLIII,Rzeczowniki,Społeczeństwo,Native,Tubylec; miejscowy,,
5401,3,Tom V,Rozdział XLIII,Rzeczowniki,Społeczeństwo,Participation,Uczestnictwo,,
5402,3,Tom V,Rozdział XLIII,Rzeczowniki,Społeczeństwo,Campaign,Kampania,,
5403,3,Tom V,Rozdział XLIII,Rzeczowniki,Społeczeństwo,Stereotype,Stereotyp,,
5404,3,Tom V,Rozdział XLIII,Rzeczowniki,Społeczeństwo,Authority,Autorytet,,
5405,3,Tom V,Rozdział XLIII,Rzeczowniki,Społeczeństwo,Organizer,Organizator; organizatorka (osoba),,
5406,3,Tom V,Rozdział XLIII,Rzeczowniki,Społeczeństwo,Official,Funkcjonariusz; urzędnik,,
5407,3,Tom V,Rozdział XLIII,Rzeczowniki,Społeczeństwo,Consumption,Konsumpcja; spożycie,,
5408,3,Tom V,Rozdział XLIII,Rzeczowniki,Społeczeństwo,Citizenship,Obywatelstwo,,
5409,3,Tom V,Rozdział XLIII,Przysłówki,Przysłówki 3,Somewhat,Nieco,,
5410,3,Tom V,Rozdział XLIII,Przysłówki,Przysłówki 3,Additionally,Dodatkowo,,
5411,3,Tom V,Rozdział XLIII,Przysłówki,Przysłówki 3,Apparently,Najwyraźniej; najwidoczniej,,
5412,3,Tom V,Rozdział XLIII,Przysłówki,Przysłówki 3,At most,(co) najwyżej,,
5413,3,Tom V,Rozdział XLIII,Przysłówki,Przysłówki 3,In hand,Pod kontrolą,,
5414,3,Tom V,Rozdział XLIII,Przysłówki,Przysłówki 3,Little by little,Kroczek po kroczku,,
5415,3,Tom V,Rozdział XLIII,Przysłówki,Przysłówki 3,Definitely,Zdecydowanie,,
5416,3,Tom V,Rozdział XLIII,Przysłówki,Przysłówki 3,Accordingly,Adekwatnie (do jakichś zasad),,
5417,3,Tom V,Rozdział XLIII,Przysłówki,Przysłówki 3,Assuredly,Niezawodnie,,
5418,3,Tom V,Rozdział XLIII,Przysłówki,Przysłówki 3,Consequently,Konsekwentnie (w konsekwencji),,
5419,3,Tom V,Rozdział XLIII,Przysłówki,Przysłówki 3,Equally,Równo,,
5420,3,Tom V,Rozdział XLIII,Przysłówki,Przysłówki 3,In detail,Szczegółowo,,
5421,3,Tom V,Rozdział XLIII,Przysłówki,Przysłówki 3,Interestingly,Ciekawie,,
5422,3,Tom V,Rozdział XLIII,Przysłówki,Przysłówki 3,Mainly,Głównie,,
5423,3,Tom V,Rozdział XLIII,Przysłówki,Przysłówki 3,Similarly,Podobnie,,
5424,3,Tom V,Rozdział XLIII,Rzeczowniki,Rzeczowniki 13,Advantage,Zaleta; przewaga,,
5425,3,Tom V,Rozdział XLIII,Rzeczowniki,Rzeczowniki 13,Presence,Obecność (czegoś),,
5426,3,Tom V,Rozdział XLIII,Rzeczowniki,Rzeczowniki 13,Continuation,Kontynuacja,,
5427,3,Tom V,Rozdział XLIII,Rzeczowniki,Rzeczowniki 13,Progress,Postęp,,
5428,3,Tom V,Rozdział XLIII,Rzeczowniki,Rzeczowniki 13,Cause,Przyczyna,,
5429,3,Tom V,Rozdział XLIII,Rzeczowniki,Rzeczowniki 13,Issue,Sprawa; kwestia,,
5430,3,Tom V,Rozdział XLIII,Rzeczowniki,Rzeczowniki 13,Case,Sprawa; przypadek,,
5431,3,Tom V,Rozdział XLIII,Rzeczowniki,Rzeczowniki 13,Stability,Stabilność,,
5432,3,Tom V,Rozdział XLIII,Rzeczowniki,Rzeczowniki 13,Extent,Rozległość,,
5433,3,Tom V,Rozdział XLIII,Rzeczowniki,Rzeczowniki 13,Decline,Obniżenie; spadek,,
5434,3,Tom V,Rozdział XLIII,Rzeczowniki,Rzeczowniki 13,Barrier,Bariera,,
5435,3,Tom V,Rozdział XLIII,Rzeczowniki,Rzeczowniki 13,Outcome,Wynik; rezultat,,
5436,3,Tom V,Rozdział XLIII,Rzeczowniki,Rzeczowniki 13,Overview,Ogólny zarys,,
5437,3,Tom V,Rozdział XLIII,Rzeczowniki,Rzeczowniki 13,Destiny,Przeznaczenie,,
5438,3,Tom V,Rozdział XLIII,Rzeczowniki,Rzeczowniki 13,Pattern,Wzorzec,,
5439,3,Tom V,Rozdział XLIII,Slang,Slang 20,Smash hit,Hit (szlagier),,
5440,3,Tom V,Rozdział XLIII,Slang,Slang 20,Hit the screen,Wejść na ekrany,,
5441,3,Tom V,Rozdział XLIII,Slang,Slang 20,Air guitar,Udaje że gra na gitarze podczas słuchania muzy,,
5442,3,Tom V,Rozdział XLIII,Slang,Slang 20,Beat box,Robienie beatów własnym głosem,,
5443,3,Tom V,Rozdział XLIII,Slang,Slang 20,Blockbuster,Hit kinowy,,
5444,3,Tom V,Rozdział XLIII,Slang,Slang 20,Bootleg,Podróba; pirat,,
5445,3,Tom V,Rozdział XLIII,Slang,Slang 20,Spoiler,Zdradzenie zakończenia,,
5446,3,Tom V,Rozdział XLIII,Slang,Slang 20,Crank up,Robić głośniej muzę,,
5447,3,Tom V,Rozdział XLIII,Slang,Slang 20,Gig,Koncert lub koncertować,,
5448,3,Tom V,Rozdział XLIII,Slang,Slang 20,Pump up,Dawać głośniej muzę,,
5449,3,Tom V,Rozdział XLIII,Przymiotniki,Przymiotniki 18,Necessary,Konieczny,,
5450,3,Tom V,Rozdział XLIII,Przymiotniki,Przymiotniki 18,Needed,Potrzebny,,
5451,3,Tom V,Rozdział XLIII,Przymiotniki,Przymiotniki 18,Major,Znaczny; pierwszorzędny; istotny,,
5452,3,Tom V,Rozdział XLIII,Przymiotniki,Przymiotniki 18,Minor,Pomniejszy; niewielkie; drobny,,
5453,3,Tom V,Rozdział XLIII,Przymiotniki,Przymiotniki 18,Primary,Podstawowy; pierwszorzędny (ważny),,
5454,3,Tom V,Rozdział XLIII,Przymiotniki,Przymiotniki 18,Unnecessary,Niekonieczny (niepotrzebny),,
5455,3,Tom V,Rozdział XLIII,Przymiotniki,Przymiotniki 18,Required,Wymagany,,
5456,3,Tom V,Rozdział XLIII,Przymiotniki,Przymiotniki 18,Main,Główny (np. Droga),,
5457,3,Tom V,Rozdział XLIII,Przymiotniki,Przymiotniki 18,Key,Kluczowy; istotny,,
5458,3,Tom V,Rozdział XLIII,Przymiotniki,Przymiotniki 18,Crucial,Bardzo istotny,,
5459,3,Tom V,Rozdział XLIII,Przymiotniki,Przymiotniki 18,Significant,Znaczący; ważny,,
5460,3,Tom V,Rozdział XLIII,Przymiotniki,Przymiotniki 18,Insignificant,Nieznaczący; nieważny,,
5461,3,Tom V,Rozdział XLIII,Przymiotniki,Przymiotniki 18,Secondary,Drugorzędny,,
5462,3,Tom V,Rozdział XLIII,Przymiotniki,Przymiotniki 18,Weighty,Doniosły; ważny,,
5463,3,Tom V,Rozdział XLIII,Przymiotniki,Przymiotniki 18,Decisive,Decydujący,,
5464,3,Tom V,Rozdział XLIII,Phrasale,Każdy to robi,Come from,Pochodzić skądś,,
5465,3,Tom V,Rozdział XLIII,Phrasale,Każdy to robi,Grow up,Dorastać; wychowywać się,,
5466,3,Tom V,Rozdział XLIII,Phrasale,Każdy to robi,Wake up,Budzić się,,
5467,3,Tom V,Rozdział XLIII,Phrasale,Każdy to robi,Bite off,Odgryźć,,
5468,3,Tom V,Rozdział XLIII,Phrasale,Każdy to robi,Breathe in,Wdychać,,
5469,3,Tom V,Rozdział XLIII,Phrasale,Każdy to robi,Breathe out,Wydychać,,
5470,3,Tom V,Rozdział XLIII,Phrasale,Każdy to robi,Stay up,Nie kłaść się spać; nie spać,,
5471,3,Tom V,Rozdział XLIII,Phrasale,Każdy to robi,Be up,Być na nogach; nie spać,,
5472,3,Tom V,Rozdział XLIII,Phrasale,Każdy to robi,Drop off,Zasypiać; przysypiać,,
5473,3,Tom V,Rozdział XLIII,Phrasale,Każdy to robi,Feed on sth,Żywić się,,
5474,3,Tom V,Rozdział XLIII,Rzeczowniki,Komunikacja,Irony,Ironia,,
5475,3,Tom V,Rozdział XLIII,Rzeczowniki,Komunikacja,Gossip,Plotka,,
5476,3,Tom V,Rozdział XLIII,Rzeczowniki,Komunikacja,Rumor,Pogłoska,,
5477,3,Tom V,Rozdział XLIII,Rzeczowniki,Komunikacja,Reply,Odpowiedź (w mowie lub piśmie),,
5478,3,Tom V,Rozdział XLIII,Rzeczowniki,Komunikacja,Response,"Odpowiedź (bardziej formalne, częściej używane w listach I ankietach)",,
5479,3,Tom V,Rozdział XLIII,Rzeczowniki,Komunikacja,Recommendation,Rekomendacja,,
5480,3,Tom V,Rozdział XLIII,Rzeczowniki,Komunikacja,Sarcasm,Sarkazm,,
5481,3,Tom V,Rozdział XLIII,Rzeczowniki,Komunikacja,Suggestion,Sugestia,,
5482,3,Tom V,Rozdział XLIII,Rzeczowniki,Komunikacja,Hint,Wskazówka; aluzja,,
5483,3,Tom V,Rozdział XLIII,Rzeczowniki,Komunikacja,Backbiting,Obgadywanie (za plecami),,
5484,3,Tom V,Rozdział XLIII,Rzeczowniki,Komunikacja,Greeting,Przywitanie,,
5485,3,Tom V,Rozdział XLIII,Rzeczowniki,Komunikacja,Misunderstanding,Nieporozumienie,,
5486,3,Tom V,Rozdział XLIII,Rzeczowniki,Komunikacja,Denial,Pozbawienie; odmowa,,
5487,3,Tom V,Rozdział XLIII,Rzeczowniki,Komunikacja,Praise,Pochwała,,
5488,3,Tom V,Rozdział XLIII,Rzeczowniki,Komunikacja,Farewell,Pożegnanie,,
5489,3,Tom V,Rozdział XLIII,Przysłówki,Skala I intensywność,Quite,Całkiem,,
5490,3,Tom V,Rozdział XLIII,Przysłówki,Skala I intensywność,Barely,Ledwie; ledwo,,
5491,3,Tom V,Rozdział XLIII,Przysłówki,Skala I intensywność,Fully,W pełni,,
5492,3,Tom V,Rozdział XLIII,Przysłówki,Skala I intensywność,Hardly,Prawie nie (nigdy); ledwo,,
5493,3,Tom V,Rozdział XLIII,Przysłówki,Skala I intensywność,Entirely,W całości,,
5494,3,Tom V,Rozdział XLIII,Przysłówki,Skala I intensywność,Easily,Łatwo,,
5495,3,Tom V,Rozdział XLIII,Przysłówki,Skala I intensywność,Heavily,W znacznym stopniu,,
5496,3,Tom V,Rozdział XLIII,Przysłówki,Skala I intensywność,Strongly,Mocno,,
5497,3,Tom V,Rozdział XLIII,Przysłówki,Skala I intensywność,Widely,Szeroko,,
5498,3,Tom V,Rozdział XLIII,Przysłówki,Skala I intensywność,Worldwide,Na całym świecie,,
5499,3,Tom V,Rozdział XLIII,Przysłówki,Skala I intensywność,Highly,W wysokim stopniu; wysoce,,
5500,3,Tom V,Rozdział XLIII,Przysłówki,Skala I intensywność,Deeply,Głęboko,,
5501,3,Tom V,Rozdział XLIII,Przysłówki,Skala I intensywność,Greatly,Wielce,,
5502,3,Tom V,Rozdział XLIII,Przysłówki,Skala I intensywność,Largely,W dużej mierze,,
5503,3,Tom V,Rozdział XLIII,Przysłówki,Skala I intensywność,Globally,Globalnie,,
5504,3,Tom V,Rozdział XLIII,Rzeczowniki,Mile widziane,Sense of humor,Poczucie humoru,,
5505,3,Tom V,Rozdział XLIII,Rzeczowniki,Mile widziane,Help,Pomoc; ratunek,,
5506,3,Tom V,Rozdział XLIII,Rzeczowniki,Mile widziane,Calm,Spokój,,
5507,3,Tom V,Rozdział XLIII,Rzeczowniki,Mile widziane,Trust,Zaufanie,,
5508,3,Tom V,Rozdział XLIII,Rzeczowniki,Mile widziane,Harmony,Harmonia,,
5509,3,Tom V,Rozdział XLIII,Rzeczowniki,Mile widziane,Acceptance,Akceptacja,,
5510,3,Tom V,Rozdział XLIII,Rzeczowniki,Mile widziane,Pride,Duma,,
5511,3,Tom V,Rozdział XLIII,Rzeczowniki,Mile widziane,Intellect,Intelekt,,
5512,3,Tom V,Rozdział XLIII,Rzeczowniki,Mile widziane,Mercy,"Litość (wybaczenie, okazanie komuś)",,
5513,3,Tom V,Rozdział XLIII,Rzeczowniki,Mile widziane,Courage,Odwaga,,
5514,3,Tom V,Rozdział XLIII,Rzeczowniki,Mile widziane,Passion,Pasja; namiętność,,
5515,3,Tom V,Rozdział XLIII,Rzeczowniki,Mile widziane,Certainty,Pewność,,
5516,3,Tom V,Rozdział XLIII,Rzeczowniki,Mile widziane,Normality,Normalność,,
5517,3,Tom V,Rozdział XLIII,Rzeczowniki,Mile widziane,Optimism,Optymizm,,
5518,3,Tom V,Rozdział XLIII,Rzeczowniki,Mile widziane,Vision,Wizja,,
5519,3,Tom V,Rozdział XLIV,Rzeczowniki,Praca,Supervisor,Przełożony; kierownik,,
5520,3,Tom V,Rozdział XLIV,Rzeczowniki,Praca,Assignment,Przydział zadań do wykonania,,
5521,3,Tom V,Rozdział XLIV,Rzeczowniki,Praca,References,Referencje,,
5522,3,Tom V,Rozdział XLIV,Rzeczowniki,Praca,Self-employment,Samozatrudnienie,,
5523,3,Tom V,Rozdział XLIV,Rzeczowniki,Praca,Internship,Staż,,
5524,3,Tom V,Rozdział XLIV,Rzeczowniki,Praca,Dismissal,Wypowiedzenie; zwolnienie z pracy,,
5525,3,Tom V,Rozdział XLIV,Rzeczowniki,Praca,Layoff,Zwolnienie z pracy,,
5526,3,Tom V,Rozdział XLIV,Rzeczowniki,Praca,Routine,Rutyna,,
5527,3,Tom V,Rozdział XLIV,Rzeczowniki,Praca,Disposition,Rozmieszczenie; usposobienie,,
5528,3,Tom V,Rozdział XLIV,Rzeczowniki,Praca,Evaluation,Ewaluacja,,
5529,3,Tom V,Rozdział XLIV,Rzeczowniki,Praca,Schedule,Harmonogram; terminarz; grafik,,
5530,3,Tom V,Rozdział XLIV,Rzeczowniki,Praca,Reward,Nagroda,,
5531,3,Tom V,Rozdział XLIV,Rzeczowniki,Praca,Practice,Praktyka,,
5532,3,Tom V,Rozdział XLIV,Rzeczowniki,Praca,Presentation,Prezentacja,,
5533,3,Tom V,Rozdział XLIV,Rzeczowniki,Praca,Procedure,Procedura,,
5534,3,Tom V,Rozdział XLIV,Czasowniki,Woda wszędzie,Bathe,Kąpać się; wziąć kąpiel,,
5535,3,Tom V,Rozdział XLIV,Czasowniki,Woda wszędzie,Rain,Padać (o deszczu),,
5536,3,Tom V,Rozdział XLIV,Czasowniki,Woda wszędzie,Dribble,Skapywać,,
5537,3,Tom V,Rozdział XLIV,Czasowniki,Woda wszędzie,Drizzle,Mżyć,,
5538,3,Tom V,Rozdział XLIV,Czasowniki,Woda wszędzie,Evaporate,Wyparować,,
5539,3,Tom V,Rozdział XLIV,Czasowniki,Woda wszędzie,Freeze,Zamrażać; mrozić,,
5540,3,Tom V,Rozdział XLIV,Czasowniki,Woda wszędzie,Leak,Przeciekać,,
5541,3,Tom V,Rozdział XLIV,Czasowniki,Woda wszędzie,Spill,Rozlewać,,
5542,3,Tom V,Rozdział XLIV,Czasowniki,Woda wszędzie,Spout,Chlustać,,
5543,3,Tom V,Rozdział XLIV,Czasowniki,Woda wszędzie,Water,Podlewać (kwiaty),,
5544,3,Tom V,Rozdział XLIV,Czasowniki,Woda wszędzie,Flow,Płynąć; przepływać,,
5545,3,Tom V,Rozdział XLIV,Czasowniki,Woda wszędzie,Flush,Spłukać; wypłukać,,
5546,3,Tom V,Rozdział XLIV,Czasowniki,Woda wszędzie,Pump,Pompować,,
5547,3,Tom V,Rozdział XLIV,Czasowniki,Woda wszędzie,Splash,Chlapać,,
5548,3,Tom V,Rozdział XLIV,Czasowniki,Woda wszędzie,Wet,Moczyć,,
5549,3,Tom V,Rozdział XLIV,Slang,Ocieka splendorem,Ratchet,Zarąbiście,,
5550,3,Tom V,Rozdział XLIV,Slang,Ocieka splendorem,Thicc,Grubo,,
5551,3,Tom V,Rozdział XLIV,Slang,Ocieka splendorem,Epic,Epickie,,
5552,3,Tom V,Rozdział XLIV,Slang,Ocieka splendorem,Hot,Gorący (np. Hit),,
5553,3,Tom V,Rozdział XLIV,Slang,Ocieka splendorem,Lit,Mega,,
5554,3,Tom V,Rozdział XLIV,Slang,Ocieka splendorem,Rocking,Czaderski,,
5555,3,Tom V,Rozdział XLIV,Slang,Ocieka splendorem,Sick,Odjazdowy,,
5556,3,Tom V,Rozdział XLIV,Slang,Ocieka splendorem,Peach,Bombowy,,
5557,3,Tom V,Rozdział XLIV,Slang,Ocieka splendorem,On fire,Super (leci na maxa),,
5558,3,Tom V,Rozdział XLIV,Slang,Ocieka splendorem,Killing it,Rozwala (robi to świetnie),,
5559,3,Tom V,Rozdział XLIV,Przymiotniki,Przymiotniki 19,Lonely,Osamotniony,,
5560,3,Tom V,Rozdział XLIV,Przymiotniki,Przymiotniki 19,Common,Wspólny,,
5561,3,Tom V,Rozdział XLIV,Przymiotniki,Przymiotniki 19,Separate,Oddzielny; osobny,,
5562,3,Tom V,Rozdział XLIV,Przymiotniki,Przymiotniki 19,Lone,Samotny (pojedynczy),,
5563,3,Tom V,Rozdział XLIV,Przymiotniki,Przymiotniki 19,Independent,Niezależny; niepodległy,,
5564,3,Tom V,Rozdział XLIV,Przymiotniki,Przymiotniki 19,Dependent,Zależny,,
5565,3,Tom V,Rozdział XLIV,Przymiotniki,Przymiotniki 19,Face-to-face,Twarzą w twarz,,
5566,3,Tom V,Rozdział XLIV,Przymiotniki,Przymiotniki 19,Joint,Łączny; wspólny,,
5567,3,Tom V,Rozdział XLIV,Przymiotniki,Przymiotniki 19,Associated,Kojarzony; związany,,
5568,3,Tom V,Rozdział XLIV,Przymiotniki,Przymiotniki 19,Connected,Połączony; związany z czymś,,
5569,3,Tom V,Rozdział XLIV,Przymiotniki,Przymiotniki 19,Mutual,Wzajemny; wspólny,,
5570,3,Tom V,Rozdział XLIV,Przymiotniki,Przymiotniki 19,Reciprocal,Obopólny,,
5571,3,Tom V,Rozdział XLIV,Przymiotniki,Przymiotniki 19,United,Zjednoczony; zespołowy,,
5572,3,Tom V,Rozdział XLIV,Przymiotniki,Przymiotniki 19,Reconciled,Pogodzony,,
5573,3,Tom V,Rozdział XLIV,Przymiotniki,Przymiotniki 19,Lone,Samotny (pojedynczy),,
5574,3,Tom V,Rozdział XLIV,Rzeczowniki,Warzywa I owoce,Sweet cherry,Czereśnia,,
5575,3,Tom V,Rozdział XLIV,Rzeczowniki,Warzywa I owoce,Tangerine,Mandarynka,,
5576,3,Tom V,Rozdział XLIV,Rzeczowniki,Warzywa I owoce,Blackberry,Jeżyna,,
5577,3,Tom V,Rozdział XLIV,Rzeczowniki,Warzywa I owoce,Lichee,Liczi,,
5578,3,Tom V,Rozdział XLIV,Rzeczowniki,Warzywa I owoce,Raspberry,Malina,,
5579,3,Tom V,Rozdział XLIV,Rzeczowniki,Warzywa I owoce,Apricot,Morela,,
5580,3,Tom V,Rozdział XLIV,Rzeczowniki,Warzywa I owoce,Parsley,Pietruszka,,
5581,3,Tom V,Rozdział XLIV,Rzeczowniki,Warzywa I owoce,Leek,Por,,
5582,3,Tom V,Rozdział XLIV,Rzeczowniki,Warzywa I owoce,Radish,Rzodkiew,,
5583,3,Tom V,Rozdział XLIV,Rzeczowniki,Warzywa I owoce,Chives,Szczypior,,
5584,3,Tom V,Rozdział XLIV,Rzeczowniki,Warzywa I owoce,Asparagus,Szparag,,
5585,3,Tom V,Rozdział XLIV,Rzeczowniki,Warzywa I owoce,Spinach,Szpinak,,
5586,3,Tom V,Rozdział XLIV,Rzeczowniki,Warzywa I owoce,Plum,Śliwka,,
5587,3,Tom V,Rozdział XLIV,Rzeczowniki,Warzywa I owoce,Cranberry,Żurawina,,
5588,3,Tom V,Rozdział XLIV,Rzeczowniki,Warzywa I owoce,Pineapple,Ananas,,
5589,3,Tom V,Rozdział XLIV,Spójniki,Gadka,Anyway,Tak czy inaczej,,
5590,3,Tom V,Rozdział XLIV,Spójniki,Gadka,Whatever,Cokolwiek,,
5591,3,Tom V,Rozdział XLIV,Spójniki,Gadka,Whenever,Kiedykolwiek,,
5592,3,Tom V,Rozdział XLIV,Spójniki,Gadka,Whether,Czy,,
5593,3,Tom V,Rozdział XLIV,Spójniki,Gadka,Somehow,Jakoś,,
5594,3,Tom V,Rozdział XLIV,Spójniki,Gadka,Anyhoo,Bądź co bądź; w każdym razie,,
5595,3,Tom V,Rozdział XLIV,Spójniki,Gadka,Anyhow,I tak I tak; w każdym razie,,
5596,3,Tom V,Rozdział XLIV,Spójniki,Gadka,Anyways,Tak czy owak,,
5597,3,Tom V,Rozdział XLIV,Spójniki,Gadka,Perhaps,Być może,,
5598,3,Tom V,Rozdział XLIV,Spójniki,Gadka,Whatsoever,Cokolwiek; jakkolwiek,,
5599,3,Tom V,Rozdział XLIV,Phrasale,Mile widziane,Lighten up,Rozchmurzyć się,,
5600,3,Tom V,Rozdział XLIV,Phrasale,Mile widziane,Cheer up,Rozweselić się; rozchmurzyć się,,
5601,3,Tom V,Rozdział XLIV,Phrasale,Mile widziane,Care for,Zależeć komuś na czymś,,
5602,3,Tom V,Rozdział XLIV,Phrasale,Mile widziane,Get sth back,Odzyskać,,
5603,3,Tom V,Rozdział XLIV,Phrasale,Mile widziane,Care for,Lubić czegoś smak; smakować,,
5604,3,Tom V,Rozdział XLIV,Phrasale,Mile widziane,Go for sth,Próbować coś zdobyć; powalczyć o coś,,
5605,3,Tom V,Rozdział XLIV,Phrasale,Mile widziane,Work out,Powieść się; udać się,,
5606,3,Tom V,Rozdział XLIV,Phrasale,Mile widziane,Blow away,Powalić z nóg (z zachwytu),,
5607,3,Tom V,Rozdział XLIV,Phrasale,Mile widziane,Make up to sb,Wynagrodzić (komuś),,
5608,3,Tom V,Rozdział XLIV,Phrasale,Mile widziane,Move on,Żyć dalej,,
5609,3,Tom V,Rozdział XLIV,Rzeczowniki,Finanse,Gross price,Cena brutto,,
5610,3,Tom V,Rozdział XLIV,Rzeczowniki,Finanse,List price,Cena katalogowa,,
5611,3,Tom V,Rozdział XLIV,Rzeczowniki,Finanse,Net price,Cena netto,,
5612,3,Tom V,Rozdział XLIV,Rzeczowniki,Finanse,Pension,Emerytura (pieniądze),,
5613,3,Tom V,Rozdział XLIV,Rzeczowniki,Finanse,Finance,Finanse,,
5614,3,Tom V,Rozdział XLIV,Rzeczowniki,Finanse,Cost,Koszt,,
5615,3,Tom V,Rozdział XLIV,Rzeczowniki,Finanse,Turnover,Obrót,,
5616,3,Tom V,Rozdział XLIV,Rzeczowniki,Finanse,Fee,Opłata; honorarium,,
5617,3,Tom V,Rozdział XLIV,Rzeczowniki,Finanse,Savings,Oszczędności,,
5618,3,Tom V,Rozdział XLIV,Rzeczowniki,Finanse,Liability,Pasywa; należności,,
5619,3,Tom V,Rozdział XLIV,Rzeczowniki,Finanse,Cash on delivery,Płatność przy odbiorze; za pobraniem,,
5620,3,Tom V,Rozdział XLIV,Rzeczowniki,Finanse,Commission,Prowizja,,
5621,3,Tom V,Rozdział XLIV,Rzeczowniki,Finanse,Inheritance,Spadek (odziedziczony),,
5622,3,Tom V,Rozdział XLIV,Rzeczowniki,Finanse,Interest rate,Stopa procentowa,,
5623,3,Tom V,Rozdział XLIV,Rzeczowniki,Finanse,Loss,Strata,,
5624,3,Tom V,Rozdział XLIV,Rzeczowniki,Książki I pisownia,Glossary,Słowniczek,,
5625,3,Tom V,Rozdział XLIV,Rzeczowniki,Książki I pisownia,Table of contents,Spis treści,,
5626,3,Tom V,Rozdział XLIV,Rzeczowniki,Książki I pisownia,Conjunction,Spójnik,,
5627,3,Tom V,Rozdział XLIV,Rzeczowniki,Książki I pisownia,Usage,Użycie; zastosowanie; korzystanie,,
5628,3,Tom V,Rozdział XLIV,Rzeczowniki,Książki I pisownia,Introduction,Wprowadzenie,,
5629,3,Tom V,Rozdział XLIV,Rzeczowniki,Książki I pisownia,Pronunciation,Wymowa,,
5630,3,Tom V,Rozdział XLIV,Rzeczowniki,Książki I pisownia,Pronoun,Zaimek,,
5631,3,Tom V,Rozdział XLIV,Rzeczowniki,Książki I pisownia,Contents,Zawartość,,
5632,3,Tom V,Rozdział XLIV,Rzeczowniki,Książki I pisownia,Fiction,Fikcja; beletrystyka,,
5633,3,Tom V,Rozdział XLIV,Rzeczowniki,Książki I pisownia,Synonym,Synonim,,
5634,3,Tom V,Rozdział XLIV,Rzeczowniki,Książki I pisownia,Protagonist,Bohater (dzieła kultury),,
5635,3,Tom V,Rozdział XLIV,Rzeczowniki,Książki I pisownia,Tale,Bajka,,
5636,3,Tom V,Rozdział XLIV,Rzeczowniki,Książki I pisownia,Layout,"Format (edytorsko, rozkład np. Strony)",,
5637,3,Tom V,Rozdział XLIV,Rzeczowniki,Książki I pisownia,Term,Termin; pojęcie; warunek (w umowie),,
5638,3,Tom V,Rozdział XLIV,Rzeczowniki,Książki I pisownia,Exception,Wyjątek,,
5639,3,Tom V,Rozdział XLIV,Rzeczowniki,Unikać,Rejection,Odrzucenie,,
5640,3,Tom V,Rozdział XLIV,Rzeczowniki,Unikać,Panic,Panika,,
5641,3,Tom V,Rozdział XLIV,Rzeczowniki,Unikać,Pessimism,Pesymizm,,
5642,3,Tom V,Rozdział XLIV,Rzeczowniki,Unikać,Guilt,Poczucie winy,,
5643,3,Tom V,Rozdział XLIV,Rzeczowniki,Unikać,Humiliation,Poniżenie,,
5644,3,Tom V,Rozdział XLIV,Rzeczowniki,Unikać,Disappointment,Rozczarowanie,,
5645,3,Tom V,Rozdział XLIV,Rzeczowniki,Unikać,Loneliness,Samotność,,
5646,3,Tom V,Rozdział XLIV,Rzeczowniki,Unikać,Scandal,Skandal,,
5647,3,Tom V,Rozdział XLIV,Rzeczowniki,Unikać,Sadness,Smutek,,
5648,3,Tom V,Rozdział XLIV,Rzeczowniki,Unikać,Doubt,Wątpliwość,,
5649,3,Tom V,Rozdział XLIV,Rzeczowniki,Unikać,Shame,Wstyd,,
5650,3,Tom V,Rozdział XLIV,Rzeczowniki,Unikać,Envy,Zazdrość (o coś),,
5651,3,Tom V,Rozdział XLIV,Rzeczowniki,Unikać,Regret,Żal,,
5652,3,Tom V,Rozdział XLIV,Rzeczowniki,Unikać,Laziness,Lenistwo,,
5653,3,Tom V,Rozdział XLIV,Rzeczowniki,Unikać,Madness,Szaleństwo,,
5654,3,Tom V,Rozdział XLV,Przymiotniki,Mentalne,Curious,Ciekawy (czegoś),,
5655,3,Tom V,Rozdział XLV,Przymiotniki,Mentalne,Unsure,Niepewny,,
5656,3,Tom V,Rozdział XLV,Przymiotniki,Mentalne,Understandable,Zrozumiały,,
5657,3,Tom V,Rozdział XLV,Przymiotniki,Mentalne,Comprehensible,Do ogarnięcia (zrozumiały),,
5658,3,Tom V,Rozdział XLV,Przymiotniki,Mentalne,Unthinkable,Nie do pomyślenia,,
5659,3,Tom V,Rozdział XLV,Przymiotniki,Mentalne,Unimaginable,Niewyobrażalny,,
5660,3,Tom V,Rozdział XLV,Przymiotniki,Mentalne,Imaginable,Wyobrażalny; możliwy,,
5661,3,Tom V,Rozdział XLV,Przymiotniki,Mentalne,Incomprehensible,Nie do ogarnięcia,,
5662,3,Tom V,Rozdział XLV,Przymiotniki,Mentalne,Believable,Do uwierzenia; wiarygodny,,
5663,3,Tom V,Rozdział XLV,Przymiotniki,Mentalne,Aware,Świadomy,,
5664,3,Tom V,Rozdział XLV,Przymiotniki,Mentalne,Certain,Pewny (przekonany o czymś),,
5665,3,Tom V,Rozdział XLV,Przymiotniki,Mentalne,Deliberate,Umyślny; celowy,,
5666,3,Tom V,Rozdział XLV,Przymiotniki,Mentalne,Unconscious,Nieświadomy; nieprzytomny,,
5667,3,Tom V,Rozdział XLV,Przymiotniki,Mentalne,Convinced,Przekonany; pewny że,,
5668,3,Tom V,Rozdział XLV,Przymiotniki,Mentalne,Conscious,Przytomny; świadomy,,
5669,3,Tom V,Rozdział XLV,Rzeczowniki,Dolegliwości,Migraine,Migrena,,
5670,3,Tom V,Rozdział XLV,Rzeczowniki,Dolegliwości,Addiction,Nałóg; uzależnienie,,
5671,3,Tom V,Rozdział XLV,Rzeczowniki,Dolegliwości,Burn,Oparzenie,,
5672,3,Tom V,Rozdział XLV,Rzeczowniki,Dolegliwości,Obesity,Otyłość,,
5673,3,Tom V,Rozdział XLV,Rzeczowniki,Dolegliwości,Bruise,Siniak; otarcie,,
5674,3,Tom V,Rozdział XLV,Rzeczowniki,Dolegliwości,Cut,Skaleczenie,,
5675,3,Tom V,Rozdział XLV,Rzeczowniki,Dolegliwości,Vaccination,Szczepienie,,
5676,3,Tom V,Rozdział XLV,Rzeczowniki,Dolegliwości,Vaccine,Szczepionka,,
5677,3,Tom V,Rozdział XLV,Rzeczowniki,Dolegliwości,Stroke,Udar (mózgu),,
5678,3,Tom V,Rozdział XLV,Rzeczowniki,Dolegliwości,Sight defect,Wada wzroku,,
5679,3,Tom V,Rozdział XLV,Rzeczowniki,Dolegliwości,Wheelchair,Wózek inwalidzki,,
5680,3,Tom V,Rozdział XLV,Rzeczowniki,Dolegliwości,Injection,Zastrzyk,,
5681,3,Tom V,Rozdział XLV,Rzeczowniki,Dolegliwości,Poisoning,Zatrucie,,
5682,3,Tom V,Rozdział XLV,Rzeczowniki,Dolegliwości,Fracture,Złamanie,,
5683,3,Tom V,Rozdział XLV,Rzeczowniki,Dolegliwości,Sore throat,Ból gardła,,
5684,3,Tom V,Rozdział XLV,Skróty,Gdy grasz w grę,Afk,Z daleka od klawiatury (skrót),,
5685,3,Tom V,Rozdział XLV,Skróty,Gdy grasz w grę,Fpp,Perspektywa pierwszoosobowa (skrót),,
5686,3,Tom V,Rozdział XLV,Skróty,Gdy grasz w grę,Fps,Strzelanka pierwszoosobowa (skrót),,
5687,3,Tom V,Rozdział XLV,Skróty,Gdy grasz w grę,Fps,Klatki na sekundę (skrót),,
5688,3,Tom V,Rozdział XLV,Skróty,Gdy grasz w grę,Gg,Dobra partia (skrót),,
5689,3,Tom V,Rozdział XLV,Skróty,Gdy grasz w grę,P2p,Połączenie sieciowe komputerów równorzędnych (skrót),,
5690,3,Tom V,Rozdział XLV,Skróty,Gdy grasz w grę,Pc,Komputer stacjonarny (skrót),,
5691,3,Tom V,Rozdział XLV,Skróty,Gdy grasz w grę,Rpg,Gra fabularna (skrót),,
5692,3,Tom V,Rozdział XLV,Skróty,Gdy grasz w grę,Tpp,Perspektywa trzecioosobowa (skrót),,
5693,3,Tom V,Rozdział XLV,Skróty,Gdy grasz w grę,Moba,Sieciowa gra bitewna (skrót),,
5694,3,Tom V,Rozdział XLV,Rzeczowniki,Szkoła,Lecture,Wykład,,
5695,3,Tom V,Rozdział XLV,Rzeczowniki,Szkoła,Essay,Wypracowanie,,
5696,3,Tom V,Rozdział XLV,Rzeczowniki,Szkoła,Guideline,Wytyczna; wskazówka,,
5697,3,Tom V,Rozdział XLV,Rzeczowniki,Szkoła,Graduate,Absolwent,,
5698,3,Tom V,Rozdział XLV,Rzeczowniki,Szkoła,Dorm,Akademik,,
5699,3,Tom V,Rozdział XLV,Rzeczowniki,Szkoła,Doctorate,Doktorat,,
5700,3,Tom V,Rozdział XLV,Rzeczowniki,Szkoła,Diploma,Dyplom,,
5701,3,Tom V,Rozdział XLV,Rzeczowniki,Szkoła,Chalk,Kreda,,
5702,3,Tom V,Rozdział XLV,Rzeczowniki,Szkoła,Bachelor,Licencjat,,
5703,3,Tom V,Rozdział XLV,Rzeczowniki,Szkoła,Scholarship,Stypendium,,
5704,3,Tom V,Rozdział XLV,Rzeczowniki,Szkoła,Crossword,Krzyżówka,,
5705,3,Tom V,Rozdział XLV,Rzeczowniki,Szkoła,Puzzle,Zagadka,,
5706,3,Tom V,Rozdział XLV,Rzeczowniki,Szkoła,Eraser,Gumka do ścierania,,
5707,3,Tom V,Rozdział XLV,Rzeczowniki,Szkoła,Peer,Rówieśnik,,
5708,3,Tom V,Rozdział XLV,Rzeczowniki,Szkoła,Mentor,Mentor,,
5709,3,Tom V,Rozdział XLV,Rzeczowniki,Nauki ścisłe,Geometry,Geometria,,
5710,3,Tom V,Rozdział XLV,Rzeczowniki,Nauki ścisłe,Calculation,Kalkulacja,,
5711,3,Tom V,Rozdział XLV,Rzeczowniki,Nauki ścisłe,Combination,Kombinacja,,
5712,3,Tom V,Rozdział XLV,Rzeczowniki,Nauki ścisłe,Logic,Logika,,
5713,3,Tom V,Rozdział XLV,Rzeczowniki,Nauki ścisłe,Method,Metoda,,
5714,3,Tom V,Rozdział XLV,Rzeczowniki,Nauki ścisłe,Microscope,Mikroskop,,
5715,3,Tom V,Rozdział XLV,Rzeczowniki,Nauki ścisłe,Multiplication,Mnożenie,,
5716,3,Tom V,Rozdział XLV,Rzeczowniki,Nauki ścisłe,Subtraction,Odejmowanie,,
5717,3,Tom V,Rozdział XLV,Rzeczowniki,Nauki ścisłe,Discovery,Odkrycie,,
5718,3,Tom V,Rozdział XLV,Rzeczowniki,Nauki ścisłe,Circumstance,Okoliczność,,
5719,3,Tom V,Rozdział XLV,Rzeczowniki,Nauki ścisłe,Optimization,Optymalizacja,,
5720,3,Tom V,Rozdział XLV,Rzeczowniki,Nauki ścisłe,Root,Pierwiastek matematyczny,,
5721,3,Tom V,Rozdział XLV,Rzeczowniki,Nauki ścisłe,Basis,Podstawa; baza (np. W badaniach),,
5722,3,Tom V,Rozdział XLV,Rzeczowniki,Nauki ścisłe,Comparison,Porównanie,,
5723,3,Tom V,Rozdział XLV,Rzeczowniki,Nauki ścisłe,Power,Potęga matematyczna,,
5724,3,Tom V,Rozdział XLV,Czasowniki,Poczta,Pack,Pakować,,
5725,3,Tom V,Rozdział XLV,Czasowniki,Poczta,Receive,Otrzymywać; przyjmować,,
5726,3,Tom V,Rozdział XLV,Czasowniki,Poczta,Deliver,Doręczać,,
5727,3,Tom V,Rozdział XLV,Czasowniki,Poczta,Ship,Wysyłać; transportować; dostarczać (towar),,
5728,3,Tom V,Rozdział XLV,Czasowniki,Poczta,Unfold,Rozkładać; rozwijać,,
5729,3,Tom V,Rozdział XLV,Czasowniki,Poczta,Fold,Składać (coś na mniejsze części),,
5730,3,Tom V,Rozdział XLV,Czasowniki,Poczta,Wrap,Owijać; zapakować (np. W papier),,
5731,3,Tom V,Rozdział XLV,Czasowniki,Poczta,Mail,Wysłać pocztą,,
5732,3,Tom V,Rozdział XLV,Czasowniki,Poczta,Unload,Rozładować,,
5733,3,Tom V,Rozdział XLV,Czasowniki,Poczta,Package,Paczkować,,
5734,3,Tom V,Rozdział XLV,Czasowniki,Poczta,Unwind,Odwijać (coś),,
5735,3,Tom V,Rozdział XLV,Czasowniki,Poczta,Dispatch,Wysłać (kogoś lub coś); wyekspediować,,
5736,3,Tom V,Rozdział XLV,Czasowniki,Poczta,Parcel,Przygotowywać przesyłkę;pakować,,
5737,3,Tom V,Rozdział XLV,Czasowniki,Poczta,Enclose,Załączyć do wiadomości,,
5738,3,Tom V,Rozdział XLV,Czasowniki,Poczta,Post,Nadać pocztą,,
5739,3,Tom V,Rozdział XLV,Przymiotniki,Biznes,Unemployed,Bezrobotny,,
5740,3,Tom V,Rozdział XLV,Przymiotniki,Biznes,Experienced,Doświadczony,,
5741,3,Tom V,Rozdział XLV,Przymiotniki,Biznes,Effective,Skuteczny; efektywny,,
5742,3,Tom V,Rozdział XLV,Przymiotniki,Biznes,Professional,Zawodowy,,
5743,3,Tom V,Rozdział XLV,Przymiotniki,Biznes,Flexible,Dyspozycyjny; elastyczny,,
5744,3,Tom V,Rozdział XLV,Przymiotniki,Biznes,Formal,Formalny,,
5745,3,Tom V,Rozdział XLV,Przymiotniki,Biznes,Economic,Gospodarczy,,
5746,3,Tom V,Rozdział XLV,Przymiotniki,Biznes,Costly,Kosztowny,,
5747,3,Tom V,Rozdział XLV,Przymiotniki,Biznes,Best-selling,Najlepiej sprzedający się,,
5748,3,Tom V,Rozdział XLV,Przymiotniki,Biznes,Informal,Nieformalny,,
5749,3,Tom V,Rozdział XLV,Przymiotniki,Biznes,Casual,Nieformalny; codzienny,,
5750,3,Tom V,Rozdział XLV,Przymiotniki,Biznes,Part-time,Niepełnoetatowy; dorywczy,,
5751,3,Tom V,Rozdział XLV,Przymiotniki,Biznes,Low-cost,Niskonakładowy; tani,,
5752,3,Tom V,Rozdział XLV,Przymiotniki,Biznes,Full-service,Oferujący pełen zakres usług,,
5753,3,Tom V,Rozdział XLV,Przymiotniki,Biznes,Official,Oficjalny; urzędowy,,
5754,3,Tom V,Rozdział XLV,Rzeczowniki,Podróże,Check-in,Odprawa,,
5755,3,Tom V,Rozdział XLV,Rzeczowniki,Podróże,Transfer,Transfer; przeniesienie,,
5756,3,Tom V,Rozdział XLV,Rzeczowniki,Podróże,Landmark,Punkt orientacyjny; ważne miejsce (np. Historyczne),,
5757,3,Tom V,Rozdział XLV,Rzeczowniki,Podróże,Take-off,Start (samolotu),,
5758,3,Tom V,Rozdział XLV,Rzeczowniki,Podróże,Terminal,Terminal,,
5759,3,Tom V,Rozdział XLV,Rzeczowniki,Podróże,Zoom,Zbliżenie,,
5760,3,Tom V,Rozdział XLV,Rzeczowniki,Podróże,Boarding pass,Karta pokładowa,,
5761,3,Tom V,Rozdział XLV,Rzeczowniki,Podróże,Lounge,Hol (w hotelu); poczekalnia (na lotnisku),,
5762,3,Tom V,Rozdział XLV,Rzeczowniki,Podróże,Seat reservation,Rezerwacja miejsca,,
5763,3,Tom V,Rozdział XLV,Rzeczowniki,Podróże,Excess luggage,Nadbagaż,,
5764,3,Tom V,Rozdział XLV,Rzeczowniki,Podróże,Destination,Cel (podróży); miejsce przeznaczenia,,
5765,3,Tom V,Rozdział XLV,Rzeczowniki,Podróże,Sightseeing tour,Wycieczka krajoznawcza,,
5766,3,Tom V,Rozdział XLV,Rzeczowniki,Podróże,Recreation,Rekreacja; wypoczynek,,
5767,3,Tom V,Rozdział XLV,Rzeczowniki,Podróże,Guidebook,Przewodnik (książka),,
5768,3,Tom V,Rozdział XLV,Rzeczowniki,Podróże,Sunbathing,Opalanie,,
5769,3,Tom V,Rozdział XLV,Zabronione,Człowiek jest piękny,Aesthetically pleasing,Estetyczna,,
5770,3,Tom V,Rozdział XLV,Zabronione,Człowiek jest piękny,Beguiling,Nęcąca,,
5771,3,Tom V,Rozdział XLV,Zabronione,Człowiek jest piękny,Bewitching,Urzekająca,,
5772,3,Tom V,Rozdział XLV,Zabronione,Człowiek jest piękny,Captivating,Zniewalająca,,
5773,3,Tom V,Rozdział XLV,Zabronione,Człowiek jest piękny,Comely,Nadobna,,
5774,3,Tom V,Rozdział XLV,Zabronione,Człowiek jest piękny,Enchanting,Czarująca,,
5775,3,Tom V,Rozdział XLV,Zabronione,Człowiek jest piękny,Petticoat,Białogłowa,,
5776,3,Tom V,Rozdział XLV,Zabronione,Człowiek jest piękny,Disarming,Rozbrajająca,,
5777,3,Tom V,Rozdział XLV,Zabronione,Człowiek jest piękny,Riveting,Porywająca,,
5778,3,Tom V,Rozdział XLV,Zabronione,Człowiek jest piękny,Winsome,Ujmujący,,
5779,3,Tom V,Rozdział XLV,Spójniki,Dodanie kolejnej myśli,Kind of,Poniekąd,,
5780,3,Tom V,Rozdział XLV,Spójniki,Dodanie kolejnej myśli,Sort of,Niejako,,
5781,3,Tom V,Rozdział XLV,Spójniki,Dodanie kolejnej myśli,What's more,Co więcej (nieformalnie),,
5782,3,Tom V,Rozdział XLV,Spójniki,Dodanie kolejnej myśli,As well as,Jak również,,
5783,3,Tom V,Rozdział XLV,Spójniki,Dodanie kolejnej myśli,In addition,W dodatku,,
5784,3,Tom V,Rozdział XLV,Spójniki,Dodanie kolejnej myśli,Furthermore,Co więcej (formalnie),,
5785,3,Tom V,Rozdział XLV,Spójniki,Dodanie kolejnej myśli,Importantly,Co ważne,,
5786,3,Tom V,Rozdział XLV,Spójniki,Dodanie kolejnej myśli,Moreover,Ponadto; co więcej,,
5787,3,Tom V,Rozdział XLV,Spójniki,Dodanie kolejnej myśli,On top of that,Na dodatek,,
5788,3,Tom V,Rozdział XLV,Spójniki,Dodanie kolejnej myśli,Then,Potem; następnie; wnet,,
5789,3,Tom V,Rozdział XLVI,Czasowniki,Czasowniki 16,Discriminate,Dyskryminować,,
5790,3,Tom V,Rozdział XLVI,Czasowniki,Czasowniki 16,Eliminate,Eliminować,,
5791,3,Tom V,Rozdział XLVI,Czasowniki,Czasowniki 16,Export,Eksportować,,
5792,3,Tom V,Rozdział XLVI,Czasowniki,Czasowniki 16,Generalize,Generalizować,,
5793,3,Tom V,Rozdział XLVI,Czasowniki,Czasowniki 16,Generate,Generować; tworzyć,,
5794,3,Tom V,Rozdział XLVI,Czasowniki,Czasowniki 16,Group,Grupować,,
5795,3,Tom V,Rozdział XLVI,Czasowniki,Czasowniki 16,Import,Importować,,
5796,3,Tom V,Rozdział XLVI,Czasowniki,Czasowniki 16,Manipulate,Manipulować; obsługiwać; sterować,,
5797,3,Tom V,Rozdział XLVI,Czasowniki,Czasowniki 16,Maximize,Maksymalizować,,
5798,3,Tom V,Rozdział XLVI,Czasowniki,Czasowniki 16,Minimize,Minimalizować,,
5799,3,Tom V,Rozdział XLVI,Czasowniki,Czasowniki 16,Operate,Przeprowadzać operacje,,
5800,3,Tom V,Rozdział XLVI,Czasowniki,Czasowniki 16,Optimize,Optymalizować,,
5801,3,Tom V,Rozdział XLVI,Czasowniki,Czasowniki 16,Panic,Panikować,,
5802,3,Tom V,Rozdział XLVI,Czasowniki,Czasowniki 16,Program,Programować,,
5803,3,Tom V,Rozdział XLVI,Czasowniki,Czasowniki 16,Protest,Protestować,,
5804,3,Tom V,Rozdział XLVI,Phrasale,Niefajne,Break up,Zerwać (z partnerem),,
5805,3,Tom V,Rozdział XLVI,Phrasale,Niefajne,Cheat on sb,Zdradzać kogoś (w związku),,
5806,3,Tom V,Rozdział XLVI,Phrasale,Niefajne,Freak out,Oszaleć (z wściekłości; przesadzać z reakcją na coś),,
5807,3,Tom V,Rozdział XLVI,Phrasale,Niefajne,Can't make it,Nie dać rady (przyjść),,
5808,3,Tom V,Rozdział XLVI,Phrasale,Niefajne,Let sb down,Zawieść kogoś; rozczarować kogoś,,
5809,3,Tom V,Rozdział XLVI,Phrasale,Niefajne,Turn one's back on sb,Odwrócić się od kogoś plecami,,
5810,3,Tom V,Rozdział XLVI,Phrasale,Niefajne,Act up,Źle się zachowywać,,
5811,3,Tom V,Rozdział XLVI,Phrasale,Niefajne,Fall for sth,Dać się nabrać; zostać oszukanym,,
5812,3,Tom V,Rozdział XLVI,Phrasale,Niefajne,Kick sb out,Wyrzucić kogoś; wykopać kogoś,,
5813,3,Tom V,Rozdział XLVI,Phrasale,Niefajne,Piss sb off,Wkurzyć kogoś,,
5814,3,Tom V,Rozdział XLVI,Rzeczowniki,Zwierzęta,Camel,Wielbłąd,,
5815,3,Tom V,Rozdział XLVI,Rzeczowniki,Zwierzęta,Whale,Wieloryb,,
5816,3,Tom V,Rozdział XLVI,Rzeczowniki,Zwierzęta,Squirrel,Wiewiórka,,
5817,3,Tom V,Rozdział XLVI,Rzeczowniki,Zwierzęta,Hare,Zając,,
5818,3,Tom V,Rozdział XLVI,Rzeczowniki,Zwierzęta,Sting,Żądło,,
5819,3,Tom V,Rozdział XLVI,Rzeczowniki,Zwierzęta,Giraffe,Żyrafa,,
5820,3,Tom V,Rozdział XLVI,Rzeczowniki,Zwierzęta,Fur,Futro; sierść,,
5821,3,Tom V,Rozdział XLVI,Rzeczowniki,Zwierzęta,Hippo,Hipopotam,,
5822,3,Tom V,Rozdział XLVI,Rzeczowniki,Zwierzęta,Kangaroo,Kangur,,
5823,3,Tom V,Rozdział XLVI,Rzeczowniki,Zwierzęta,Goat,Koza,,
5824,3,Tom V,Rozdział XLVI,Rzeczowniki,Zwierzęta,Crocodile,Krokodyl,,
5825,3,Tom V,Rozdział XLVI,Rzeczowniki,Zwierzęta,Fox,Lis,,
5826,3,Tom V,Rozdział XLVI,Rzeczowniki,Zwierzęta,Bug,Robak; pluskwa; zarazek,,
5827,3,Tom V,Rozdział XLVI,Rzeczowniki,Zwierzęta,Puppy,Szczeniak,,
5828,3,Tom V,Rozdział XLVI,Rzeczowniki,Zwierzęta,Species,Gatunek,,
5829,3,Tom V,Rozdział XLVI,Przymiotniki,Przymiotniki 20,Fake,Nieprawdziwy; podrobiony; fałszywy,,
5830,3,Tom V,Rozdział XLVI,Przymiotniki,Przymiotniki 20,Original,Oryginalny; pierwotny,,
5831,3,Tom V,Rozdział XLVI,Przymiotniki,Przymiotniki 20,Out of order,Niesprawny (coś nie działa),,
5832,3,Tom V,Rozdział XLVI,Przymiotniki,Przymiotniki 20,Artificial,Sztuczny,,
5833,3,Tom V,Rozdział XLVI,Przymiotniki,Przymiotniki 20,Shiny,Błyszczący,,
5834,3,Tom V,Rozdział XLVI,Przymiotniki,Przymiotniki 20,Genuine,Prawdziwy (niepodrobiony); autentyczny,,
5835,3,Tom V,Rozdział XLVI,Przymiotniki,Przymiotniki 20,Second-hand,Z drugiej ręki,,
5836,3,Tom V,Rozdział XLVI,Przymiotniki,Przymiotniki 20,Used,Używany,,
5837,3,Tom V,Rozdział XLVI,Przymiotniki,Przymiotniki 20,Dusty,Zakurzony,,
5838,3,Tom V,Rozdział XLVI,Przymiotniki,Przymiotniki 20,Lost,Zgubiony,,
5839,3,Tom V,Rozdział XLVI,Przymiotniki,Przymiotniki 20,Broken,Złamany; rozbity; popsuty,,
5840,3,Tom V,Rozdział XLVI,Przymiotniki,Przymiotniki 20,Found,Znaleziony,,
5841,3,Tom V,Rozdział XLVI,Przymiotniki,Przymiotniki 20,Precious,Drogocenny,,
5842,3,Tom V,Rozdział XLVI,Przymiotniki,Przymiotniki 20,Handmade,Ręcznie wykonany; rękodzieło,,
5843,3,Tom V,Rozdział XLVI,Przymiotniki,Przymiotniki 20,Dull,Tępy (np. Nóż albo ból),,
5844,3,Tom V,Rozdział XLVI,Slang,Slang 21,Word,Słusznie; no ba!,,
5845,3,Tom V,Rozdział XLVI,Slang,Slang 21,I dig it,I kręci mnie to; I super,,
5846,3,Tom V,Rozdział XLVI,Slang,Slang 21,Mood,Tak się czuję,,
5847,3,Tom V,Rozdział XLVI,Slang,Slang 21,No biggie,Drobiazg,,
5848,3,Tom V,Rozdział XLVI,Slang,Slang 21,Retweet,"Zgadzam się (skrócone ""Yes, I agree"")",,
5849,3,Tom V,Rozdział XLVI,Slang,Slang 21,Shut up and take my money!,Biorę bez gadania (dobra konsumenckie),,
5850,3,Tom V,Rozdział XLVI,Slang,Slang 21,Take sth to the bank,Potwierdź to,,
5851,3,Tom V,Rozdział XLVI,Slang,Slang 21,We are even,Co do centa; co do grosza; wyrównaliśmy rachunki,,
5852,3,Tom V,Rozdział XLVI,Slang,Slang 21,You can say that again,Tak jest (no właśnie),,
5853,3,Tom V,Rozdział XLVI,Slang,Slang 21,Done deal,Zrobione,,
5854,3,Tom V,Rozdział XLVI,Rzeczowniki,Biznes,Export,Eksport,,
5855,3,Tom V,Rozdział XLVI,Rzeczowniki,Biznes,Exporter,Eksporter,,
5856,3,Tom V,Rozdział XLVI,Rzeczowniki,Biznes,Fund,Fundusz,,
5857,3,Tom V,Rozdział XLVI,Rzeczowniki,Biznes,Commerce,Handel (towarowy lub usługowy),,
5858,3,Tom V,Rozdział XLVI,Rzeczowniki,Biznes,Trade,Handel (wymiana dóbr),,
5859,3,Tom V,Rozdział XLVI,Rzeczowniki,Biznes,Import,Import,,
5860,3,Tom V,Rozdział XLVI,Rzeczowniki,Biznes,Importer,Importer,,
5861,3,Tom V,Rozdział XLVI,Rzeczowniki,Biznes,License,Koncesja; licencja,,
5862,3,Tom V,Rozdział XLVI,Rzeczowniki,Biznes,Consumer,Konsument,,
5863,3,Tom V,Rozdział XLVI,Rzeczowniki,Biznes,Bargain,Korzystny zakup (okazja),,
5864,3,Tom V,Rozdział XLVI,Rzeczowniki,Biznes,Accountancy,Księgowość (rachunkowość),,
5865,3,Tom V,Rozdział XLVI,Rzeczowniki,Biznes,Margin,Margines; marża,,
5866,3,Tom V,Rozdział XLVI,Rzeczowniki,Biznes,Monopoly,Monopol,,
5867,3,Tom V,Rozdział XLVI,Rzeczowniki,Biznes,Liability,Wierzytelność (zobowiązanie pieniężne),,
5868,3,Tom V,Rozdział XLVI,Rzeczowniki,Biznes,Original,Oryginał,,
5869,3,Tom V,Rozdział XLVI,Klony,Klony,Hustle and bustle,Zgiełk; harmider,,
5870,3,Tom V,Rozdział XLVI,Klony,Klony,Bric-a-brac,Bibeloty; starocie,,
5871,3,Tom V,Rozdział XLVI,Klony,Klony,Dilly-dally,Marnować czas; ociągać się,,
5872,3,Tom V,Rozdział XLVI,Klony,Klony,Flim-flam,Zwodnicze bzdury; przekręt,,
5873,3,Tom V,Rozdział XLVI,Klony,Klony,Hanky-panky,Przekręty; szachrajstwa; bara bara,,
5874,3,Tom V,Rozdział XLVI,Klony,Klony,Higgledy-piggledy,Jak groch z kapustą,,
5875,3,Tom V,Rozdział XLVI,Klony,Klony,Hodge-podge,Mieszanina; miszmasz,,
5876,3,Tom V,Rozdział XLVI,Klony,Klony,Humpty-dumpty,Osoba przy kości,,
5877,3,Tom V,Rozdział XLVI,Klony,Klony,Knick-knacks,Drobiazgi; bibeloty,,
5878,3,Tom V,Rozdział XLVI,Klony,Klony,Riff-raff,Hołota,,
5879,3,Tom V,Rozdział XLVI,Przymiotniki,Przestrzeń I położenie,Central,Centralny,,
5880,3,Tom V,Rozdział XLVI,Przymiotniki,Przestrzeń I położenie,Near,Niedaleki (o miejscu),,
5881,3,Tom V,Rozdział XLVI,Przymiotniki,Przestrzeń I położenie,Lower,Będący poniżej; dolny,,
5882,3,Tom V,Rozdział XLVI,Przymiotniki,Przestrzeń I położenie,Upper,Będący powyżej; górny (np. Manhattan),,
5883,3,Tom V,Rozdział XLVI,Przymiotniki,Przestrzeń I położenie,Front,Przedni; czołowy,,
5884,3,Tom V,Rozdział XLVI,Przymiotniki,Przestrzeń I położenie,Middle,Środkowy,,
5885,3,Tom V,Rozdział XLVI,Przymiotniki,Przestrzeń I położenie,Back,Tylni,,
5886,3,Tom V,Rozdział XLVI,Przymiotniki,Przestrzeń I położenie,Southern,Południowy (odnoszący się do strony świata),,
5887,3,Tom V,Rozdział XLVI,Przymiotniki,Przestrzeń I położenie,Northern,Północny (związany z północą),,
5888,3,Tom V,Rozdział XLVI,Przymiotniki,Przestrzeń I położenie,Nearby,Pobliski,,
5889,3,Tom V,Rozdział XLVI,Przymiotniki,Przestrzeń I położenie,Bottom,Dolny; będący na dnie,,
5890,3,Tom V,Rozdział XLVI,Przymiotniki,Przestrzeń I położenie,Eastern,Wschodni (związany ze wschodem),,
5891,3,Tom V,Rozdział XLVI,Przymiotniki,Przestrzeń I położenie,Western,Zachodni (związany ze zachodem),,
5892,3,Tom V,Rozdział XLVI,Przymiotniki,Przestrzeń I położenie,Top,Górny; najwyższy,,
5893,3,Tom V,Rozdział XLVI,Przymiotniki,Przestrzeń I położenie,Underground,Podziemny,,
5894,3,Tom V,Rozdział XLVI,Czasowniki,Komunikacja,Quote,Cytować (dokładne słowa),,
5895,3,Tom V,Rozdział XLVI,Czasowniki,Komunikacja,Request,Wnioskować o coś,,
5896,3,Tom V,Rozdział XLVI,Czasowniki,Komunikacja,Summarize,Podsumowywać,,
5897,3,Tom V,Rozdział XLVI,Czasowniki,Komunikacja,Address,"Adresować; odnosić się do (kogoś, czegoś)",,
5898,3,Tom V,Rozdział XLVI,Czasowniki,Komunikacja,Cite,Przytoczyć; cytować (czyjąś myśl),,
5899,3,Tom V,Rozdział XLVI,Czasowniki,Komunikacja,Debate,Debatować; dyskutować,,
5900,3,Tom V,Rozdział XLVI,Czasowniki,Komunikacja,Hint,Robić aluzje; dawać do zrozumienia; pokazywać,,
5901,3,Tom V,Rozdział XLVI,Czasowniki,Komunikacja,Interpret,Tłumaczyć (ustnie z języka na język),,
5902,3,Tom V,Rozdział XLVI,Czasowniki,Komunikacja,List,Wymieniać (w kolejności); wyliczać,,
5903,3,Tom V,Rozdział XLVI,Czasowniki,Komunikacja,Object,Sprzeciwiać się; protestować,,
5904,3,Tom V,Rozdział XLVI,Czasowniki,Komunikacja,Pause,Robić przerwę (podczas mówienia),,
5905,3,Tom V,Rozdział XLVI,Czasowniki,Komunikacja,Question,Kwestionować,,
5906,3,Tom V,Rozdział XLVI,Czasowniki,Komunikacja,Rename,Przemianować; zmienić imię/nazwę,,
5907,3,Tom V,Rozdział XLVI,Czasowniki,Komunikacja,Silence,Uciszać,,
5908,3,Tom V,Rozdział XLVI,Czasowniki,Komunikacja,Argument,Kłótnia,,
5909,3,Tom V,Rozdział XLVI,Rzeczowniki,It,Hardware,Sprzęt komputerowy,,
5910,3,Tom V,Rozdział XLVI,Rzeczowniki,It,Artwork,Szata graficzna,,
5911,3,Tom V,Rozdział XLVI,Rzeczowniki,It,Integrated circuit,Układ scalony,,
5912,3,Tom V,Rozdział XLVI,Rzeczowniki,It,Usb stick,Wtyczka usb,,
5913,3,Tom V,Rozdział XLVI,Rzeczowniki,It,Power adapter,Zasilacz,,
5914,3,Tom V,Rozdział XLVI,Rzeczowniki,It,Power supply,Zasilanie,,
5915,3,Tom V,Rozdział XLVI,Rzeczowniki,It,Access,Dostęp,,
5916,3,Tom V,Rozdział XLVI,Rzeczowniki,It,Backup,Kopia zapasowa (danych),,
5917,3,Tom V,Rozdział XLVI,Rzeczowniki,It,Computational power,Moc obliczeniowa,,
5918,3,Tom V,Rozdział XLVI,Rzeczowniki,It,Data,Dane,,
5919,3,Tom V,Rozdział XLVI,Rzeczowniki,It,Installation,Instalacja,,
5920,3,Tom V,Rozdział XLVI,Rzeczowniki,It,Hardware,Sprzęt komputerowy,,
5921,3,Tom V,Rozdział XLVI,Rzeczowniki,It,Spam,Spam,,
5922,3,Tom V,Rozdział XLVI,Rzeczowniki,It,Pause,Pauza,,
5923,3,Tom V,Rozdział XLVI,Rzeczowniki,It,Communicator,Komunikator,,
5924,3,Tom V,Rozdział XLVII,Slang,Niefajne,Garbage,Bzdury,,
5925,3,Tom V,Rozdział XLVII,Slang,Niefajne,Plain,Średniawka,,
5926,3,Tom V,Rozdział XLVII,Slang,Niefajne,Rip off,"Oszukać kogoś finansowo (zrobić, orżnąć)",,
5927,3,Tom V,Rozdział XLVII,Slang,Niefajne,Scam,Szwindel; przekręt,,
5928,3,Tom V,Rozdział XLVII,Slang,Niefajne,Aggro,Mocno wkurzyć,,
5929,3,Tom V,Rozdział XLVII,Slang,Niefajne,Amateur hour,Dla słabych,,
5930,3,Tom V,Rozdział XLVII,Slang,Niefajne,Bamboozled,Wkręcony,,
5931,3,Tom V,Rozdział XLVII,Slang,Niefajne,Blooper,Pomyłka; wpadka,,
5932,3,Tom V,Rozdział XLVII,Slang,Niefajne,Canceled,Skreślony ( o wszystkim czego nie lubisz),,
5933,3,Tom V,Rozdział XLVII,Slang,Niefajne,Cap,Ściemniać; kłamać,,
5934,3,Tom V,Rozdział XLVII,Przymiotniki,Złe,Frightening,Przerażający,,
5935,3,Tom V,Rozdział XLVII,Przymiotniki,Złe,Exhausting,Wyczerpujący,,
5936,3,Tom V,Rozdział XLVII,Przymiotniki,Złe,Bloody,Krwawy,,
5937,3,Tom V,Rozdział XLVII,Przymiotniki,Złe,Painful,Bolesny; dotkliwy,,
5938,3,Tom V,Rozdział XLVII,Przymiotniki,Złe,Terrifying,Budzący lęk; przerażający,,
5939,3,Tom V,Rozdział XLVII,Przymiotniki,Złe,Disturbed,Niezrównoważony; dotknięty traumą,,
5940,3,Tom V,Rozdział XLVII,Przymiotniki,Złe,Sore,Obolały,,
5941,3,Tom V,Rozdział XLVII,Przymiotniki,Złe,Injured,Kontuzjowany,,
5942,3,Tom V,Rozdział XLVII,Przymiotniki,Złe,Rotten,Zgniły,,
5943,3,Tom V,Rozdział XLVII,Przymiotniki,Złe,Atrocious,Okrutny (o zbrodni),,
5944,3,Tom V,Rozdział XLVII,Przymiotniki,Złe,Deadly,Śmiercionośny; śmiertelny; zabójczy,,
5945,3,Tom V,Rozdział XLVII,Przymiotniki,Złe,Fatal,Śmiertelny,,
5946,3,Tom V,Rozdział XLVII,Przymiotniki,Złe,Infectious,Zakaźny; zaraźliwy,,
5947,3,Tom V,Rozdział XLVII,Przymiotniki,Złe,Cheek,Policzek,,
5948,3,Tom V,Rozdział XLVII,Przymiotniki,Złe,Heartbeat,Bicie serca,,
5949,3,Tom V,Rozdział XLVII,Rzeczowniki,Sport,Skating,Łyżwiarstwo,,
5950,3,Tom V,Rozdział XLVII,Rzeczowniki,Sport,Marathon,Maraton,,
5951,3,Tom V,Rozdział XLVII,Rzeczowniki,Sport,Medal,Medal,,
5952,3,Tom V,Rozdział XLVII,Rzeczowniki,Sport,Medalist,Medalista,,
5953,3,Tom V,Rozdział XLVII,Rzeczowniki,Sport,Skis,Narty,,
5954,3,Tom V,Rozdział XLVII,Rzeczowniki,Sport,Championship,Mistrzostwa,,
5955,3,Tom V,Rozdział XLVII,Rzeczowniki,Sport,Nominee,Nominowany; kandydat,,
5956,3,Tom V,Rozdział XLVII,Rzeczowniki,Sport,Diving,Nurkowanie,,
5957,3,Tom V,Rozdział XLVII,Rzeczowniki,Sport,Defense,Obrona,,
5958,3,Tom V,Rozdział XLVII,Rzeczowniki,Sport,Pull-up,Podciąganie się podchwytem,,
5959,3,Tom V,Rozdział XLVII,Rzeczowniki,Sport,Hunting,Polowanie (aktywność sportowa),,
5960,3,Tom V,Rozdział XLVII,Rzeczowniki,Sport,Halftime,Połowa meczu,,
5961,3,Tom V,Rozdział XLVII,Rzeczowniki,Sport,Push-up,Pompka (ćwiczenie),,
5962,3,Tom V,Rozdział XLVII,Rzeczowniki,Sport,Replay,"Powtórka (np. Meczu, filmu, nagrania)",,
5963,3,Tom V,Rozdział XLVII,Rzeczowniki,Sport,Semifinal,Półfinał,,
5964,3,Tom V,Rozdział XLVII,Rzeczowniki,Społeczeństwo,Charity,Organizacja charytatywna,,
5965,3,Tom V,Rozdział XLVII,Rzeczowniki,Społeczeństwo,Patriot,Patriota,,
5966,3,Tom V,Rozdział XLVII,Rzeczowniki,Społeczeństwo,Presidency,Prezydentura,,
5967,3,Tom V,Rozdział XLVII,Rzeczowniki,Społeczeństwo,Restriction,Restrykcje,,
5968,3,Tom V,Rozdział XLVII,Rzeczowniki,Społeczeństwo,Variety,Różnorodność; odmiana,,
5969,3,Tom V,Rozdział XLVII,Rzeczowniki,Społeczeństwo,Ban,Zakaz,,
5970,3,Tom V,Rozdział XLVII,Rzeczowniki,Społeczeństwo,Prohibition,Prohibicja; zakaz,,
5971,3,Tom V,Rozdział XLVII,Rzeczowniki,Społeczeństwo,Legalization,Legalizacja,,
5972,3,Tom V,Rozdział XLVII,Rzeczowniki,Społeczeństwo,Lottery,Loteria,,
5973,3,Tom V,Rozdział XLVII,Rzeczowniki,Społeczeństwo,Reputation,Reputacja,,
5974,3,Tom V,Rozdział XLVII,Rzeczowniki,Społeczeństwo,Member of parliament (mp),Poseł,,
5975,3,Tom V,Rozdział XLVII,Rzeczowniki,Społeczeństwo,Senator,Senator,,
5976,3,Tom V,Rozdział XLVII,Rzeczowniki,Społeczeństwo,Integration,Integracja,,
5977,3,Tom V,Rozdział XLVII,Rzeczowniki,Społeczeństwo,Diplomacy,Dyplomacja,,
5978,3,Tom V,Rozdział XLVII,Rzeczowniki,Społeczeństwo,Diplomat,Dyplomata,,
5979,3,Tom V,Rozdział XLVII,Phrasale,Praca,Fill in sth,Wypełniać coś (np. Formularz),,
5980,3,Tom V,Rozdział XLVII,Phrasale,Praca,Hurry up,Pospieszyć się,,
5981,3,Tom V,Rozdział XLVII,Phrasale,Praca,Be off,Być nieobecnym w pracy,,
5982,3,Tom V,Rozdział XLVII,Phrasale,Praca,Stand in for sb,Zastąpić kogoś (w pracy),,
5983,3,Tom V,Rozdział XLVII,Phrasale,Praca,Keep on doing sth,Nie przestawać czegoś robić,,
5984,3,Tom V,Rozdział XLVII,Phrasale,Praca,Carry out sth,Wykonać coś,,
5985,3,Tom V,Rozdział XLVII,Phrasale,Praca,Sign up for,Zapisać się na,,
5986,3,Tom V,Rozdział XLVII,Phrasale,Praca,Get it on,Cisnąć z czymś; lecieć (z tematem),,
5987,3,Tom V,Rozdział XLVII,Phrasale,Praca,Be up to,Robić coś; porabiać coś,,
5988,3,Tom V,Rozdział XLVII,Phrasale,Praca,Get into,Zacząć coś robić,,
5989,3,Tom V,Rozdział XLVII,Czasowniki,Czasowniki 17,Represent,Reprezentować,,
5990,3,Tom V,Rozdział XLVII,Czasowniki,Czasowniki 17,Reserve,Rezerwować,,
5991,3,Tom V,Rozdział XLVII,Czasowniki,Czasowniki 17,Scan,Skanować,,
5992,3,Tom V,Rozdział XLVII,Czasowniki,Czasowniki 17,Shock,Szokować,,
5993,3,Tom V,Rozdział XLVII,Czasowniki,Czasowniki 17,Sort,Sortować; porządkować (sprawy),,
5994,3,Tom V,Rozdział XLVII,Czasowniki,Czasowniki 17,Specialize,Specjalizować się,,
5995,3,Tom V,Rozdział XLVII,Czasowniki,Czasowniki 17,Sponsor,Sponsorować,,
5996,3,Tom V,Rozdział XLVII,Czasowniki,Czasowniki 17,Surf,"Surfować (na falach, w sieci)",,
5997,3,Tom V,Rozdział XLVII,Czasowniki,Czasowniki 17,Activate,Aktywować,,
5998,3,Tom V,Rozdział XLVII,Czasowniki,Czasowniki 17,Alarm,Alarmować,,
5999,3,Tom V,Rozdział XLVII,Czasowniki,Czasowniki 17,Characterize,Charakteryzować; określać,,
6000,3,Tom V,Rozdział XLVII,Czasowniki,Czasowniki 17,Construct,Konstruować,,
6001,3,Tom V,Rozdział XLVII,Czasowniki,Czasowniki 17,Consult,Konsultować,,
6002,3,Tom V,Rozdział XLVII,Czasowniki,Czasowniki 17,Declare,Deklarować,,
6003,3,Tom V,Rozdział XLVII,Czasowniki,Czasowniki 17,Dedicate,Dedykować; poświęcać,,
6004,3,Tom V,Rozdział XLVII,Przymiotniki,Technologia,Handy,Przydatny; użyteczny,,
6005,3,Tom V,Rozdział XLVII,Przymiotniki,Technologia,Digital,Cyfrowy,,
6006,3,Tom V,Rozdział XLVII,Przymiotniki,Technologia,Audio,Dźwiękowy,,
6007,3,Tom V,Rozdział XLVII,Przymiotniki,Technologia,Electrical,Elektryczny,,
6008,3,Tom V,Rozdział XLVII,Przymiotniki,Technologia,Functional,Funkcjonalny,,
6009,3,Tom V,Rozdział XLVII,Przymiotniki,Technologia,Online,Internetowy,,
6010,3,Tom V,Rozdział XLVII,Przymiotniki,Technologia,User-friendly,Łatwy w użyciu,,
6011,3,Tom V,Rozdział XLVII,Przymiotniki,Technologia,Mobile,Mobilny,,
6012,3,Tom V,Rozdział XLVII,Przymiotniki,Technologia,Waterproof,Wodoodporny,,
6013,3,Tom V,Rozdział XLVII,Przymiotniki,Technologia,Modified,Zmodyfikowany,,
6014,3,Tom V,Rozdział XLVII,Przymiotniki,Technologia,Up-to-date,Na bieżąco,,
6015,3,Tom V,Rozdział XLVII,Przymiotniki,Technologia,Out-of-date,Nieaktualny; przestarzały,,
6016,3,Tom V,Rozdział XLVII,Przymiotniki,Technologia,Technical,Techniczny; specjalistyczny,,
6017,3,Tom V,Rozdział XLVII,Przymiotniki,Technologia,Mute,Niemy; wyciszony,,
6018,3,Tom V,Rozdział XLVII,Przymiotniki,Technologia,Default,Domyślny,,
6019,3,Tom V,Rozdział XLVII,Czasowniki,Czasowniki 18,Occur,Zdarzyc się; wystąpić,,
6020,3,Tom V,Rozdział XLVII,Czasowniki,Czasowniki 18,Prevent,Zapobiegać,,
6021,3,Tom V,Rozdział XLVII,Czasowniki,Czasowniki 18,Deserve,"Zasługiwać (należy się, ze względu na zachowanie)",,
6022,3,Tom V,Rozdział XLVII,Czasowniki,Czasowniki 18,Affect,Dotyczyć; wywierać wpływ; szkodzić,,
6023,3,Tom V,Rozdział XLVII,Czasowniki,Czasowniki 18,Appear,Ukazywać się; wydawać się,,
6024,3,Tom V,Rozdział XLVII,Czasowniki,Czasowniki 18,Cause,Powodować,,
6025,3,Tom V,Rozdział XLVII,Czasowniki,Czasowniki 18,Compose,Składać się na (stanowić coś z określonych części),,
6026,3,Tom V,Rozdział XLVII,Czasowniki,Czasowniki 18,Differ,Różnić się (od drugiej rzeczy); mieć inne zdanie,,
6027,3,Tom V,Rozdział XLVII,Czasowniki,Czasowniki 18,Enable,Umożliwiać (czemuś coś),,
6028,3,Tom V,Rozdział XLVII,Czasowniki,Czasowniki 18,Exist,Istnieć,,
6029,3,Tom V,Rozdział XLVII,Czasowniki,Czasowniki 18,Interact,Wchodzić w interakcje; wzajemnie oddziaływać na siebie,,
6030,3,Tom V,Rozdział XLVII,Czasowniki,Czasowniki 18,Invent,Wynajdować (wynalazek),,
6031,3,Tom V,Rozdział XLVII,Czasowniki,Czasowniki 18,Separate,Odseparować; oddzielić,,
6032,3,Tom V,Rozdział XLVII,Czasowniki,Czasowniki 18,Spread,Rozprzestrzeniać się; rozpowszechniać,,
6033,3,Tom V,Rozdział XLVII,Czasowniki,Czasowniki 18,Bear,Nosić coś; udźwignąć brzemię; znosić coś (ścierpieć),,
6034,3,Tom V,Rozdział XLVII,Rzeczowniki,Finanse,Currency,Waluta,,
6035,3,Tom V,Rozdział XLVII,Rzeczowniki,Finanse,Foreign currency,Waluta obca,,
6036,3,Tom V,Rozdział XLVII,Rzeczowniki,Finanse,Payment,Wpłata; płatność,,
6037,3,Tom V,Rozdział XLVII,Rzeczowniki,Finanse,Expense,Wydatek,,
6038,3,Tom V,Rozdział XLVII,Rzeczowniki,Finanse,Exchange,Wymiana (pieniędzy),,
6039,3,Tom V,Rozdział XLVII,Rzeczowniki,Finanse,Withdrawal,Wypłata (z konta),,
6040,3,Tom V,Rozdział XLVII,Rzeczowniki,Finanse,Refund,Zwrot pieniędzy,,
6041,3,Tom V,Rozdział XLVII,Rzeczowniki,Finanse,Income,Dochód,,
6042,3,Tom V,Rozdział XLVII,Rzeczowniki,Finanse,Installment,Rata,,
6043,3,Tom V,Rozdział XLVII,Rzeczowniki,Finanse,Profit,Zysk,,
6044,3,Tom V,Rozdział XLVII,Rzeczowniki,Finanse,Value,Wartość,,
6045,3,Tom V,Rozdział XLVII,Rzeczowniki,Finanse,Balance,Saldo,,
6046,3,Tom V,Rozdział XLVII,Rzeczowniki,Finanse,Livelihood,Źródło utrzymania,,
6047,3,Tom V,Rozdział XLVII,Rzeczowniki,Finanse,Bribe,Łapówka,,
6048,3,Tom V,Rozdział XLVII,Rzeczowniki,Finanse,Minimum wage,Płaca minimalna,,
6049,3,Tom V,Rozdział XLVII,Rzeczowniki,Unikać,Jealousy,Zazdrość (o kogoś),,
6050,3,Tom V,Rozdział XLVII,Rzeczowniki,Unikać,Drawback,Wada; niedogodność,,
6051,3,Tom V,Rozdział XLVII,Rzeczowniki,Unikać,Manipulation,Manipulacja,,
6052,3,Tom V,Rozdział XLVII,Rzeczowniki,Unikać,Complication,Komplikacja,,
6053,3,Tom V,Rozdział XLVII,Rzeczowniki,Unikać,Worry,Zmartwienie,,
6054,3,Tom V,Rozdział XLVII,Rzeczowniki,Unikać,Punishment,Kara,,
6055,3,Tom V,Rozdział XLVII,Rzeczowniki,Unikać,Danger,Niebezpieczeństwo,,
6056,3,Tom V,Rozdział XLVII,Rzeczowniki,Unikać,Chaos,Chaos,,
6057,3,Tom V,Rozdział XLVII,Rzeczowniki,Unikać,Embarrassment,Zakłopotanie,,
6058,3,Tom V,Rozdział XLVII,Rzeczowniki,Unikać,Confusion,Zamieszanie; zamęt,,
6059,3,Tom V,Rozdział XLVII,Rzeczowniki,Unikać,Evil,Zło,,
6060,3,Tom V,Rozdział XLVII,Rzeczowniki,Unikać,Stupidity,Głupota,,
6061,3,Tom V,Rozdział XLVII,Rzeczowniki,Unikać,Ignorance,Ignorancja; niewiedza,,
6062,3,Tom V,Rozdział XLVII,Rzeczowniki,Unikać,Injustice,Niesprawiedliwość,,
6063,3,Tom V,Rozdział XLVII,Rzeczowniki,Unikać,Weakness,Słabość; słaba strona,,
6064,3,Tom V,Rozdział XLVIII,Czasowniki,Niefajne,Terrify,Przerażać,,
6065,3,Tom V,Rozdział XLVIII,Czasowniki,Niefajne,Betray,Zdradzać,,
6066,3,Tom V,Rozdział XLVIII,Czasowniki,Niefajne,Frighten,Przestraszyć; przerazić,,
6067,3,Tom V,Rozdział XLVIII,Czasowniki,Niefajne,Blame,Winić,,
6068,3,Tom V,Rozdział XLVIII,Czasowniki,Niefajne,Insult,Obrażać,,
6069,3,Tom V,Rozdział XLVIII,Czasowniki,Niefajne,Interfere,Wtrącać się,,
6070,3,Tom V,Rozdział XLVIII,Czasowniki,Niefajne,Intimidate,Zastraszyć; onieśmielać,,
6071,3,Tom V,Rozdział XLVIII,Czasowniki,Niefajne,Offend,Obrazić; urazić,,
6072,3,Tom V,Rozdział XLVIII,Czasowniki,Niefajne,Submit,Podporządkować się,,
6073,3,Tom V,Rozdział XLVIII,Czasowniki,Niefajne,Threaten,Grozić,,
6074,3,Tom V,Rozdział XLVIII,Czasowniki,Niefajne,Abuse,Nadużywać,,
6075,3,Tom V,Rozdział XLVIII,Czasowniki,Niefajne,Anger,Rozzłościć; zdenerwować,,
6076,3,Tom V,Rozdział XLVIII,Czasowniki,Niefajne,Brag,Przechwalać się,,
6077,3,Tom V,Rozdział XLVIII,Czasowniki,Niefajne,Concern,Niepokoić się,,
6078,3,Tom V,Rozdział XLVIII,Czasowniki,Niefajne,Confuse,Dezorientować (kogoś),,
6079,3,Tom V,Rozdział XLVIII,Slang,Niefajne,Cock up,Spartaczyć coś,,
6080,3,Tom V,Rozdział XLVIII,Slang,Niefajne,Dodgy,Szemrany,,
6081,3,Tom V,Rozdział XLVIII,Slang,Niefajne,Drained,Wyprany z kasy,,
6082,3,Tom V,Rozdział XLVIII,Slang,Niefajne,Flunk,Oblać (np. Egzamin),,
6083,3,Tom V,Rozdział XLVIII,Slang,Niefajne,Get served,Zostać załatwionym (negatywnie),,
6084,3,Tom V,Rozdział XLVIII,Slang,Niefajne,Get stuffed,Wypchać się,,
6085,3,Tom V,Rozdział XLVIII,Slang,Niefajne,Go bananas,Zbzikować,,
6086,3,Tom V,Rozdział XLVIII,Slang,Niefajne,Go postal,Dostać świra,,
6087,3,Tom V,Rozdział XLVIII,Slang,Niefajne,Jack squat,Nic; bieda,,
6088,3,Tom V,Rozdział XLVIII,Slang,Niefajne,Salty,Wkurzony o drobiazg,,
6089,3,Tom V,Rozdział XLVIII,Przymiotniki,Wykonane z czegoś,Wooden,Drewniany,,
6090,3,Tom V,Rozdział XLVIII,Przymiotniki,Wykonane z czegoś,Metal,Metalowy,,
6091,3,Tom V,Rozdział XLVIII,Przymiotniki,Wykonane z czegoś,Paper,Papierowy,,
6092,3,Tom V,Rozdział XLVIII,Przymiotniki,Wykonane z czegoś,Plastic,Plastikowy,,
6093,3,Tom V,Rozdział XLVIII,Przymiotniki,Wykonane z czegoś,Silver,Srebrny,,
6094,3,Tom V,Rozdział XLVIII,Przymiotniki,Wykonane z czegoś,Glass,Szklany,,
6095,3,Tom V,Rozdział XLVIII,Przymiotniki,Wykonane z czegoś,Golden,Złoty,,
6096,3,Tom V,Rozdział XLVIII,Przymiotniki,Wykonane z czegoś,Bronze,Wykonany z brązu,,
6097,3,Tom V,Rozdział XLVIII,Przymiotniki,Wykonane z czegoś,Rubber,Gumowy; kauczukowy,,
6098,3,Tom V,Rozdział XLVIII,Przymiotniki,Wykonane z czegoś,Stone,Kamienny,,
6099,3,Tom V,Rozdział XLVIII,Przymiotniki,Wykonane z czegoś,Metallic,Metaliczny,,
6100,3,Tom V,Rozdział XLVIII,Przymiotniki,Wykonane z czegoś,Velvet,Aksamitny,,
6101,3,Tom V,Rozdział XLVIII,Przymiotniki,Wykonane z czegoś,Cotton,Bawełniany,,
6102,3,Tom V,Rozdział XLVIII,Przymiotniki,Wykonane z czegoś,Concrete,Betonowy,,
6103,3,Tom V,Rozdział XLVIII,Przymiotniki,Wykonane z czegoś,Steel,Stalowy,,
6104,3,Tom V,Rozdział XLVIII,Rzeczowniki,Nauki ścisłe,Difficulty,Trudność,,
6105,3,Tom V,Rozdział XLVIII,Rzeczowniki,Nauki ścisłe,Exponentiation,Potęgowanie,,
6106,3,Tom V,Rozdział XLVIII,Rzeczowniki,Nauki ścisłe,Criterion,Kryterium,,
6107,3,Tom V,Rozdział XLVIII,Rzeczowniki,Nauki ścisłe,Prototype,Prototyp,,
6108,3,Tom V,Rozdział XLVIII,Rzeczowniki,Nauki ścisłe,Sample,Próbka,,
6109,3,Tom V,Rozdział XLVIII,Rzeczowniki,Nauki ścisłe,Transition,Przemiana; przejście,,
6110,3,Tom V,Rozdział XLVIII,Rzeczowniki,Nauki ścisłe,Presumption,Przypuszczenie,,
6111,3,Tom V,Rozdział XLVIII,Rzeczowniki,Nauki ścisłe,Distinction,Rozróżnienie,,
6112,3,Tom V,Rozdział XLVIII,Rzeczowniki,Nauki ścisłe,Scheme,Schemat,,
6113,3,Tom V,Rozdział XLVIII,Rzeczowniki,Nauki ścisłe,Core,Sedno; rdzeń,,
6114,3,Tom V,Rozdział XLVIII,Rzeczowniki,Nauki ścisłe,Sequence,Sekwencja,,
6115,3,Tom V,Rozdział XLVIII,Rzeczowniki,Nauki ścisłe,Sum,Suma,,
6116,3,Tom V,Rozdział XLVIII,Rzeczowniki,Nauki ścisłe,Principle,Zasada,,
6117,3,Tom V,Rozdział XLVIII,Rzeczowniki,Nauki ścisłe,Theory,Teoria,,
6118,3,Tom V,Rozdział XLVIII,Rzeczowniki,Nauki ścisłe,Explanation,Wyjaśnienie; wytłumaczenie,,
6119,3,Tom V,Rozdział XLVIII,Spójniki,Spójniki 5,Neither,Żaden (z wymienionych),,
6120,3,Tom V,Rozdział XLVIII,Spójniki,Spójniki 5,Nevertheless,Niemniej jednak; pomimo tego,,
6121,3,Tom V,Rozdział XLVIII,Spójniki,Spójniki 5,On the contrary,Przeciwnie,,
6122,3,Tom V,Rozdział XLVIII,Spójniki,Spójniki 5,Otherwise,W przeciwnym wypadku,,
6123,3,Tom V,Rozdział XLVIII,Spójniki,Spójniki 5,Unless,Jeśli nie; chyba że (w zależności od kontekstu),,
6124,3,Tom V,Rozdział XLVIII,Spójniki,Spójniki 5,Unlike,W odróżnieniu,,
6125,3,Tom V,Rozdział XLVIII,Spójniki,Spójniki 5,Versus,Kontra,,
6126,3,Tom V,Rozdział XLVIII,Spójniki,Spójniki 5,Whether or not,Obojętnie czy; tak czy owak,,
6127,3,Tom V,Rozdział XLVIII,Spójniki,Spójniki 5,Aside from,Pomijając (np. Fakt),,
6128,3,Tom V,Rozdział XLVIII,Spójniki,Spójniki 5,In contrast to,W porównaniu do,,
6129,3,Tom V,Rozdział XLVIII,Czasowniki,Biznes,Direct,Kierować,,
6130,3,Tom V,Rozdział XLVIII,Czasowniki,Biznes,Dismiss,Zwolnić kogoś z pracy,,
6131,3,Tom V,Rozdział XLVIII,Czasowniki,Biznes,Grant,Przyznawać; udzielać (oficjalnie),,
6132,3,Tom V,Rozdział XLVIII,Czasowniki,Biznes,Execute,Wykonać,,
6133,3,Tom V,Rozdział XLVIII,Czasowniki,Biznes,Expand,Rozszerzać,,
6134,3,Tom V,Rozdział XLVIII,Czasowniki,Biznes,Launch,Wprowadzić na rynek; rozpocząć kampanię,,
6135,3,Tom V,Rozdział XLVIII,Czasowniki,Biznes,Permit,Zezwolić,,
6136,3,Tom V,Rozdział XLVIII,Czasowniki,Biznes,Punch,Odbić (kartę w pracy),,
6137,3,Tom V,Rozdział XLVIII,Czasowniki,Biznes,Rate,Oceniać (wg jakiejś skali); wyceniać,,
6138,3,Tom V,Rozdział XLVIII,Czasowniki,Biznes,Release,Wypuszczać na rynek,,
6139,3,Tom V,Rozdział XLVIII,Czasowniki,Biznes,Research,Prowadzić badania,,
6140,3,Tom V,Rozdział XLVIII,Czasowniki,Biznes,Certify,Poświadczać; certyfikować,,
6141,3,Tom V,Rozdział XLVIII,Czasowniki,Biznes,Operate,Funkcjonować; działać,,
6142,3,Tom V,Rozdział XLVIII,Czasowniki,Biznes,Innovate,Wprowadzać innowacje,,
6143,3,Tom V,Rozdział XLVIII,Czasowniki,Biznes,Reopen,Otworzyć ponownie,,
6144,3,Tom V,Rozdział XLVIII,Rzeczowniki,Miasto,Bakery,Piekarnia,,
6145,3,Tom V,Rozdział XLVIII,Rzeczowniki,Miasto,Sports shop,Sklep sportowy,,
6146,3,Tom V,Rozdział XLVIII,Rzeczowniki,Miasto,Grocery store,Sklep spożywczy,,
6147,3,Tom V,Rozdział XLVIII,Rzeczowniki,Miasto,Toy shop,Sklep z zabawkami,,
6148,3,Tom V,Rozdział XLVIII,Rzeczowniki,Miasto,Greengrocer's shop,Warzywniak,,
6149,3,Tom V,Rozdział XLVIII,Rzeczowniki,Miasto,Shopping trolley,Wózek na zakupy,,
6150,3,Tom V,Rozdział XLVIII,Rzeczowniki,Miasto,Hairdresser's salon,Zakład fryzjerski,,
6151,3,Tom V,Rozdział XLVIII,Rzeczowniki,Miasto,Currency exchange,Kantor,,
6152,3,Tom V,Rozdział XLVIII,Rzeczowniki,Miasto,Bookshop,Księgarnia,,
6153,3,Tom V,Rozdział XLVIII,Rzeczowniki,Miasto,Fairs,Targi; kiermasze,,
6154,3,Tom V,Rozdział XLVIII,Rzeczowniki,Miasto,Circus,Cyrk,,
6155,3,Tom V,Rozdział XLVIII,Rzeczowniki,Miasto,Infrastructure,Infrastruktura,,
6156,3,Tom V,Rozdział XLVIII,Rzeczowniki,Miasto,Parking meter,Parkomat,,
6157,3,Tom V,Rozdział XLVIII,Rzeczowniki,Miasto,Waiting room,Poczekalnia,,
6158,3,Tom V,Rozdział XLVIII,Rzeczowniki,Miasto,Car rental,Wypożyczalnia samochodów,,
6159,3,Tom V,Rozdział XLVIII,Rzeczowniki,Ubrania,Briefs,Slipy,,
6160,3,Tom V,Rozdział XLVIII,Rzeczowniki,Ubrania,Tuxedo,Smoking,,
6161,3,Tom V,Rozdział XLVIII,Rzeczowniki,Ubrania,Swimming suit,Strój kąpielowy,,
6162,3,Tom V,Rozdział XLVIII,Rzeczowniki,Ubrania,Robe,Suknia; szata,,
6163,3,Tom V,Rozdział XLVIII,Rzeczowniki,Ubrania,Bathrobe,Szlafrok,,
6164,3,Tom V,Rozdział XLVIII,Rzeczowniki,Ubrania,Fur coat,Futro (płaszcz),,
6165,3,Tom V,Rozdział XLVIII,Rzeczowniki,Ubrania,Turtleneck,Golf (rodzaj swetra),,
6166,3,Tom V,Rozdział XLVIII,Rzeczowniki,Ubrania,Collar,Kołnierz,,
6167,3,Tom V,Rozdział XLVIII,Rzeczowniki,Ubrania,Boot,Kozak (but),,
6168,3,Tom V,Rozdział XLVIII,Rzeczowniki,Ubrania,Leather jacket,Kurtka skórzana,,
6169,3,Tom V,Rozdział XLVIII,Rzeczowniki,Ubrania,Gym suit,Strój gimnastyczny,,
6170,3,Tom V,Rozdział XLVIII,Rzeczowniki,Ubrania,Zipper,Zamek błyskawiczny (suwak),,
6171,3,Tom V,Rozdział XLVIII,Rzeczowniki,Ubrania,Vest,Kamizelka,,
6172,3,Tom V,Rozdział XLVIII,Rzeczowniki,Ubrania,Costume,Kostium,,
6173,3,Tom V,Rozdział XLVIII,Rzeczowniki,Ubrania,Mask,Maska,,
6174,3,Tom V,Rozdział XLVIII,Przymiotniki,Unikać,Clumsy,Niezdarny,,
6175,3,Tom V,Rozdział XLVIII,Przymiotniki,Unikać,Creepy,Przyprawiający o gęsią skórkę; przerażający,,
6176,3,Tom V,Rozdział XLVIII,Przymiotniki,Unikać,Hideous,Ohydny; paskudny; straszny,,
6177,3,Tom V,Rozdział XLVIII,Przymiotniki,Unikać,Hateful,Pełen nienawiści,,
6178,3,Tom V,Rozdział XLVIII,Przymiotniki,Unikać,Quick-tempered,Porywczy; zapalczywy,,
6179,3,Tom V,Rozdział XLVIII,Przymiotniki,Unikać,Problematic,Problematyczny,,
6180,3,Tom V,Rozdział XLVIII,Przymiotniki,Unikać,Miserable,Przygnębiony; żałosny; nędzny,,
6181,3,Tom V,Rozdział XLVIII,Przymiotniki,Unikać,Bad-tempered,Skory do sporu; wybuchowy (człowiek),,
6182,3,Tom V,Rozdział XLVIII,Przymiotniki,Unikać,Hopeless,Beznadziejny,,
6183,3,Tom V,Rozdział XLVIII,Przymiotniki,Unikać,Brutal,Brutalny,,
6184,3,Tom V,Rozdział XLVIII,Przymiotniki,Unikać,Dull,Nieciekawy; nudny,,
6185,3,Tom V,Rozdział XLVIII,Przymiotniki,Unikać,Ridiculous,Niedorzeczny; śmieszny,,
6186,3,Tom V,Rozdział XLVIII,Przymiotniki,Unikać,Cruel,Okrutny; srogi,,
6187,3,Tom V,Rozdział XLVIII,Przymiotniki,Unikać,Harmful,Szkodliwy,,
6188,3,Tom V,Rozdział XLVIII,Przymiotniki,Unikać,Pathetic,Żałosny,,
6189,3,Tom V,Rozdział XLVIII,Czasowniki,Świat cyfrowy,Blink,Migać,,
6190,3,Tom V,Rozdział XLVIII,Czasowniki,Świat cyfrowy,Delete,Kasować,,
6191,3,Tom V,Rozdział XLVIII,Czasowniki,Świat cyfrowy,Record,Nagrać; utrwalać,,
6192,3,Tom V,Rozdział XLVIII,Czasowniki,Świat cyfrowy,Recover,"Odzyskiwać (coś, co zniknęło)",,
6193,3,Tom V,Rozdział XLVIII,Czasowniki,Świat cyfrowy,Register,Rejestrować,,
6194,3,Tom V,Rozdział XLVIII,Czasowniki,Świat cyfrowy,Submit,"Wysłać; składać (np. Aplikację, artykuł)",,
6195,3,Tom V,Rozdział XLVIII,Czasowniki,Świat cyfrowy,Boost,Doładować; wzmacniać,,
6196,3,Tom V,Rozdział XLVIII,Czasowniki,Świat cyfrowy,Broadcast,"Emitować; nadawać (np. Sygnał, audycje, program)",,
6197,3,Tom V,Rozdział XLVIII,Czasowniki,Świat cyfrowy,Browse,Przeglądać,,
6198,3,Tom V,Rozdział XLVIII,Czasowniki,Świat cyfrowy,Code,Kodować; programować,,
6199,3,Tom V,Rozdział XLVIII,Czasowniki,Świat cyfrowy,Design,Projektować,,
6200,3,Tom V,Rozdział XLVIII,Czasowniki,Świat cyfrowy,Equip,Wyposażyć,,
6201,3,Tom V,Rozdział XLVIII,Czasowniki,Świat cyfrowy,Process,Przetwarzać; procesować,,
6202,3,Tom V,Rozdział XLVIII,Czasowniki,Świat cyfrowy,Scroll,Scrollować; przewijać,,
6203,3,Tom V,Rozdział XLVIII,Czasowniki,Świat cyfrowy,Store,Przechowywać,,
6204,3,Tom V,Rozdział XLIX,Rzeczowniki,Biznes,Taxpayer,Podatnik,,
6205,3,Tom V,Rozdział XLIX,Rzeczowniki,Biznes,Supply,Podaż; dostawa,,
6206,3,Tom V,Rozdział XLIX,Rzeczowniki,Biznes,Forecast,Prognoza,,
6207,3,Tom V,Rozdział XLIX,Rzeczowniki,Biznes,Prognosis,Rokowanie,,
6208,3,Tom V,Rozdział XLIX,Rzeczowniki,Biznes,Enterprise,Przedsiębiorstwo,,
6209,3,Tom V,Rozdział XLIX,Rzeczowniki,Biznes,Takeover,Przejęcie (np. Firmy); zajęcie (np. Terenu),,
6210,3,Tom V,Rozdział XLIX,Rzeczowniki,Biznes,Recession,Recesja,,
6211,3,Tom V,Rozdział XLIX,Rzeczowniki,Biznes,Registration,Rejestracja,,
6212,3,Tom V,Rozdział XLIX,Rzeczowniki,Biznes,Complaint,Reklamacja; skarga,,
6213,3,Tom V,Rozdział XLIX,Rzeczowniki,Biznes,Reserve,Rezerwa (np. Finansowa),,
6214,3,Tom V,Rozdział XLIX,Rzeczowniki,Biznes,Claim,Roszczenie; żądanie,,
6215,3,Tom V,Rozdział XLIX,Rzeczowniki,Biznes,Inventory,Inwentaryzacja; spis,,
6216,3,Tom V,Rozdział XLIX,Rzeczowniki,Biznes,Transaction,Transakcja,,
6217,3,Tom V,Rozdział XLIX,Rzeczowniki,Biznes,Vice-president,Wiceprezydent; wiceprezes,,
6218,3,Tom V,Rozdział XLIX,Rzeczowniki,Biznes,Know-how,Wiedza praktyczna; know-how,,
6219,3,Tom V,Rozdział XLIX,Rzeczowniki,Sport,Time-out,Przerwa w meczu,,
6220,3,Tom V,Rozdział XLIX,Rzeczowniki,Sport,Squat,Przysiad (ćwiczenie),,
6221,3,Tom V,Rozdział XLIX,Rzeczowniki,Sport,Record,Rekord,,
6222,3,Tom V,Rozdział XLIX,Rzeczowniki,Sport,Draw,Remis,,
6223,3,Tom V,Rozdział XLIX,Rzeczowniki,Sport,Representation,Reprezentacja; przedstawicielstwo,,
6224,3,Tom V,Rozdział XLIX,Rzeczowniki,Sport,Warm-up,Rozgrzewka,,
6225,3,Tom V,Rozdział XLIX,Rzeczowniki,Sport,Movement,Ruch (przemieszczanie się),,
6226,3,Tom V,Rozdział XLIX,Rzeczowniki,Sport,Section,Sekcja,,
6227,3,Tom V,Rozdział XLIX,Rzeczowniki,Sport,Referee,Sędzia; arbiter,,
6228,3,Tom V,Rozdział XLIX,Rzeczowniki,Sport,Ski jumping,Skoki narciarskie,,
6229,3,Tom V,Rozdział XLIX,Rzeczowniki,Sport,Sportswoman,Sportowiec (kobieta),,
6230,3,Tom V,Rozdział XLIX,Rzeczowniki,Sport,Sportsman,Sportowiec (mężczyzna),,
6231,3,Tom V,Rozdział XLIX,Rzeczowniki,Sport,Fitness,Sprawność fizyczna,,
6232,3,Tom V,Rozdział XLIX,Rzeczowniki,Sport,Statistics,Statystyki,,
6233,3,Tom V,Rozdział XLIX,Rzeczowniki,Sport,Freestyle,Styl dowolny,,
6234,3,Tom V,Rozdział XLIX,Czasowniki,Czasowniki 19,Define,Definiować; określać,,
6235,3,Tom V,Rozdział XLIX,Czasowniki,Czasowniki 19,Deport,Deportować,,
6236,3,Tom V,Rozdział XLIX,Czasowniki,Czasowniki 19,Dominate,Dominować,,
6237,3,Tom V,Rozdział XLIX,Czasowniki,Czasowniki 19,Educate,Edukować; kształcić,,
6238,3,Tom V,Rozdział XLIX,Czasowniki,Czasowniki 19,Experiment,Eksperymentować,,
6239,3,Tom V,Rozdział XLIX,Czasowniki,Czasowniki 19,Figure,Figurować,,
6240,3,Tom V,Rozdział XLIX,Czasowniki,Czasowniki 19,Film,Filmować; kręcić,,
6241,3,Tom V,Rozdział XLIX,Czasowniki,Czasowniki 19,Finance,Finansować,,
6242,3,Tom V,Rozdział XLIX,Czasowniki,Czasowniki 19,Frustrate,Frustrować,,
6243,3,Tom V,Rozdział XLIX,Czasowniki,Czasowniki 19,Honor,Honorować,,
6244,3,Tom V,Rozdział XLIX,Czasowniki,Czasowniki 19,Initiate,"Inicjować (np. Protokoły, program)",,
6245,3,Tom V,Rozdział XLIX,Czasowniki,Czasowniki 19,Interest,Interesować; zaciekawić,,
6246,3,Tom V,Rozdział XLIX,Czasowniki,Czasowniki 19,Interpret,"Interpretować (treści, myśl)",,
6247,3,Tom V,Rozdział XLIX,Czasowniki,Czasowniki 19,Locate,Lokować; lokalizować,,
6248,3,Tom V,Rozdział XLIX,Czasowniki,Czasowniki 19,Masturbate,Masturbować się,,
6249,3,Tom V,Rozdział XLIX,Phrasale,Ruch abstrakcyjny,Give sth back,Przywrócić coś (np. Wolność),,
6250,3,Tom V,Rozdział XLIX,Phrasale,Ruch abstrakcyjny,Go through,Przejść przez coś; przebrnąć,,
6251,3,Tom V,Rozdział XLIX,Phrasale,Ruch abstrakcyjny,Keep away,"Trzymać się z daleka od (kogoś, czegoś)",,
6252,3,Tom V,Rozdział XLIX,Phrasale,Ruch abstrakcyjny,Show up,Pojawić się (o osobie),,
6253,3,Tom V,Rozdział XLIX,Phrasale,Ruch abstrakcyjny,Leave behind,Zostawić,,
6254,3,Tom V,Rozdział XLIX,Phrasale,Ruch abstrakcyjny,Let out,Wypuszczać,,
6255,3,Tom V,Rozdział XLIX,Phrasale,Ruch abstrakcyjny,Turn up,Zjawić się,,
6256,3,Tom V,Rozdział XLIX,Phrasale,Ruch abstrakcyjny,Stick to sth,Poprzestawać na czymś; trzymać się czegoś,,
6257,3,Tom V,Rozdział XLIX,Phrasale,Ruch abstrakcyjny,Come out,Ukazać się; pojawić się,,
6258,3,Tom V,Rozdział XLIX,Phrasale,Ruch abstrakcyjny,Keep off,Trzymać się z dala (nie być na czymś),,
6259,3,Tom V,Rozdział XLIX,Przymiotniki,Przymiotniki 21,Basic,Podstawowy (niezłożony),,
6260,3,Tom V,Rozdział XLIX,Przymiotniki,Przymiotniki 21,Various,Różny,,
6261,3,Tom V,Rozdział XLIX,Przymiotniki,Przymiotniki 21,Actual,Rzeczywisty,,
6262,3,Tom V,Rozdział XLIX,Przymiotniki,Przymiotniki 21,Intermediate,Średniozaawansowany; średni (poziom),,
6263,3,Tom V,Rozdział XLIX,Przymiotniki,Przymiotniki 21,So-called,Tak zwany; rzekomy,,
6264,3,Tom V,Rozdział XLIX,Przymiotniki,Przymiotniki 21,Hidden,Ukryty,,
6265,3,Tom V,Rozdział XLIX,Przymiotniki,Przymiotniki 21,Advanced,Zaawansowany (poziom),,
6266,3,Tom V,Rozdział XLIX,Przymiotniki,Przymiotniki 21,Unlike,Niepodobny; inny,,
6267,3,Tom V,Rozdział XLIX,Przymiotniki,Przymiotniki 21,Odd,Nieparzysty,,
6268,3,Tom V,Rozdział XLIX,Przymiotniki,Przymiotniki 21,Vain,Próżny; daremny,,
6269,3,Tom V,Rozdział XLIX,Przymiotniki,Przymiotniki 21,Contrary,Przeciwstawny; przeciwny; sprzeczny,,
6270,3,Tom V,Rozdział XLIX,Przymiotniki,Przymiotniki 21,Favorable,Sprzyjający; korzystny,,
6271,3,Tom V,Rozdział XLIX,Przymiotniki,Przymiotniki 21,Secret,Tajny; ukryty; sekretny,,
6272,3,Tom V,Rozdział XLIX,Przymiotniki,Przymiotniki 21,Spiritual,Duchowy; duchowny,,
6273,3,Tom V,Rozdział XLIX,Przymiotniki,Przymiotniki 21,Certain,Pewien (jakiś),,
6274,3,Tom V,Rozdział XLIX,Skróty,Komunikacja,Fw,Prześlij dalej (skrót),,
6275,3,Tom V,Rozdział XLIX,Skróty,Komunikacja,Lmgtfy,"Pozwól, że ci to wygoogluję (skrót)",,
6276,3,Tom V,Rozdział XLIX,Skróty,Komunikacja,Re,Odp.,,
6277,3,Tom V,Rozdział XLIX,Skróty,Komunikacja,Smh,"Kręcić głową (z niedowierzaniem, dezaprobatą) (skrót)",,
6278,3,Tom V,Rozdział XLIX,Skróty,Komunikacja,Srsly,Serio (skrót),,
6279,3,Tom V,Rozdział XLIX,Skróty,Komunikacja,Tldr,"Zbyt długie, nie czytałem (skrót)",,
6280,3,Tom V,Rozdział XLIX,Skróty,Komunikacja,Asl,"Wiek, płeć, miejsce zamieszkania (skrót)",,
6281,3,Tom V,Rozdział XLIX,Skróty,Komunikacja,Rel,Mam tak samo (skrót),,
6282,3,Tom V,Rozdział XLIX,Skróty,Komunikacja,Imho,Szczerze powiedziawszy (skrót),,
6283,3,Tom V,Rozdział XLIX,Skróty,Komunikacja,Rofl,Tarzać się po podłodze ze śmiechu (skrót),,
6284,3,Tom V,Rozdział XLIX,Rzeczowniki,Nauki ścisłe,Thesis,Teza,,
6285,3,Tom V,Rozdział XLIX,Rzeczowniki,Nauki ścisłe,Transformation,Transformacja; przemiana,,
6286,3,Tom V,Rozdział XLIX,Rzeczowniki,Nauki ścisłe,Variation,Wariacja; odmiana; odchylenie,,
6287,3,Tom V,Rozdział XLIX,Rzeczowniki,Nauki ścisłe,Verification,Weryfikacja;potwierdzenie,,
6288,3,Tom V,Rozdział XLIX,Rzeczowniki,Nauki ścisłe,Conclusion,Wniosek,,
6289,3,Tom V,Rozdział XLIX,Rzeczowniki,Nauki ścisłe,Assumption,Założenie,,
6290,3,Tom V,Rozdział XLIX,Rzeczowniki,Nauki ścisłe,Inquiry,Zapytanie,,
6291,3,Tom V,Rozdział XLIX,Rzeczowniki,Nauki ścisłe,Analysis,Analiza,,
6292,3,Tom V,Rozdział XLIX,Rzeczowniki,Nauki ścisłe,Experiment,Eksperyment,,
6293,3,Tom V,Rozdział XLIX,Rzeczowniki,Nauki ścisłe,Evolution,Ewolucja,,
6294,3,Tom V,Rozdział XLIX,Rzeczowniki,Nauki ścisłe,Structure,Struktura,,
6295,3,Tom V,Rozdział XLIX,Rzeczowniki,Nauki ścisłe,Inspection,Inspekcja,,
6296,3,Tom V,Rozdział XLIX,Rzeczowniki,Nauki ścisłe,Simulation,Symulacja,,
6297,3,Tom V,Rozdział XLIX,Rzeczowniki,Nauki ścisłe,Angle,Kąt,,
6298,3,Tom V,Rozdział XLIX,Rzeczowniki,Nauki ścisłe,Mass,Masa,,
6299,3,Tom V,Rozdział XLIX,Rzeczowniki,Biznes,Pointer,Wskazówka; wskaźnik,,
6300,3,Tom V,Rozdział XLIX,Rzeczowniki,Biznes,Indicator,Wskaźnik; kierunkowskaz,,
6301,3,Tom V,Rozdział XLIX,Rzeczowniki,Biznes,Co-founder,Współzałożyciel,,
6302,3,Tom V,Rozdział XLIX,Rzeczowniki,Biznes,Growth,Wzrost,,
6303,3,Tom V,Rozdział XLIX,Rzeczowniki,Biznes,Delivery,Dostawa,,
6304,3,Tom V,Rozdział XLIX,Rzeczowniki,Biznes,Label,Etykieta,,
6305,3,Tom V,Rozdział XLIX,Rzeczowniki,Biznes,Tag,Metka,,
6306,3,Tom V,Rozdział XLIX,Rzeczowniki,Biznes,Invoice,Faktura,,
6307,3,Tom V,Rozdział XLIX,Rzeczowniki,Biznes,Guarantee,Gwarancja,,
6308,3,Tom V,Rozdział XLIX,Rzeczowniki,Biznes,Inflation,Inflacja,,
6309,3,Tom V,Rozdział XLIX,Rzeczowniki,Biznes,Initiative,Inicjatywa,,
6310,3,Tom V,Rozdział XLIX,Rzeczowniki,Biznes,Investor,Inwestor,,
6311,3,Tom V,Rozdział XLIX,Rzeczowniki,Biznes,Investment,Inwestycja,,
6312,3,Tom V,Rozdział XLIX,Rzeczowniki,Biznes,Cash register,Kasa fiskalna,,
6313,3,Tom V,Rozdział XLIX,Rzeczowniki,Biznes,Catalog,Katalog,,
6314,3,Tom V,Rozdział XLIX,Rzeczowniki,Sport,Scoreboard,Tablica wyników,,
6315,3,Tom V,Rozdział XLIX,Rzeczowniki,Sport,Technique,Technika,,
6316,3,Tom V,Rozdział XLIX,Rzeczowniki,Sport,Triathlon,Triatlon,,
6317,3,Tom V,Rozdział XLIX,Rzeczowniki,Sport,Tournament,Turniej,,
6318,3,Tom V,Rozdział XLIX,Rzeczowniki,Sport,Fishing rod,Wędka,,
6319,3,Tom V,Rozdział XLIX,Rzeczowniki,Sport,Fishing,Wędkarstwo,,
6320,3,Tom V,Rozdział XLIX,Rzeczowniki,Sport,Hiking,Wędrowanie; wędrówka,,
6321,3,Tom V,Rozdział XLIX,Rzeczowniki,Sport,Climbing,Wspinaczka,,
6322,3,Tom V,Rozdział XLIX,Rzeczowniki,Sport,Win,Wygrana,,
6323,3,Tom V,Rozdział XLIX,Rzeczowniki,Sport,Equipment,Wyposażenie; sprzęt,,
6324,3,Tom V,Rozdział XLIX,Rzeczowniki,Sport,Racing,Wyścigi,,
6325,3,Tom V,Rozdział XLIX,Rzeczowniki,Sport,Bet,Zakład (o coś),,
6326,3,Tom V,Rozdział XLIX,Rzeczowniki,Sport,Boxing,Boks,,
6327,3,Tom V,Rozdział XLIX,Rzeczowniki,Sport,Discipline,Dyscyplina,,
6328,3,Tom V,Rozdział XLIX,Rzeczowniki,Sport,Golf,Golf,,
6329,3,Tom V,Rozdział XLIX,Rzeczowniki,Biznes,Corporation,Korporacja,,
6330,3,Tom V,Rozdział XLIX,Rzeczowniki,Biznes,Warehouse,Magazyn,,
6331,3,Tom V,Rozdział XLIX,Rzeczowniki,Biznes,Assessment,Ocena; oszacowanie,,
6332,3,Tom V,Rozdział XLIX,Rzeczowniki,Biznes,Receipt,Paragon; pokwitowanie,,
6333,3,Tom V,Rozdział XLIX,Rzeczowniki,Biznes,Fake,Podróbka,,
6334,3,Tom V,Rozdział XLIX,Rzeczowniki,Biznes,Demand,Popyt,,
6335,3,Tom V,Rozdział XLIX,Rzeczowniki,Biznes,Permission,Pozwolenie,,
6336,3,Tom V,Rozdział XLIX,Rzeczowniki,Biznes,Copyright,Prawo autorskie,,
6337,3,Tom V,Rozdział XLIX,Rzeczowniki,Biznes,Priority,Priorytet; pierwszeństwo,,
6338,3,Tom V,Rozdział XLIX,Rzeczowniki,Biznes,Protocol,Protokół,,
6339,3,Tom V,Rozdział XLIX,Rzeczowniki,Biznes,Partnership,Spółka,,
6340,3,Tom V,Rozdział XLIX,Rzeczowniki,Biznes,Sales,Sprzedaż,,
6341,3,Tom V,Rozdział XLIX,Rzeczowniki,Biznes,Start-up,Start-up,,
6342,3,Tom V,Rozdział XLIX,Rzeczowniki,Biznes,Sponsorship,Sponsoring,,
6343,3,Tom V,Rozdział XLIX,Rzeczowniki,Biznes,Sponsor,Sponsor,,
6344,3,Tom V,Rozdział L,Phrasale,Ruch abstrakcyjny,Keep up with,Nadążać (np. Za kimś),,
6345,3,Tom V,Rozdział L,Phrasale,Ruch abstrakcyjny,Lead up to,Prowadzić do,,
6346,3,Tom V,Rozdział L,Phrasale,Ruch abstrakcyjny,Stay off,Unikać; trzymać się z dala (np. Tematu),,
6347,3,Tom V,Rozdział L,Phrasale,Ruch abstrakcyjny,Put aside,Odkładać na bok (nieporozumienia),,
6348,3,Tom V,Rozdział L,Phrasale,Ruch abstrakcyjny,Come out,"Wychodzić (np. Na jaw, na zdjęciu)",,
6349,3,Tom V,Rozdział L,Phrasale,Ruch abstrakcyjny,Come up,Nadarzyć się (np. Okazja),,
6350,3,Tom V,Rozdział L,Phrasale,Ruch abstrakcyjny,Point to,Wskazywać; kierować,,
6351,3,Tom V,Rozdział L,Phrasale,Ruch abstrakcyjny,Come up,Wypaść (coś mi wypadło),,
6352,3,Tom V,Rozdział L,Phrasale,Ruch abstrakcyjny,Go under,Iść pod (pasować; mieścić się),,
6353,3,Tom V,Rozdział L,Phrasale,Ruch abstrakcyjny,Block sth off,Zastawiać coś; tarasować coś,,
6354,3,Tom V,Rozdział L,Czasowniki,Czasowniki 20,Dismiss,Odprawiać; oddalać,,
6355,3,Tom V,Rozdział L,Czasowniki,Czasowniki 20,Establish,"Stworzyć; założyć (firmę, posterunek)",,
6356,3,Tom V,Rozdział L,Czasowniki,Czasowniki 20,Exclude,Wykluczać,,
6357,3,Tom V,Rozdział L,Czasowniki,Czasowniki 20,Explore,Zgłębiać; badać,,
6358,3,Tom V,Rozdział L,Czasowniki,Czasowniki 20,Impact,Wpływać na (zostawić trwały ślad),,
6359,3,Tom V,Rozdział L,Czasowniki,Czasowniki 20,Indicate,Wskazywać (na),,
6360,3,Tom V,Rozdział L,Czasowniki,Czasowniki 20,Influence,"Wpływać na (kogoś, coś)",,
6361,3,Tom V,Rozdział L,Czasowniki,Czasowniki 20,Ought to,Powinien,,
6362,3,Tom V,Rozdział L,Czasowniki,Czasowniki 20,Pose,Stanowić (zagrożenie); stawiać (pytanie),,
6363,3,Tom V,Rozdział L,Czasowniki,Czasowniki 20,Shape,Kształtować,,
6364,3,Tom V,Rozdział L,Czasowniki,Czasowniki 20,Vary,Różnić się,,
6365,3,Tom V,Rozdział L,Czasowniki,Czasowniki 20,Aim,Celować; dążyć do czegoś,,
6366,3,Tom V,Rozdział L,Czasowniki,Czasowniki 20,Attempt,Usiłować; podjąć próbę,,
6367,3,Tom V,Rozdział L,Czasowniki,Czasowniki 20,Face,Stawiać czoło,,
6368,3,Tom V,Rozdział L,Czasowniki,Czasowniki 20,Surround,Otaczać,,
6369,3,Tom V,Rozdział L,Przymiotniki,Przymiotniki 22,Express,Ekspresowy,,
6370,3,Tom V,Rozdział L,Przymiotniki,Przymiotniki 22,Electronic,Elektroniczny,,
6371,3,Tom V,Rozdział L,Przymiotniki,Przymiotniki 22,Erotic,Erotyczny,,
6372,3,Tom V,Rozdział L,Przymiotniki,Przymiotniki 22,Fortunate,Fortunny,,
6373,3,Tom V,Rozdział L,Przymiotniki,Przymiotniki 22,Geographic,Geograficzny,,
6374,3,Tom V,Rozdział L,Przymiotniki,Przymiotniki 22,Historical,Historyczny,,
6375,3,Tom V,Rozdział L,Przymiotniki,Przymiotniki 22,Inspiring,Inspirujący,,
6376,3,Tom V,Rozdział L,Przymiotniki,Przymiotniki 22,Intensive,Intensywny,,
6377,3,Tom V,Rozdział L,Przymiotniki,Przymiotniki 22,Criminal,Kryminalny,,
6378,3,Tom V,Rozdział L,Przymiotniki,Przymiotniki 22,Legendary,Legendarny,,
6379,3,Tom V,Rozdział L,Przymiotniki,Przymiotniki 22,Lesbian,Lesbijski,,
6380,3,Tom V,Rozdział L,Przymiotniki,Przymiotniki 22,Medical,Medyczny,,
6381,3,Tom V,Rozdział L,Przymiotniki,Przymiotniki 22,Olympic,Olimpijski,,
6382,3,Tom V,Rozdział L,Przymiotniki,Przymiotniki 22,Permanent,Permanentny; stały,,
6383,3,Tom V,Rozdział L,Przymiotniki,Przymiotniki 22,Precise,Precyzyjny,,
6384,3,Tom V,Rozdział L,Przysłówki,Mile widziane,Honestly,Uczciwie; szczerze,,
6385,3,Tom V,Rozdział L,Przysłówki,Mile widziane,Correctly,Poprawnie; słusznie,,
6386,3,Tom V,Rozdział L,Przysłówki,Mile widziane,Eagerly,Gorliwie; niecierpliwie,,
6387,3,Tom V,Rozdział L,Przysłówki,Mile widziane,Fluently,Płynnie,,
6388,3,Tom V,Rozdział L,Przysłówki,Mile widziane,Faithfully,Lojalnie; wiernie,,
6389,3,Tom V,Rozdział L,Przysłówki,Mile widziane,Effectively,Efektywnie,,
6390,3,Tom V,Rozdział L,Przysłówki,Mile widziane,Perfectly,Doskonale,,
6391,3,Tom V,Rozdział L,Przysłówki,Mile widziane,Sincerely,Szczerze,,
6392,3,Tom V,Rozdział L,Przysłówki,Mile widziane,Happily,Szczęśliwie,,
6393,3,Tom V,Rozdział L,Przysłówki,Mile widziane,Patiently,Cierpliwie,,
6394,3,Tom V,Rozdział L,Przysłówki,Mile widziane,Politely,Uprzejmie; grzecznie,,
6395,3,Tom V,Rozdział L,Przysłówki,Mile widziane,Responsibly,Odpowiedzialnie,,
6396,3,Tom V,Rozdział L,Przysłówki,Mile widziane,Ideally,Idealnie,,
6397,3,Tom V,Rozdział L,Przysłówki,Mile widziane,Smoothly,Gładko; bez zakłóceń,,
6398,3,Tom V,Rozdział L,Przysłówki,Mile widziane,Successfully,Pomyślnie,,
6399,3,Tom V,Rozdział L,Slang,Niefajne,Trash,Gdy coś lub ktoś jest bez klasy lub smaku; chłam,,
6400,3,Tom V,Rozdział L,Slang,Niefajne,Vid,Wirus covid-19,,
6401,3,Tom V,Rozdział L,Slang,Niefajne,Zero chill,"Gdy ktoś przesadza, nie panuje nad sobą I jest sztywny",,
6402,3,Tom V,Rozdział L,Slang,Niefajne,Go nuts,Zwariować,,
6403,3,Tom V,Rozdział L,Slang,Niefajne,Trippin',Świrować,,
6404,3,Tom V,Rozdział L,Slang,Niefajne,Busted,Złapany na gorącym uczynku; wpadłeś,,
6405,3,Tom V,Rozdział L,Slang,Niefajne,Red-flag,Czerwone światło (masz stopera),,
6406,3,Tom V,Rozdział L,Slang,Niefajne,Shady,Podejrzany,,
6407,3,Tom V,Rozdział L,Slang,Niefajne,Sellout,Sprzedawczyk,,
6408,3,Tom V,Rozdział L,Slang,Niefajne,All talk,Mocny w gębie,,
6409,3,Tom V,Rozdział L,Przysłówki,Przysłówki 4,In a moment,Za chwilę,,
6410,3,Tom V,Rozdział L,Przysłówki,Przysłówki 4,In a second,Za sekundkę,,
6411,3,Tom V,Rozdział L,Przysłówki,Przysłówki 4,By the way,Apropos,,
6412,3,Tom V,Rozdział L,Przysłówki,Przysłówki 4,For sure,Z pewnością; spoko,,
6413,3,Tom V,Rozdział L,Przysłówki,Przysłówki 4,Absolutely,Jak najbardziej; absolutnie,,
6414,3,Tom V,Rozdział L,Przysłówki,Przysłówki 4,Once and for all,Raz na zawsze,,
6415,3,Tom V,Rozdział L,Przysłówki,Przysłówki 4,By the dozen,W dużej ilości; na tuziny,,
6416,3,Tom V,Rozdział L,Przysłówki,Przysłówki 4,Right on time,Dokładnie na czas,,
6417,3,Tom V,Rozdział L,Przysłówki,Przysłówki 4,Bumper-to-bumper,Zderzak w zderzak,,
6418,3,Tom V,Rozdział L,Przysłówki,Przysłówki 4,Arm-in-arm,Ramię w ramię,,
6419,3,Tom V,Rozdział L,Przysłówki,Przysłówki 4,Fortunately,Na szczęście,,
6420,3,Tom V,Rozdział L,Przysłówki,Przysłówki 4,Hand-in-hand,Ręka w rękę; pod rękę,,
6421,3,Tom V,Rozdział L,Przysłówki,Przysłówki 4,Spot on,Dokładnie; bezbłędnie,,
6422,3,Tom V,Rozdział L,Przysłówki,Przysłówki 4,Unfortunately,Nieszczęśliwie; niestety,,
6423,3,Tom V,Rozdział L,Przysłówki,Przysłówki 4,Every now and then,Raz po raz,,
6424,3,Tom V,Rozdział L,Skróty,Kontrakcje,Gotta,Musieć (slang),,
6425,3,Tom V,Rozdział L,Skróty,Kontrakcje,I'mma,Zamierzam (slang),,
6426,3,Tom V,Rozdział L,Skróty,Kontrakcje,Innit,C'nie (o rzeczach w zdaniach o teraźniejszości),,
6427,3,Tom V,Rozdział L,Skróty,Kontrakcje,Lemme,Daj mi (np. Coś sprawdzić) (slang),,
6428,3,Tom V,Rozdział L,Skróty,Kontrakcje,Outta,Z (jakiegoś miejsca); brak czegoś (slang),,
6429,3,Tom V,Rozdział L,Skróty,Kontrakcje,Shoulda,Powinien był; powinno było (slang),,
6430,3,Tom V,Rozdział L,Skróty,Kontrakcje,Sorta,Trochę jak; w pewnym sensie (slang),,
6431,3,Tom V,Rozdział L,Skróty,Kontrakcje,Whatcha,Co tam (w pytaniach) (slang),,
6432,3,Tom V,Rozdział L,Skróty,Kontrakcje,Finna,Zamierzać; przygotowywać się (slang),,
6433,3,Tom V,Rozdział L,Skróty,Kontrakcje,Wontcha,C'nie (o drugim rozmówcy w zdaniach o przyszłości),,
6434,3,Tom V,Rozdział L,Przymiotniki,Przymiotniki 23,Premium,Premium,,
6435,3,Tom V,Rozdział L,Przymiotniki,Przymiotniki 23,Regional,Regionalny,,
6436,3,Tom V,Rozdział L,Przymiotniki,Przymiotniki 23,Sexual,Seksualny,,
6437,3,Tom V,Rozdział L,Przymiotniki,Przymiotniki 23,Standard,Standardowy; wzorcowy,,
6438,3,Tom V,Rozdział L,Przymiotniki,Przymiotniki 23,Tragic,Tragiczny,,
6439,3,Tom V,Rozdział L,Przymiotniki,Przymiotniki 23,Vegetarian,Wegetariański,,
6440,3,Tom V,Rozdział L,Przymiotniki,Przymiotniki 23,Organized,Zorganizowany,,
6441,3,Tom V,Rozdział L,Przymiotniki,Przymiotniki 23,Final,Finalny; ostateczny,,
6442,3,Tom V,Rozdział L,Przymiotniki,Przymiotniki 23,Limited,Limitowany; ograniczony,,
6443,3,Tom V,Rozdział L,Przymiotniki,Przymiotniki 23,Practical,Praktyczny,,
6444,3,Tom V,Rozdział L,Przymiotniki,Przymiotniki 23,Frustrating,Frustrujący; denerwujący,,
6445,3,Tom V,Rozdział L,Przymiotniki,Przymiotniki 23,Characteristic,Charakterystyczny; typowy,,
6446,3,Tom V,Rozdział L,Przymiotniki,Przymiotniki 23,Musical,Muzyczny; muzykalny,,
6447,3,Tom V,Rozdział L,Przymiotniki,Przymiotniki 23,Motivational,Motywacyjny,,
6448,3,Tom V,Rozdział L,Przymiotniki,Przymiotniki 23,Absurd,Absurdalny,,
6449,4,Tom V,Rozdział L,Rzeczowniki,Dziecko,Babyhood,Okres niemowlęcy,,
6450,4,Tom V,Rozdział L,Rzeczowniki,Dziecko,Offspring,Potomstwo,,
6451,4,Tom V,Rozdział L,Rzeczowniki,Dziecko,Foster child,Przybrane dziecko,,
6452,4,Tom V,Rozdział L,Rzeczowniki,Dziecko,Child development,Rozwój dziecka,,
6453,4,Tom V,Rozdział L,Rzeczowniki,Dziecko,Pacifier,Smoczek,,
6454,4,Tom V,Rozdział L,Rzeczowniki,Dziecko,Tot,Szkrab; brzdąc,,
6455,4,Tom V,Rozdział L,Rzeczowniki,Dziecko,Bib,Śliniaczek,,
6456,4,Tom V,Rozdział L,Rzeczowniki,Dziecko,Premature baby,Wcześniak,,
6457,4,Tom V,Rozdział L,Rzeczowniki,Dziecko,Stroller,Wózek dziecięcy,,
6458,4,Tom V,Rozdział L,Rzeczowniki,Dziecko,Upbringing,Wychowanie,,
6459,4,Tom V,Rozdział L,Rzeczowniki,Dziecko,Adoption,Adopcja,,
6460,4,Tom V,Rozdział L,Rzeczowniki,Dziecko,Nursery,Żłobek,,
6461,4,Tom V,Rozdział L,Rzeczowniki,Dziecko,Labor pains,Bóle porodowe,,
6462,4,Tom V,Rozdział L,Rzeczowniki,Dziecko,Quadruplets,Czworaczki,,
6463,4,Tom V,Rozdział L,Rzeczowniki,Dziecko,Puberty,Dojrzałość (płciowa); dojrzewanie,,
6464,3,Tom V,Rozdział L,Czasowniki,Niefajne,Confuse,Wziąć coś za coś innego,,
6465,3,Tom V,Rozdział L,Czasowniki,Niefajne,Faint,Mdleć,,
6466,3,Tom V,Rozdział L,Czasowniki,Niefajne,Fake,Pozorować; udawać,,
6467,3,Tom V,Rozdział L,Czasowniki,Niefajne,Fool,Nabrać (kogoś),,
6468,3,Tom V,Rozdział L,Czasowniki,Niefajne,Freeze,Oniemieć; zamierać,,
6469,3,Tom V,Rozdział L,Czasowniki,Niefajne,Moan,Jęczeć,,
6470,3,Tom V,Rozdział L,Czasowniki,Niefajne,Mock,Kpić; przedrzeźniać; wyśmiewać,,
6471,3,Tom V,Rozdział L,Czasowniki,Niefajne,Spoil,Zepsuć (zmarnować np. Jedzenie),,
6472,3,Tom V,Rozdział L,Czasowniki,Niefajne,Trick,Oszukać kogoś w podstępny sposób,,
6473,3,Tom V,Rozdział L,Czasowniki,Niefajne,Worsen,Pogarszać,,
6474,3,Tom V,Rozdział L,Czasowniki,Niefajne,Yell,Wrzeszczeć; wznosić okrzyk,,
6475,3,Tom V,Rozdział L,Czasowniki,Niefajne,Harm,Szkodzić; robić krzywdę,,
6476,3,Tom V,Rozdział L,Czasowniki,Niefajne,Underestimate,Nie doceniać; lekceważyć,,
6477,3,Tom V,Rozdział L,Czasowniki,Niefajne,Trap,Złapać kogoś w pułapkę,,
6478,3,Tom V,Rozdział L,Czasowniki,Niefajne,Neglect,Zaniedbać,,
6479,3,Tom VI,Rozdział LI,Przymiotniki,Biznes,Full-time,Pełnoetatowy,,
6480,3,Tom VI,Rozdział LI,Przymiotniki,Biznes,Senior,"Starszy (na stanowisku, w rodzinie)",,
6481,3,Tom VI,Rozdział LI,Przymiotniki,Biznes,Brand-new,Prosto z półki (nowy),,
6482,3,Tom VI,Rozdział LI,Przymiotniki,Biznes,Valuable,Wartościowy; cenny,,
6483,3,Tom VI,Rozdział LI,Przymiotniki,Biznes,Own,Własny,,
6484,3,Tom VI,Rozdział LI,Przymiotniki,Biznes,Skilled,Posiadający umiejętności,,
6485,3,Tom VI,Rozdział LI,Przymiotniki,Biznes,Certified,Certyfikowany,,
6486,3,Tom VI,Rozdział LI,Przymiotniki,Biznes,Pricey,Drogi (kosztujący zbyt dużo),,
6487,3,Tom VI,Rozdział LI,Przymiotniki,Biznes,Economical,Ekonomiczny (tani),,
6488,3,Tom VI,Rozdział LI,Przymiotniki,Biznes,Commercial,Komercyjny; handlowy,,
6489,3,Tom VI,Rozdział LI,Przymiotniki,Biznes,Large-scale,Na dużą skalę,,
6490,3,Tom VI,Rozdział LI,Przymiotniki,Biznes,Inefficient,Niewydajny,,
6491,3,Tom VI,Rozdział LI,Przymiotniki,Biznes,Self-employed,Samozatrudniony,,
6492,3,Tom VI,Rozdział LI,Przymiotniki,Biznes,Tax-free,Wolny od podatku; nieopodatkowany,,
6493,3,Tom VI,Rozdział LI,Przymiotniki,Biznes,Efficient,Wydajny; skuteczny,,
6494,3,Tom VI,Rozdział LI,Przysłówki,Człowiek,Alone,W pojedynkę,,
6495,3,Tom VI,Rozdział LI,Przysłówki,Człowiek,Aloud,Na głos; głośno,,
6496,3,Tom VI,Rozdział LI,Przysłówki,Człowiek,Each other,Wzajemnie (sobie nawzajem),,
6497,3,Tom VI,Rozdział LI,Przysłówki,Człowiek,One another,Siebie nawzajem (więcej niż 2 osoby),,
6498,3,Tom VI,Rozdział LI,Przysłówki,Człowiek,Whoever,Ktokolwiek,,
6499,3,Tom VI,Rozdział LI,Przysłówki,Człowiek,On foot,Pieszo,,
6500,3,Tom VI,Rozdział LI,Przysłówki,Człowiek,Upright,Pionowo; prosto,,
6501,3,Tom VI,Rozdział LI,Przysłówki,Człowiek,Whichever,Którykolwiek,,
6502,3,Tom VI,Rozdział LI,Przysłówki,Człowiek,Whomever,Kogokolwiek,,
6503,3,Tom VI,Rozdział LI,Przysłówki,Człowiek,Manually,Ręcznie,,
6504,3,Tom VI,Rozdział LI,Przysłówki,Człowiek,Astride,Okrakiem,,
6505,3,Tom VI,Rozdział LI,Przysłówki,Człowiek,Horseback,Konno,,
6506,3,Tom VI,Rozdział LI,Przysłówki,Człowiek,Proudly,Dumnie; z dumą,,
6507,3,Tom VI,Rozdział LI,Przysłówki,Człowiek,Scantily,Skąpo ubrany,,
6508,3,Tom VI,Rozdział LI,Przysłówki,Człowiek,Visually,Wzrokowo; wizualnie,,
6509,3,Tom VI,Rozdział LI,Zabronione,Najpiękniejsze słowa,Serendipity,Szczęśliwy zbieg okoliczności,,
6510,3,Tom VI,Rozdział LI,Zabronione,Najpiękniejsze słowa,Pernicious,Zgubny,,
6511,3,Tom VI,Rozdział LI,Zabronione,Najpiękniejsze słowa,Sophisticated,Wyrafinowany,,
6512,3,Tom VI,Rozdział LI,Zabronione,Najpiękniejsze słowa,Splendiferous,Przewyborny,,
6513,3,Tom VI,Rozdział LI,Zabronione,Najpiękniejsze słowa,Stupendous,Zdumiewający,,
6514,3,Tom VI,Rozdział LI,Zabronione,Najpiękniejsze słowa,Surreptitious,Ukradkiem,,
6515,3,Tom VI,Rozdział LI,Zabronione,Najpiękniejsze słowa,Tranquility,Spokój; równowaga,,
6516,3,Tom VI,Rozdział LI,Zabronione,Najpiękniejsze słowa,Ubiquitous,Wszechobecny,,
6517,3,Tom VI,Rozdział LI,Zabronione,Najpiękniejsze słowa,Woebegone,Pogrążony w smutku,,
6518,3,Tom VI,Rozdział LI,Zabronione,Najpiękniejsze słowa,Relentless,Nieustępliwy,,
6519,4,Tom VI,Rozdział LI,Rzeczowniki,Zawody,Composer,Kompozytor,,
6520,4,Tom VI,Rozdział LI,Rzeczowniki,Zawody,Producer,Producent,,
6521,4,Tom VI,Rozdział LI,Rzeczowniki,Zawody,Explorer,Badacz,,
6522,4,Tom VI,Rozdział LI,Rzeczowniki,Zawody,Mayor,Burmistrz,,
6523,4,Tom VI,Rozdział LI,Rzeczowniki,Zawody,Psychologist,Psycholog,,
6524,4,Tom VI,Rozdział LI,Rzeczowniki,Zawody,Fine,Grzywna,,
6525,4,Tom VI,Rozdział LI,Rzeczowniki,Zawody,Jury,Jury; ława przysięgłych,,
6526,4,Tom VI,Rozdział LI,Rzeczowniki,Zawody,Prisoner,Więzień,,
6527,4,Tom VI,Rozdział LI,Rzeczowniki,Zawody,Victim,Ofiara,,
6528,4,Tom VI,Rozdział LI,Rzeczowniki,Zawody,Crime,Zbrodnia; przestępstwo,,
6529,4,Tom VI,Rozdział LI,Rzeczowniki,Zawody,Self-defense,Samoobrona,,
6530,4,Tom VI,Rozdział LI,Rzeczowniki,Zawody,Protection,Zabezpieczenie; ochrona,,
6531,4,Tom VI,Rozdział LI,Rzeczowniki,Zawody,Penalty,Kara (za złamanie prawa); rzut karny,,
6532,4,Tom VI,Rozdział LI,Rzeczowniki,Zawody,Theft,Kradzież,,
6533,4,Tom VI,Rozdział LI,Rzeczowniki,Zawody,Innocence,Niewinność,,
6534,4,Tom VI,Rozdział LI,Rzeczowniki,Dom,Cupboard,Kredens,,
6535,4,Tom VI,Rozdział LI,Rzeczowniki,Dom,Threshold,Próg,,
6536,4,Tom VI,Rozdział LI,Rzeczowniki,Dom,Rack,Regał,,
6537,4,Tom VI,Rozdział LI,Rzeczowniki,Dom,Residence,Rezydencja,,
6538,4,Tom VI,Rozdział LI,Rzeczowniki,Dom,Pantry,Spiżarnia,,
6539,4,Tom VI,Rozdział LI,Rzeczowniki,Dom,Stool,Taboret,,
6540,4,Tom VI,Rozdział LI,Rzeczowniki,Dom,Wallpaper,Tapeta,,
6541,4,Tom VI,Rozdział LI,Rzeczowniki,Dom,Porch,Weranda; ganek,,
6542,4,Tom VI,Rozdział LI,Rzeczowniki,Dom,Peephole,Wizjer (w drzwiach),,
6543,4,Tom VI,Rozdział LI,Rzeczowniki,Dom,Door mat,Wycieraczka do butów,,
6544,4,Tom VI,Rozdział LI,Rzeczowniki,Dom,Curtain,Zasłona,,
6545,4,Tom VI,Rozdział LI,Rzeczowniki,Dom,Running water,Bieżąca woda,,
6546,4,Tom VI,Rozdział LI,Rzeczowniki,Dom,Doorbell,Dzwonek do drzwi,,
6547,4,Tom VI,Rozdział LI,Rzeczowniki,Dom,Walk-in wardrobe,Garderoba,,
6548,4,Tom VI,Rozdział LI,Rzeczowniki,Dom,Mold,Pleśń,,
6549,4,Tom VI,Rozdział LI,Slang,Slang 22,Chiseled,Wyrzeźbiony,,
6550,4,Tom VI,Rozdział LI,Slang,Slang 22,Baller,Kozak,,
6551,4,Tom VI,Rozdział LI,Slang,Slang 22,Flex,Napinać się,,
6552,4,Tom VI,Rozdział LI,Slang,Slang 22,Floss,Szpanować,,
6553,4,Tom VI,Rozdział LI,Slang,Slang 22,Have a game,Dobry gracz; wie jak to robić,,
6554,4,Tom VI,Rozdział LI,Slang,Slang 22,Hank,Przystojniak; zajebisty we wszystkim,,
6555,4,Tom VI,Rozdział LI,Slang,Slang 22,Grillz,Ozdobne nakładki na zęby,,
6556,4,Tom VI,Rozdział LI,Slang,Slang 22,Gun show,Popisywać się bickami,,
6557,4,Tom VI,Rozdział LI,Slang,Slang 22,Ming,Wszechwiedzący,,
6558,4,Tom VI,Rozdział LI,Slang,Slang 22,Moxie,Odwaga; determinacja,,
6559,4,Tom VI,Rozdział LI,Rzeczowniki,Jedzenie,Gingerbread,Piernik,,
6560,4,Tom VI,Rozdział LI,Rzeczowniki,Jedzenie,Broth,Rosół,,
6561,4,Tom VI,Rozdział LI,Rzeczowniki,Jedzenie,Cottage cheese,Twaróg,,
6562,4,Tom VI,Rozdział LI,Rzeczowniki,Jedzenie,Mutton,Baranina,,
6563,4,Tom VI,Rozdział LI,Rzeczowniki,Jedzenie,Sponge cake,Biszkopt,,
6564,4,Tom VI,Rozdział LI,Rzeczowniki,Jedzenie,Oatmeal,Owsianka,,
6565,4,Tom VI,Rozdział LI,Rzeczowniki,Jedzenie,Goodies,Pyszności,,
6566,4,Tom VI,Rozdział LI,Rzeczowniki,Jedzenie,Rye bread,Chleb żytni,,
6567,4,Tom VI,Rozdział LI,Rzeczowniki,Jedzenie,Taffies,Ciągutki,,
6568,4,Tom VI,Rozdział LI,Rzeczowniki,Jedzenie,Calamari,Kalmary,,
6569,4,Tom VI,Rozdział LI,Rzeczowniki,Jedzenie,Grits,Kasza kukurydziana,,
6570,4,Tom VI,Rozdział LI,Rzeczowniki,Jedzenie,Marjoram,Majeranek,,
6571,4,Tom VI,Rozdział LI,Rzeczowniki,Jedzenie,Mussels,Małże,,
6572,4,Tom VI,Rozdział LI,Rzeczowniki,Jedzenie,Lemon balm,Melisa,,
6573,4,Tom VI,Rozdział LI,Rzeczowniki,Jedzenie,Olive oil,Olej z oliwek,,
6574,4,Tom VI,Rozdział LI,Czasowniki,Komunikacja,Clarify,Precyzować (klarować),,
6575,4,Tom VI,Rozdział LI,Czasowniki,Komunikacja,Justify,Uzasadniać; usprawiedliwiać (np. Czyn),,
6576,4,Tom VI,Rozdział LI,Czasowniki,Komunikacja,Socialize,Udzielać się towarzysko; socjalizować,,
6577,4,Tom VI,Rozdział LI,Czasowniki,Komunikacja,Disapprove,Nie aprobować; nie pochwalać,,
6578,4,Tom VI,Rozdział LI,Czasowniki,Komunikacja,Decline,Nie przyjmować; odmawiać,,
6579,4,Tom VI,Rozdział LI,Czasowniki,Komunikacja,Emphasize,Kłaść nacisk; podkreślać,,
6580,4,Tom VI,Rozdział LI,Czasowniki,Komunikacja,Persist,Nie ustępować; utrzymywać się; upierać się,,
6581,4,Tom VI,Rozdział LI,Czasowniki,Komunikacja,Persuade,Przekonywać (rozmową),,
6582,4,Tom VI,Rozdział LI,Czasowniki,Komunikacja,Disclose,Wyjawić; ujawniać (np. Sekret),,
6583,4,Tom VI,Rozdział LI,Czasowniki,Komunikacja,Dwell,Rozwodzić się (nad czymś); rozpamiętywać,,
6584,4,Tom VI,Rozdział LI,Czasowniki,Komunikacja,Ensure,Upewniać; zapewniać,,
6585,4,Tom VI,Rozdział LI,Czasowniki,Komunikacja,Exclaim,Wykrzyknąć,,
6586,4,Tom VI,Rozdział LI,Czasowniki,Komunikacja,Highlight,Uwydatniać,,
6587,4,Tom VI,Rozdział LI,Czasowniki,Komunikacja,Inquire,Dowiadywać się; pytać się,,
6588,4,Tom VI,Rozdział LI,Czasowniki,Komunikacja,Mishear,Przesłyszeć się,,
6589,4,Tom VI,Rozdział LI,Rzeczowniki,Miasto,Agglomeration,Aglomeracja,,
6590,4,Tom VI,Rozdział LI,Rzeczowniki,Miasto,Boulevard,Bulwar,,
6591,4,Tom VI,Rozdział LI,Rzeczowniki,Miasto,Metropolis,Metropolia,,
6592,4,Tom VI,Rozdział LI,Rzeczowniki,Miasto,Outskirts,Obrzeża miasta,,
6593,4,Tom VI,Rozdział LI,Rzeczowniki,Miasto,Concert hall,Sala koncertowa,,
6594,4,Tom VI,Rozdział LI,Rzeczowniki,Miasto,Sewage,Ścieki,,
6595,4,Tom VI,Rozdział LI,Rzeczowniki,Miasto,Dance studio,Szkoła tańca,,
6596,4,Tom VI,Rozdział LI,Rzeczowniki,Miasto,Fountain,Fontanna,,
6597,4,Tom VI,Rozdział LI,Rzeczowniki,Miasto,Lot,Działka; parcela,,
6598,4,Tom VI,Rozdział LI,Rzeczowniki,Miasto,Sewage system,Kanalizacja,,
6599,4,Tom VI,Rozdział LI,Rzeczowniki,Miasto,Pawnshop,Lombard,,
6600,4,Tom VI,Rozdział LI,Rzeczowniki,Miasto,Ghost town,Wymarłe miasto,,
6601,4,Tom VI,Rozdział LI,Rzeczowniki,Miasto,Industrial city,Miasto przemysłowe,,
6602,4,Tom VI,Rozdział LI,Rzeczowniki,Miasto,Suspended bridge,Most wiszący,,
6603,4,Tom VI,Rozdział LI,Rzeczowniki,Miasto,Neon light,Neon,,
6604,4,Tom VI,Rozdział LI,Czasowniki,Czasowniki 21,Model,Modelować,,
6605,4,Tom VI,Rozdział LI,Czasowniki,Czasowniki 21,Modify,Modyfikować,,
6606,4,Tom VI,Rozdział LI,Czasowniki,Czasowniki 21,Reduce,Redukować,,
6607,4,Tom VI,Rozdział LI,Czasowniki,Czasowniki 21,Reform,Reformować,,
6608,4,Tom VI,Rozdział LI,Czasowniki,Czasowniki 21,Ruin,Rujnować; niszczyć,,
6609,4,Tom VI,Rozdział LI,Czasowniki,Czasowniki 21,Select,Selekcjonować; wybierać (techniczne),,
6610,4,Tom VI,Rozdział LI,Czasowniki,Czasowniki 21,Signal,Sygnalizować,,
6611,4,Tom VI,Rozdział LI,Czasowniki,Czasowniki 21,Transform,Transformować; przekształcać,,
6612,4,Tom VI,Rozdział LI,Czasowniki,Czasowniki 21,Unify,Unifikować; jednoczyć,,
6613,4,Tom VI,Rozdział LI,Czasowniki,Czasowniki 21,Recruit,Rekrutować,,
6614,4,Tom VI,Rozdział LI,Czasowniki,Czasowniki 21,Stimulate,Stymulować,,
6615,4,Tom VI,Rozdział LI,Czasowniki,Czasowniki 21,Assist,Asystować (też medycznie); pomagać,,
6616,4,Tom VI,Rozdział LI,Czasowniki,Czasowniki 21,Illustrate,Ilustrować; obrazować,,
6617,4,Tom VI,Rozdział LI,Czasowniki,Czasowniki 21,Immigrate,Imigrować,,
6618,4,Tom VI,Rozdział LI,Czasowniki,Czasowniki 21,Specific,Specyficzny; konkretny,,
6619,4,Tom VI,Rozdział LII,Przymiotniki,Ilość,Decreased,Zmniejszony,,
6620,4,Tom VI,Rozdział LII,Przymiotniki,Ilość,Increased,Zwiększony,,
6621,4,Tom VI,Rozdział LII,Przymiotniki,Ilość,Partial,Częściowy,,
6622,4,Tom VI,Rozdział LII,Przymiotniki,Ilość,Excess,Nadmiarowy,,
6623,4,Tom VI,Rozdział LII,Przymiotniki,Ilość,Excessive,Nadmierny; przesadny,,
6624,4,Tom VI,Rozdział LII,Przymiotniki,Ilość,Substantial,Pokaźny; znaczny; konkretny,,
6625,4,Tom VI,Rozdział LII,Przymiotniki,Ilość,Considerable,Znaczny; niemały,,
6626,4,Tom VI,Rozdział LII,Przymiotniki,Ilość,Additional,Dodatkowy,,
6627,4,Tom VI,Rozdział LII,Przymiotniki,Ilość,Insufficient,Niewystarczający; niedostateczny,,
6628,4,Tom VI,Rozdział LII,Przymiotniki,Ilość,Approximate,Przybliżony,,
6629,4,Tom VI,Rozdział LII,Przymiotniki,Ilość,Sufficient,Wystarczający; dostateczny,,
6630,4,Tom VI,Rozdział LII,Przymiotniki,Ilość,Abundant,Zasobny,,
6631,4,Tom VI,Rozdział LII,Przymiotniki,Ilość,Copious,Obfity,,
6632,4,Tom VI,Rozdział LII,Przymiotniki,Ilość,Ample,Wystarczająco duży,,
6633,4,Tom VI,Rozdział LII,Przymiotniki,Ilość,Inexhaustible,Niewyczerpany,,
6634,4,Tom VI,Rozdział LII,Czasowniki,Czasowniki 22,Provoke,Prowokować; wywoływać,,
6635,4,Tom VI,Rozdział LII,Czasowniki,Czasowniki 22,Reverse,Odwracać,,
6636,4,Tom VI,Rozdział LII,Czasowniki,Czasowniki 22,Signify,Oznaczać; mieć znaczenie,,
6637,4,Tom VI,Rozdział LII,Czasowniki,Czasowniki 22,Undertake,Przedsięwziąć;podjąć się realizacji,,
6638,4,Tom VI,Rozdział LII,Czasowniki,Czasowniki 22,Advance,Posuwać się do przodu; czynić postępy,,
6639,4,Tom VI,Rozdział LII,Czasowniki,Czasowniki 22,Capture,Uchwycić (np. Schwytać zakładnika; także chwycić sens),,
6640,4,Tom VI,Rozdział LII,Czasowniki,Czasowniki 22,Conceal,Ukrywać; skrywać,,
6641,4,Tom VI,Rozdział LII,Czasowniki,Czasowniki 22,Conduct,Przewodzić (czemuś); przeprowadzać (badania),,
6642,4,Tom VI,Rozdział LII,Czasowniki,Czasowniki 22,Demonstrate,Demonstrować; pokazywać,,
6643,4,Tom VI,Rozdział LII,Czasowniki,Czasowniki 22,Encompass,Otoczyć; objąć,,
6644,4,Tom VI,Rozdział LII,Czasowniki,Czasowniki 22,Enhance,Wzmacniać,,
6645,4,Tom VI,Rozdział LII,Czasowniki,Czasowniki 22,Exceed,Przekraczać (określoną wartość),,
6646,4,Tom VI,Rozdział LII,Czasowniki,Czasowniki 22,Lessen,Umniejszać; zmniejszać,,
6647,4,Tom VI,Rozdział LII,Czasowniki,Czasowniki 22,Maintain,Utrzymywać (coś w określonym stanie),,
6648,4,Tom VI,Rozdział LII,Czasowniki,Czasowniki 22,Omit,Pomijać,,
6649,4,Tom VI,Rozdział LII,Phrasale,Komunikacja,Face time,W cztery oczy,,
6650,4,Tom VI,Rozdział LII,Phrasale,Komunikacja,Kiki,Plotkować,,
6651,4,Tom VI,Rozdział LII,Phrasale,Komunikacja,Shook,Zaskoczony,,
6652,4,Tom VI,Rozdział LII,Phrasale,Komunikacja,Shooketh,Mega-zaskoczony,,
6653,4,Tom VI,Rozdział LII,Phrasale,Komunikacja,Deadass,Śmiertelnie poważny,,
6654,4,Tom VI,Rozdział LII,Phrasale,Komunikacja,Gag,Dusić się ze śmiechu,,
6655,4,Tom VI,Rozdział LII,Phrasale,Komunikacja,Random,Mam kontakt w telefonie ale nie wiem skąd,,
6656,4,Tom VI,Rozdział LII,Phrasale,Komunikacja,Air quotes,Tzw. (udając cudzysłów rękami),,
6657,4,Tom VI,Rozdział LII,Phrasale,Komunikacja,Clap back,Odszczekiwać komuś,,
6658,4,Tom VI,Rozdział LII,Phrasale,Komunikacja,Peep,Obczaić,,
6659,4,Tom VI,Rozdział LII,Rzeczowniki,Kraje,Angola,Angola,,
6660,4,Tom VI,Rozdział LII,Rzeczowniki,Kraje,Angolan,Angolka; angolczyk,,
6661,4,Tom VI,Rozdział LII,Rzeczowniki,Kraje,Bangladeshi,Bangalijka; bangalijczyk,,
6662,4,Tom VI,Rozdział LII,Rzeczowniki,Kraje,Madagascar,Madagaskar,,
6663,4,Tom VI,Rozdział LII,Rzeczowniki,Kraje,Bangladesh,Bangladesz,,
6664,4,Tom VI,Rozdział LII,Rzeczowniki,Kraje,Malagasy,Madagaskarczyk; madagaskarka; malgasze,,
6665,4,Tom VI,Rozdział LII,Rzeczowniki,Kraje,Estonia,Estonia,,
6666,4,Tom VI,Rozdział LII,Rzeczowniki,Kraje,Malaysia,Malezja,,
6667,4,Tom VI,Rozdział LII,Rzeczowniki,Kraje,Estonian,Estonka; estończyk,,
6668,4,Tom VI,Rozdział LII,Rzeczowniki,Kraje,Malaysian,Malezyjka; malezyjczyk,,
6669,4,Tom VI,Rozdział LII,Rzeczowniki,Kraje,Indonesia,Indonezja,,
6670,4,Tom VI,Rozdział LII,Rzeczowniki,Kraje,Indonesian,Indonezyjka; indonezyjczyk,,
6671,4,Tom VI,Rozdział LII,Rzeczowniki,Kraje,Icelander,Islandka; islandczyk,,
6672,4,Tom VI,Rozdział LII,Rzeczowniki,Kraje,Somalia,Somalia,,
6673,4,Tom VI,Rozdział LII,Rzeczowniki,Kraje,Kazakhstan,Kazachstan,,
6674,4,Tom VI,Rozdział LII,Rzeczowniki,Transport,Fleet,Flota,,
6675,4,Tom VI,Rozdział LII,Rzeczowniki,Transport,Vehicle inspection,Badanie techniczne pojazdu,,
6676,4,Tom VI,Rozdział LII,Rzeczowniki,Transport,Cabin,Kajuta,,
6677,4,Tom VI,Rozdział LII,Rzeczowniki,Transport,Cable railway,Kolej linowa,,
6678,4,Tom VI,Rozdział LII,Rzeczowniki,Transport,Shuttle,Kursujący wahadłowo środek transportu,,
6679,4,Tom VI,Rozdział LII,Rzeczowniki,Transport,Bunk,Kuszetka,,
6680,4,Tom VI,Rozdział LII,Rzeczowniki,Transport,Emergency landing,Lądowanie awaryjne,,
6681,4,Tom VI,Rozdział LII,Rzeczowniki,Transport,Load,Ładunek,,
6682,4,Tom VI,Rozdział LII,Rzeczowniki,Transport,Cargo,Towar (ładunek),,
6683,4,Tom VI,Rozdział LII,Rzeczowniki,Transport,Semitrailer,Naczepa,,
6684,4,Tom VI,Rozdział LII,Rzeczowniki,Transport,Runway,Pas startowy (samolotu); wybieg (np. Dla modelek),,
6685,4,Tom VI,Rozdział LII,Rzeczowniki,Transport,Passenger train,Pociąg osobowy,,
6686,4,Tom VI,Rozdział LII,Rzeczowniki,Transport,Freight train,Pociąg towarowy,,
6687,4,Tom VI,Rozdział LII,Rzeczowniki,Transport,Windscreen,Przednia szyba,,
6688,4,Tom VI,Rozdział LII,Rzeczowniki,Transport,Compartment,Przedział (w transporcie),,
6689,4,Tom VI,Rozdział LII,Skróty,Komunikacja,Aamof,W gruncie rzeczy (skrót),,
6690,4,Tom VI,Rozdział LII,Skróty,Komunikacja,Afaict,"Z tego, co mogę powiedzieć (skrót)",,
6691,4,Tom VI,Rozdział LII,Skróty,Komunikacja,Fwiw,"Na tyle, na ile jest to warte (skrót)",,
6692,4,Tom VI,Rozdział LII,Skróty,Komunikacja,Icymi,W razie jakbyś przegapił(a) (skrót),,
6693,4,Tom VI,Rozdział LII,Skróty,Komunikacja,Iirc,Jeśli dobrze pamiętam (skrót),,
6694,4,Tom VI,Rozdział LII,Skróty,Komunikacja,Ikr,"Wiem, prawda? (skrót)",,
6695,4,Tom VI,Rozdział LII,Skróty,Komunikacja,Jk,Tylko żartowałem (skrót),,
6696,4,Tom VI,Rozdział LII,Skróty,Komunikacja,Lmk,Daj znać (skrót),,
6697,4,Tom VI,Rozdział LII,Skróty,Komunikacja,Np,Nie ma problemu (skrót),,
6698,4,Tom VI,Rozdział LII,Skróty,Komunikacja,Tia,Z góry dzięki (skrót),,
6699,4,Tom VI,Rozdział LII,Rzeczowniki,Mistrz kierownicy,Trunk,Bagażnik,,
6700,4,Tom VI,Rozdział LII,Rzeczowniki,Mistrz kierownicy,Roundabout,Rondo,,
6701,4,Tom VI,Rozdział LII,Rzeczowniki,Mistrz kierownicy,Intersection,"Skrzyżowanie, rozdroże",,
6702,4,Tom VI,Rozdział LII,Rzeczowniki,Mistrz kierownicy,Crossroads,Skrzyżowanie dróg,,
6703,4,Tom VI,Rozdział LII,Rzeczowniki,Mistrz kierownicy,Junction,Skrzyżowanie; rozjazd,,
6704,4,Tom VI,Rozdział LII,Rzeczowniki,Mistrz kierownicy,Engine,Silnik (zapłonowy),,
6705,4,Tom VI,Rozdział LII,Rzeczowniki,Mistrz kierownicy,Track,Tor,,
6706,4,Tom VI,Rozdział LII,Rzeczowniki,Mistrz kierownicy,Getaway,Ucieczka (samochodem),,
6707,4,Tom VI,Rozdział LII,Rzeczowniki,Mistrz kierownicy,Chase,Pościg,,
6708,4,Tom VI,Rozdział LII,Rzeczowniki,Mistrz kierownicy,Gear,Bieg (w samochodzie),,
6709,4,Tom VI,Rozdział LII,Rzeczowniki,Mistrz kierownicy,Bypass,Obwodnica,,
6710,4,Tom VI,Rozdział LII,Rzeczowniki,Mistrz kierownicy,Pothole,Wybój,,
6711,4,Tom VI,Rozdział LII,Rzeczowniki,Mistrz kierownicy,Curb,Krawężnik,,
6712,4,Tom VI,Rozdział LII,Rzeczowniki,Mistrz kierownicy,Street lighting,Oświetlenie uliczne,,
6713,4,Tom VI,Rozdział LII,Rzeczowniki,Mistrz kierownicy,Lane,Pas ruchu,,
6714,4,Tom VI,Rozdział LII,Czasowniki,Niefajne,Burgle,"Włamać się, żeby coś ukraść",,
6715,4,Tom VI,Rozdział LII,Czasowniki,Niefajne,Compromise,Narazić na szwank,,
6716,4,Tom VI,Rozdział LII,Czasowniki,Niefajne,Decline,Podupadać; pogarszać,,
6717,4,Tom VI,Rozdział LII,Czasowniki,Niefajne,Exhaust,Wyczerpywać zapasy,,
6718,4,Tom VI,Rozdział LII,Czasowniki,Niefajne,Overestimate,"Przeceniać (kogoś, coś)",,
6719,4,Tom VI,Rozdział LII,Czasowniki,Niefajne,Suspend,Zawieszać (kogoś w obowiązkach); przerywać (negocjacje),,
6720,4,Tom VI,Rozdział LII,Czasowniki,Niefajne,Tease,Droczyć się; drażnić,,
6721,4,Tom VI,Rozdział LII,Czasowniki,Niefajne,Blackmail,Szantażować,,
6722,4,Tom VI,Rozdział LII,Czasowniki,Niefajne,Bully,Znęcać się nad słabszymi,,
6723,4,Tom VI,Rozdział LII,Czasowniki,Niefajne,Spook,Spłoszyć,,
6724,4,Tom VI,Rozdział LII,Czasowniki,Niefajne,Condemn,Potępiać; piętnować,,
6725,4,Tom VI,Rozdział LII,Czasowniki,Niefajne,Deceive,Zwodzić,,
6726,4,Tom VI,Rozdział LII,Czasowniki,Niefajne,Despise,Gardzić,,
6727,4,Tom VI,Rozdział LII,Czasowniki,Niefajne,Disregard,Lekceważyć,,
6728,4,Tom VI,Rozdział LII,Czasowniki,Niefajne,Distract,Rozpraszać kogoś; odwracać uwagę,,
6729,4,Tom VI,Rozdział LII,Rzeczowniki,Człowiek,Fiancee,Narzeczona,,
6730,4,Tom VI,Rozdział LII,Rzeczowniki,Człowiek,Bore,Nudziarz,,
6731,4,Tom VI,Rozdział LII,Rzeczowniki,Człowiek,Madman,Szaleniec,,
6732,4,Tom VI,Rozdział LII,Rzeczowniki,Człowiek,Coward,Tchórz,,
6733,4,Tom VI,Rozdział LII,Rzeczowniki,Człowiek,Scout,Harcerz,,
6734,4,Tom VI,Rozdział LII,Rzeczowniki,Człowiek,Bastard,Bękart,,
6735,4,Tom VI,Rozdział LII,Rzeczowniki,Człowiek,Nerd,Dziwak; maniak komputerowy,,
6736,4,Tom VI,Rozdział LII,Rzeczowniki,Człowiek,Freak,Dziwoląg,,
6737,4,Tom VI,Rozdział LII,Rzeczowniki,Człowiek,Storyteller,Gawędziarz,,
6738,4,Tom VI,Rozdział LII,Rzeczowniki,Człowiek,Femininity,Kobiecość,,
6739,4,Tom VI,Rozdział LII,Rzeczowniki,Człowiek,Masculinity,Męskość,,
6740,4,Tom VI,Rozdział LII,Rzeczowniki,Człowiek,Stranger,Nieznajomy,,
6741,4,Tom VI,Rozdział LII,Rzeczowniki,Człowiek,Deaf and mute,Głuchoniemy,,
6742,4,Tom VI,Rozdział LII,Rzeczowniki,Człowiek,Blind man,Ślepiec,,
6743,4,Tom VI,Rozdział LII,Rzeczowniki,Człowiek,Erudite,Erudyta,,
6744,4,Tom VI,Rozdział LII,Rzeczowniki,Ubrania,Slipover,Bezrękawnik,,
6745,4,Tom VI,Rozdział LII,Rzeczowniki,Ubrania,Sleeveless blouse,Bluzka bez rękawów,,
6746,4,Tom VI,Rozdział LII,Rzeczowniki,Ubrania,Trekking boots,Buty trekkingowe,,
6747,4,Tom VI,Rozdział LII,Rzeczowniki,Ubrania,Fur cap,Czapka futrzana,,
6748,4,Tom VI,Rozdział LII,Rzeczowniki,Ubrania,Woolen hat,Czapka wełniana,,
6749,4,Tom VI,Rozdział LII,Rzeczowniki,Ubrania,Bobble hat,Czapka z pomponem,,
6750,4,Tom VI,Rozdział LII,Rzeczowniki,Ubrania,Apron,Fartuch,,
6751,4,Tom VI,Rozdział LII,Rzeczowniki,Ubrania,Tailcoat,Frak,,
6752,4,Tom VI,Rozdział LII,Rzeczowniki,Ubrania,Gaiters,Getry (ochraniacze na obuwie),,
6753,4,Tom VI,Rozdział LII,Rzeczowniki,Ubrania,Embroidery,Haft,,
6754,4,Tom VI,Rozdział LII,Rzeczowniki,Ubrania,Slippers,Kapcie; bambosze,,
6755,4,Tom VI,Rozdział LII,Rzeczowniki,Ubrania,Ski suit,Kombinezon narciarski,,
6756,4,Tom VI,Rozdział LII,Rzeczowniki,Ubrania,Balaclava,Kominiarka,,
6757,4,Tom VI,Rozdział LII,Rzeczowniki,Ubrania,Suede jacket,Kurtka zamszowa,,
6758,4,Tom VI,Rozdział LII,Rzeczowniki,Ubrania,Cuff,Mankiet,,
6759,4,Tom VI,Rozdział LIII,Slang,Slang 23,On point,W punkt (dobrze zrobione),,
6760,4,Tom VI,Rozdział LIII,Slang,Slang 23,Snap out of it,Obudź się; ogarnij się,,
6761,4,Tom VI,Rozdział LIII,Slang,Slang 23,Give me a holler,Daj mi znaka,,
6762,4,Tom VI,Rozdział LIII,Slang,Slang 23,Hit me up,Odezwij się,,
6763,4,Tom VI,Rozdział LIII,Slang,Slang 23,How's hanging,Jak leci,,
6764,4,Tom VI,Rozdział LIII,Slang,Slang 23,Whatever floats your boat,Jak tam chcesz,,
6765,4,Tom VI,Rozdział LIII,Slang,Slang 23,Bible,Nie kłamię,,
6766,4,Tom VI,Rozdział LIII,Slang,Slang 23,New york minute,Chwila (w chwilę),,
6767,4,Tom VI,Rozdział LIII,Slang,Slang 23,All square,Po równo; sprawiedliwie; jesteśmy kwita,,
6768,4,Tom VI,Rozdział LIII,Slang,Slang 23,Elephant in the room,Główny problem w debacie,,
6769,3,Tom VI,Rozdział LIII,Przymiotniki,Mile widziane,Helpful,Pomocny; uczynny,,
6770,3,Tom VI,Rozdział LIII,Przymiotniki,Mile widziane,Hard-working,Pracowity,,
6771,3,Tom VI,Rozdział LIII,Przymiotniki,Mile widziane,Friendly,Przyjacielski; przyjazny,,
6772,3,Tom VI,Rozdział LIII,Przymiotniki,Mile widziane,Punctual,Punktualny,,
6773,3,Tom VI,Rozdział LIII,Przymiotniki,Mile widziane,Reasonable,Rozsądny,,
6774,3,Tom VI,Rozdział LIII,Przymiotniki,Mile widziane,Sensible,Sensowny; rozsądny,,
6775,3,Tom VI,Rozdział LIII,Przymiotniki,Mile widziane,Calm,Spokojny,,
6776,3,Tom VI,Rozdział LIII,Przymiotniki,Mile widziane,Clever,Sprytny,,
6777,3,Tom VI,Rozdział LIII,Przymiotniki,Mile widziane,Tolerant,Tolerancyjny,,
6778,3,Tom VI,Rozdział LIII,Przymiotniki,Mile widziane,Sociable,Towarzyski,,
6779,3,Tom VI,Rozdział LIII,Przymiotniki,Mile widziane,Polite,Uprzejmy,,
6780,3,Tom VI,Rozdział LIII,Przymiotniki,Mile widziane,Easygoing,Wyluzowany; łatwy w kontakcie,,
6781,3,Tom VI,Rozdział LIII,Przymiotniki,Mile widziane,Understanding,Wyrozumiały,,
6782,3,Tom VI,Rozdział LIII,Przymiotniki,Mile widziane,Right,Mający rację,,
6783,3,Tom VI,Rozdział LIII,Przymiotniki,Mile widziane,Cool,Spoko; wyluzowany,,
6784,4,Tom VI,Rozdział LIII,Slang,Ocieka splendorem,Bomb,Sztos,,
6785,4,Tom VI,Rozdział LIII,Slang,Ocieka splendorem,Groovy,Rewelka,,
6786,4,Tom VI,Rozdział LIII,Slang,Ocieka splendorem,Wicked,Zarąbisty,,
6787,4,Tom VI,Rozdział LIII,Slang,Ocieka splendorem,Straight fire,Po prostu świetny,,
6788,4,Tom VI,Rozdział LIII,Slang,Ocieka splendorem,Awesome sauce,Superanckie,,
6789,4,Tom VI,Rozdział LIII,Slang,Ocieka splendorem,Cool beans,Fajowskie,,
6790,4,Tom VI,Rozdział LIII,Slang,Ocieka splendorem,Meta,Super fajne,,
6791,4,Tom VI,Rozdział LIII,Slang,Ocieka splendorem,On a boat,Na fali,,
6792,4,Tom VI,Rozdział LIII,Slang,Ocieka splendorem,Super fly,Czadowy,,
6793,4,Tom VI,Rozdział LIII,Slang,Ocieka splendorem,X-factor,"Cecha, która sprawia, że jest się wyjątkowym I pożądanym",,
6794,4,Tom VI,Rozdział LIII,Rzeczowniki,Części ciała,Eyelid,Powieka,,
6795,4,Tom VI,Rozdział LIII,Rzeczowniki,Części ciała,Forearm,Przedramię,,
6796,4,Tom VI,Rozdział LIII,Rzeczowniki,Części ciała,Jaw,Szczęka,,
6797,4,Tom VI,Rozdział LIII,Rzeczowniki,Części ciała,Skeleton,Szkielet,,
6798,4,Tom VI,Rozdział LIII,Rzeczowniki,Części ciała,Waistline,Talia,,
6799,4,Tom VI,Rozdział LIII,Rzeczowniki,Części ciała,Vein,Żyła,,
6800,4,Tom VI,Rozdział LIII,Rzeczowniki,Części ciała,Limb,Kończyna,,
6801,4,Tom VI,Rozdział LIII,Rzeczowniki,Części ciała,Joint,Staw,,
6802,4,Tom VI,Rozdział LIII,Rzeczowniki,Części ciała,Flesh,Tkanka,,
6803,4,Tom VI,Rozdział LIII,Rzeczowniki,Części ciała,Gum,Dziąsło,,
6804,4,Tom VI,Rozdział LIII,Rzeczowniki,Części ciała,Shin,Goleń,,
6805,4,Tom VI,Rozdział LIII,Rzeczowniki,Części ciała,Intestine,Jelito,,
6806,4,Tom VI,Rozdział LIII,Rzeczowniki,Części ciała,Kidney,Nerka,,
6807,4,Tom VI,Rozdział LIII,Rzeczowniki,Części ciała,Nerve,Nerw,,
6808,4,Tom VI,Rozdział LIII,Rzeczowniki,Części ciała,Armpit,Pacha,,
6809,4,Tom VI,Rozdział LIII,Rzeczowniki,Rodzina,Birth father,Biologiczny ojciec,,
6810,4,Tom VI,Rozdział LIII,Rzeczowniki,Rodzina,Maternity,Okres ciąży I macierzyństwa,,
6811,4,Tom VI,Rozdział LIII,Rzeczowniki,Rodzina,Stepfather,Ojczym,,
6812,4,Tom VI,Rozdział LIII,Rzeczowniki,Rodzina,Step-son,Pasierb,,
6813,4,Tom VI,Rozdział LIII,Rzeczowniki,Rodzina,Step-daughter,Pasierbica,,
6814,4,Tom VI,Rozdział LIII,Rzeczowniki,Rodzina,Descendant,Potomek,,
6815,4,Tom VI,Rozdział LIII,Rzeczowniki,Rodzina,Ancestor,Przodek,,
6816,4,Tom VI,Rozdział LIII,Rzeczowniki,Rodzina,Extended family,Rodzina wielopokoleniowa; dalsza rodzina,,
6817,4,Tom VI,Rozdział LIII,Rzeczowniki,Rodzina,Foster family,Rodzina zastępcza,,
6818,4,Tom VI,Rozdział LIII,Rzeczowniki,Rodzina,Stepmother,Macocha,,
6819,4,Tom VI,Rozdział LIII,Rzeczowniki,Rodzina,Breadwinner,Żywiciel rodziny,,
6820,4,Tom VI,Rozdział LIII,Rzeczowniki,Rodzina,Progenitor,Protoplasta (założyciel rodu),,
6821,4,Tom VI,Rozdział LIII,Rzeczowniki,Rodzina,Lineage,Ród; rodowód,,
6822,4,Tom VI,Rozdział LIII,Rzeczowniki,Rodzina,Consanguinity,Pokrewieństwo,,
6823,4,Tom VI,Rozdział LIII,Rzeczowniki,Rodzina,Ancestry,Rodowód; pochodzenie,,
6824,4,Tom VI,Rozdział LIII,Rzeczowniki,Higiena I wygląd,Bangs,Grzywka,,
6825,4,Tom VI,Rozdział LIII,Rzeczowniki,Higiena I wygląd,Ponytail,Kucyk (fryzura),,
6826,4,Tom VI,Rozdział LIII,Rzeczowniki,Higiena I wygląd,Lens,Soczewki,,
6827,4,Tom VI,Rozdział LIII,Rzeczowniki,Higiena I wygląd,Wrinkle,Zmarszczka,,
6828,4,Tom VI,Rozdział LIII,Rzeczowniki,Higiena I wygląd,Pimple,Pryszcz,,
6829,4,Tom VI,Rozdział LIII,Rzeczowniki,Higiena I wygląd,Characteristic,Cecha charakterystyczna,,
6830,4,Tom VI,Rozdział LIII,Rzeczowniki,Higiena I wygląd,Cleanliness,Czystość,,
6831,4,Tom VI,Rozdział LIII,Rzeczowniki,Higiena I wygląd,Shaving,Golenie,,
6832,4,Tom VI,Rozdział LIII,Rzeczowniki,Higiena I wygląd,Lip crayon,Kredka do ust,,
6833,4,Tom VI,Rozdział LIII,Rzeczowniki,Higiena I wygląd,Shaving cream,Krem do golenia,,
6834,4,Tom VI,Rozdział LIII,Rzeczowniki,Higiena I wygląd,Dirt,Brud,,
6835,4,Tom VI,Rozdział LIII,Rzeczowniki,Higiena I wygląd,Dandruff,Łupież,,
6836,4,Tom VI,Rozdział LIII,Rzeczowniki,Higiena I wygląd,Face mask,Maseczka,,
6837,4,Tom VI,Rozdział LIII,Rzeczowniki,Higiena I wygląd,Nail scissors,Nożyczki do paznokci,,
6838,4,Tom VI,Rozdział LIII,Rzeczowniki,Higiena I wygląd,Tone,Odcień,,
6839,4,Tom VI,Rozdział LIII,Skróty,Memiczne,Fomo,Obawa że coś nas omija (skrót),,
6840,4,Tom VI,Rozdział LIII,Skróty,Memiczne,Til,Dziś dowiedziałem(am) się (skrót),,
6841,4,Tom VI,Rozdział LIII,Skróty,Memiczne,Adih,Kolejny dzień w piekle (skrót),,
6842,4,Tom VI,Rozdział LIII,Skróty,Memiczne,Nfsw,Niebezpieczne w pracy (skrót),,
6843,4,Tom VI,Rozdział LIII,Skróty,Memiczne,Hifw,"Jak się czuję, kiedy (skrót)",,
6844,4,Tom VI,Rozdział LIII,Skróty,Memiczne,Mfw,"Moja twarz, kiedy (skrót)",,
6845,4,Tom VI,Rozdział LIII,Skróty,Memiczne,Mia,Zaginiony w akcji (skrót),,
6846,4,Tom VI,Rozdział LIII,Skróty,Memiczne,Nsfl,Powalony; nienormalny (skrót),,
6847,4,Tom VI,Rozdział LIII,Skróty,Memiczne,Og,Oryginalny gangster (skrót),,
6848,4,Tom VI,Rozdział LIII,Skróty,Memiczne,Qq,Płaczę (skrót),,
6849,4,Tom VI,Rozdział LIII,Rzeczowniki,Pogoda,Earthquake,Trzęsienie ziemi,,
6850,4,Tom VI,Rozdział LIII,Rzeczowniki,Pogoda,Anomaly,Anomalia,,
6851,4,Tom VI,Rozdział LIII,Rzeczowniki,Pogoda,Sandstorm,Burza piaskowa,,
6852,4,Tom VI,Rozdział LIII,Rzeczowniki,Pogoda,Closeness,Duchota,,
6853,4,Tom VI,Rozdział LIII,Rzeczowniki,Pogoda,Black ice,Gołoledź,,
6854,4,Tom VI,Rozdział LIII,Rzeczowniki,Pogoda,Meteorology,Meteorologia,,
6855,4,Tom VI,Rozdział LIII,Rzeczowniki,Pogoda,Low-pressure zone,Niż atmosferyczny,,
6856,4,Tom VI,Rozdział LIII,Rzeczowniki,Pogoda,Thaw,Odwilż,,
6857,4,Tom VI,Rozdział LIII,Rzeczowniki,Pogoda,Sunny spell,Przejaśnienie,,
6858,4,Tom VI,Rozdział LIII,Rzeczowniki,Pogoda,Snowstorm,Śnieżyca,,
6859,4,Tom VI,Rozdział LIII,Rzeczowniki,Pogoda,Tornado,Tornado,,
6860,4,Tom VI,Rozdział LIII,Rzeczowniki,Pogoda,Variations in temperature,Wahania temperatury,,
6861,4,Tom VI,Rozdział LIII,Rzeczowniki,Pogoda,Moisture,Wilgoć,,
6862,4,Tom VI,Rozdział LIII,Rzeczowniki,Pogoda,Maelstrom,Wir wodny,,
6863,4,Tom VI,Rozdział LIII,Rzeczowniki,Pogoda,High-pressure zone,Wyż,,
6864,4,Tom VI,Rozdział LIII,Rzeczowniki,Zawody,Meteorologist,Meteorolog,,
6865,4,Tom VI,Rozdział LIII,Rzeczowniki,Zawody,Entrepreneur,Przedsiębiorca,,
6866,4,Tom VI,Rozdział LIII,Rzeczowniki,Zawody,Actress,Aktorka,,
6867,4,Tom VI,Rozdział LIII,Rzeczowniki,Zawody,Firefighter,Strażak,,
6868,4,Tom VI,Rozdział LIII,Rzeczowniki,Zawody,Assistant,Asystent,,
6869,4,Tom VI,Rozdział LIII,Rzeczowniki,Zawody,Dentist,Dentysta,,
6870,4,Tom VI,Rozdział LIII,Rzeczowniki,Zawody,Thief,Złodziej,,
6871,4,Tom VI,Rozdział LIII,Rzeczowniki,Zawody,Developer,Deweloper,,
6872,4,Tom VI,Rozdział LIII,Rzeczowniki,Zawody,Internist,Internista,,
6873,4,Tom VI,Rozdział LIII,Rzeczowniki,Zawody,Jeweler,Jubiler,,
6874,4,Tom VI,Rozdział LIII,Rzeczowniki,Zawody,Executive,Kierownik; wykonawca,,
6875,4,Tom VI,Rozdział LIII,Rzeczowniki,Zawody,Psychologist,Psycholog,,
6876,4,Tom VI,Rozdział LIII,Rzeczowniki,Zawody,Fine,Grzywna,,
6877,4,Tom VI,Rozdział LIII,Rzeczowniki,Zawody,Protection,Zabezpieczenie; ochrona,,
6878,4,Tom VI,Rozdział LIII,Rzeczowniki,Zawody,Penalty,Kara (za złamanie prawa); rzut karny,,
6879,4,Tom VI,Rozdział LIII,Phrasale,Ręką,Lay out,Wyłożyć,,
6880,4,Tom VI,Rozdział LIII,Phrasale,Ręką,Rip sth up,Podrzeć,,
6881,4,Tom VI,Rozdział LIII,Phrasale,Ręką,Brush off,Strzepnąć,,
6882,4,Tom VI,Rozdział LIII,Phrasale,Ręką,Wipe sth off,Wytrzeć,,
6883,4,Tom VI,Rozdział LIII,Phrasale,Ręką,Bring over,Przynieść,,
6884,4,Tom VI,Rozdział LIII,Phrasale,Ręką,Give sth away,Dawać coś za darmo,,
6885,4,Tom VI,Rozdział LIII,Phrasale,Ręką,Hold sth up,Trzymać w górze,,
6886,4,Tom VI,Rozdział LIII,Phrasale,Ręką,Wrap sth up,Owinąć coś; zawinąć coś,,
6887,4,Tom VI,Rozdział LIII,Phrasale,Ręką,Put out sth,Wynosić coś (np. Śmieci),,
6888,4,Tom VI,Rozdział LIII,Phrasale,Ręką,Put sth back,Odłożyć z powrotem,,
6889,4,Tom VI,Rozdział LIV,Czasowniki,Biznes,Forecast,Prognozować; przewidywać,,
6890,4,Tom VI,Rozdział LIV,Czasowniki,Biznes,Hustle,Pospieszać,,
6891,4,Tom VI,Rozdział LIV,Czasowniki,Biznes,Issue,Wydawać oświadczenie; puszczać w obieg; publikować,,
6892,4,Tom VI,Rozdział LIV,Czasowniki,Biznes,Lease,Dzierżawić,,
6893,4,Tom VI,Rozdział LIV,Czasowniki,Biznes,Retail,Sprzedawać detalicznie,,
6894,4,Tom VI,Rozdział LIV,Czasowniki,Biznes,Surpass,Przekraczać; przewyższać (w jakości),,
6895,4,Tom VI,Rozdział LIV,Czasowniki,Biznes,Amend,Wnieść poprawki; poprawiać,,
6896,4,Tom VI,Rozdział LIV,Czasowniki,Biznes,Appoint,Powołać; wyznaczać,,
6897,4,Tom VI,Rozdział LIV,Czasowniki,Biznes,Assess,Ustalać na podstawie szacunków,,
6898,4,Tom VI,Rozdział LIV,Czasowniki,Biznes,Enroll,Zapisać się,,
6899,4,Tom VI,Rozdział LIV,Czasowniki,Biznes,Preside,Przewodniczyć,,
6900,4,Tom VI,Rozdział LIV,Czasowniki,Biznes,Reclaim,Żądać zwrotu; odzyskiwać (coś od kogoś),,
6901,4,Tom VI,Rozdział LIV,Czasowniki,Biznes,Validate,Uprawomocniać; potwierdzać,,
6902,4,Tom VI,Rozdział LIV,Czasowniki,Biznes,Possess,Posiadać,,
6903,4,Tom VI,Rozdział LIV,Czasowniki,Biznes,Lease,Dzierżawić,,
6904,4,Tom VI,Rozdział LIV,Czasowniki,Umysłowe,Examine,Zbadać wnikliwie,,
6905,4,Tom VI,Rozdział LIV,Czasowniki,Umysłowe,Recall,Przypominać sobie; przywołać z pamięci,,
6906,4,Tom VI,Rozdział LIV,Czasowniki,Umysłowe,Associate,Kojarzyć coś z czymś; wiązać (np. Fakty),,
6907,4,Tom VI,Rozdział LIV,Czasowniki,Umysłowe,Cope,Dawać sobie z czymś radę emocjonalnie,,
6908,4,Tom VI,Rozdział LIV,Czasowniki,Umysłowe,Memorize,Zapamiętywać,,
6909,4,Tom VI,Rozdział LIV,Czasowniki,Umysłowe,Resolve,"Rozwiązywać (problem, trudną sprawę)",,
6910,4,Tom VI,Rozdział LIV,Czasowniki,Umysłowe,Sense,Wyczuwać; przeczuwać,,
6911,4,Tom VI,Rozdział LIV,Czasowniki,Umysłowe,Tend,Mieć w zwyczaju (coś robić),,
6912,4,Tom VI,Rozdział LIV,Czasowniki,Umysłowe,Conceive,Pojmować,,
6913,4,Tom VI,Rozdział LIV,Czasowniki,Umysłowe,Demonstrate,Dowodzić (przedstawiać dowody),,
6914,4,Tom VI,Rozdział LIV,Czasowniki,Umysłowe,Rethink,Przemyśleć ponownie,,
6915,4,Tom VI,Rozdział LIV,Czasowniki,Umysłowe,Seek,Poszukiwać (czegoś bardzo konkretnego),,
6916,4,Tom VI,Rozdział LIV,Czasowniki,Umysłowe,Settle,Rozstrzygać; ustalać,,
6917,4,Tom VI,Rozdział LIV,Czasowniki,Umysłowe,Comprehend,Pojąć; ogarnąć (coś),,
6918,4,Tom VI,Rozdział LIV,Czasowniki,Umysłowe,Determine,Określać; ustalić,,
6919,4,Tom VI,Rozdział LIV,Slang,Slang 24,All your base are belong to us,Mamy was (wygraliśmy),,
6920,4,Tom VI,Rozdział LIV,Slang,Slang 24,Cool beans,Sponio,,
6921,4,Tom VI,Rozdział LIV,Slang,Slang 24,Damn gina,O ja cię kręcę,,
6922,4,Tom VI,Rozdział LIV,Slang,Slang 24,Doe,Wyraz zachwytu,,
6923,4,Tom VI,Rozdział LIV,Slang,Slang 24,Done and done,Fajrant; buda stoi,,
6924,4,Tom VI,Rozdział LIV,Slang,Slang 24,Pop a seat,Usiądź sobie,,
6925,4,Tom VI,Rozdział LIV,Slang,Slang 24,Take a chill pill,Wyluzuj,,
6926,4,Tom VI,Rozdział LIV,Slang,Slang 24,Totes,Totalnie,,
6927,4,Tom VI,Rozdział LIV,Slang,Slang 24,W00t!,Rozwaliliśmy ich,,
6928,4,Tom VI,Rozdział LIV,Slang,Slang 24,Hundo p,Stopro,,
6929,4,Tom VI,Rozdział LIV,Rzeczowniki,Kultura,Painting,Malarstwo,,
6930,4,Tom VI,Rozdział LIV,Rzeczowniki,Kultura,Drums,Perkusja,,
6931,4,Tom VI,Rozdział LIV,Rzeczowniki,Kultura,Orchestra,Orkiestra,,
6932,4,Tom VI,Rozdział LIV,Rzeczowniki,Kultura,Portrait,Portret,,
6933,4,Tom VI,Rozdział LIV,Rzeczowniki,Kultura,Clown,Klaun,,
6934,4,Tom VI,Rozdział LIV,Rzeczowniki,Kultura,Funeral,Pogrzeb,,
6935,4,Tom VI,Rozdział LIV,Rzeczowniki,Kultura,Death,Śmierć,,
6936,4,Tom VI,Rozdział LIV,Rzeczowniki,Kultura,Poison,Trucizna,,
6937,4,Tom VI,Rozdział LIV,Rzeczowniki,Kultura,Grave,Grób,,
6938,4,Tom VI,Rozdział LIV,Rzeczowniki,Kultura,Suicide,Samobójstwo,,
6939,4,Tom VI,Rozdział LIV,Rzeczowniki,Kultura,Testament,Testament,,
6940,4,Tom VI,Rozdział LIV,Rzeczowniki,Kultura,Dying,Umieranie,,
6941,4,Tom VI,Rozdział LIV,Rzeczowniki,Kultura,Abortion,Aborcja,,
6942,4,Tom VI,Rozdział LIV,Rzeczowniki,Kultura,Death certificate,Akt zgonu,,
6943,4,Tom VI,Rozdział LIV,Rzeczowniki,Kultura,Cemetery,Cmentarz,,
6944,4,Tom VI,Rozdział LIV,Czasowniki,Ruch I bezczynność,Rush,Pędzić; poganiać; spieszyć się,,
6945,4,Tom VI,Rozdział LIV,Czasowniki,Ruch I bezczynność,Speed,Przekraczać prędkość; pędzić,,
6946,4,Tom VI,Rozdział LIV,Czasowniki,Ruch I bezczynność,Spin,Kręcić,,
6947,4,Tom VI,Rozdział LIV,Czasowniki,Ruch I bezczynność,Spread,Rozłożyć; rozkładać,,
6948,4,Tom VI,Rozdział LIV,Czasowniki,Ruch I bezczynność,Twist,Skręcać (się),,
6949,4,Tom VI,Rozdział LIV,Czasowniki,Ruch I bezczynność,Commute,"Dojeżdżać do (np. Pracy, szkoły)",,
6950,4,Tom VI,Rozdział LIV,Czasowniki,Ruch I bezczynność,Hunch,Garbić się,,
6951,4,Tom VI,Rozdział LIV,Czasowniki,Ruch I bezczynność,Shelter,Schronić się; kryć się (przed złą pogodą),,
6952,4,Tom VI,Rozdział LIV,Czasowniki,Ruch I bezczynność,Stomp,Tupać; deptać,,
6953,4,Tom VI,Rozdział LIV,Czasowniki,Ruch I bezczynność,Stumble,Potykać się; utknąć,,
6954,4,Tom VI,Rozdział LIV,Czasowniki,Ruch I bezczynność,Tow,"Holować (przeciąganie czegoś za sobą liny, łańcucha)",,
6955,4,Tom VI,Rozdział LIV,Czasowniki,Ruch I bezczynność,Abandon,Porzucić; zostawić,,
6956,4,Tom VI,Rozdział LIV,Czasowniki,Ruch I bezczynność,Bounce,Odbijać się; podskakiwać (przedmioty),,
6957,4,Tom VI,Rozdział LIV,Czasowniki,Ruch I bezczynność,Cruise,Krążyć po morzu; jeździć; latać,,
6958,4,Tom VI,Rozdział LIV,Czasowniki,Ruch I bezczynność,Dash,Gnać; pędzić,,
6959,4,Tom VI,Rozdział LIV,Slang,Slang 25,Batch,Kawaler (wolny strzelec),,
6960,4,Tom VI,Rozdział LIV,Slang,Slang 25,Brainiac,Łeb jak sklep,,
6961,4,Tom VI,Rozdział LIV,Slang,Slang 25,Brotha,Brat; brachol,,
6962,4,Tom VI,Rozdział LIV,Slang,Slang 25,Straight edge,"Ktoś, kto żyje zdrowo",,
6963,4,Tom VI,Rozdział LIV,Slang,Slang 25,Guv,"Przyjaźnie do nieznajomego, albo zwierzchnika (londyn)",,
6964,4,Tom VI,Rozdział LIV,Slang,Slang 25,Chum,Kumpel; stary,,
6965,4,Tom VI,Rozdział LIV,Slang,Slang 25,Mad-dog,Zafiksowany,,
6966,4,Tom VI,Rozdział LIV,Slang,Slang 25,Mr know it all,Pan wszystkowiedzący,,
6967,4,Tom VI,Rozdział LIV,Slang,Slang 25,Salty dog,Stary wyga,,
6968,4,Tom VI,Rozdział LIV,Slang,Slang 25,Dog,Ziąbal,,
6969,4,Tom VI,Rozdział LIV,Rzeczowniki,Zwierzęta,Weasel,Łasica,,
6970,4,Tom VI,Rozdział LIV,Rzeczowniki,Zwierzęta,Roe deer,Sarna,,
6971,4,Tom VI,Rozdział LIV,Rzeczowniki,Zwierzęta,Raccoon,Szop,,
6972,4,Tom VI,Rozdział LIV,Rzeczowniki,Zwierzęta,Whiskers,Wąsy (kota),,
6973,4,Tom VI,Rozdział LIV,Rzeczowniki,Zwierzęta,Cockroach,Karaluch,,
6974,4,Tom VI,Rozdział LIV,Rzeczowniki,Zwierzęta,Octopus,Ośmiornica,,
6975,4,Tom VI,Rozdział LIV,Rzeczowniki,Zwierzęta,Badger,Borsuk,,
6976,4,Tom VI,Rozdział LIV,Rzeczowniki,Zwierzęta,Beetle,Chrząszcz,,
6977,4,Tom VI,Rozdział LIV,Rzeczowniki,Zwierzęta,Predator,Drapieżnik,,
6978,4,Tom VI,Rozdział LIV,Rzeczowniki,Zwierzęta,Reptile,Gad,,
6979,4,Tom VI,Rozdział LIV,Rzeczowniki,Zwierzęta,Cheetah,Gepard,,
6980,4,Tom VI,Rozdział LIV,Rzeczowniki,Zwierzęta,Rodent,Gryzoń,,
6981,4,Tom VI,Rozdział LIV,Rzeczowniki,Zwierzęta,Hedgehog,Jeż,,
6982,4,Tom VI,Rozdział LIV,Rzeczowniki,Zwierzęta,Mare,Klacz,,
6983,4,Tom VI,Rozdział LIV,Rzeczowniki,Zwierzęta,Koala,Koala,,
6984,4,Tom VI,Rozdział LIV,Rzeczowniki,Emocje I uczucia,Sight,Wzrok,,
6985,4,Tom VI,Rozdział LIV,Rzeczowniki,Emocje I uczucia,Tension,Napięcie,,
6986,4,Tom VI,Rozdział LIV,Rzeczowniki,Emocje I uczucia,Drive,Popęd,,
6987,4,Tom VI,Rozdział LIV,Rzeczowniki,Emocje I uczucia,Concern,Niepokój; troska,,
6988,4,Tom VI,Rozdział LIV,Rzeczowniki,Emocje I uczucia,Remorse,Wyrzuty sumienia,,
6989,4,Tom VI,Rozdział LIV,Rzeczowniki,Emocje I uczucia,Criticism,Krytyka,,
6990,4,Tom VI,Rozdział LIV,Rzeczowniki,Emocje I uczucia,Lust,Pożądanie,,
6991,4,Tom VI,Rozdział LIV,Rzeczowniki,Emocje I uczucia,Craving,Łaknienie;ochota na coś,,
6992,4,Tom VI,Rozdział LIV,Rzeczowniki,Emocje I uczucia,Apathy,Apatia,,
6993,4,Tom VI,Rozdział LIV,Rzeczowniki,Emocje I uczucia,Manner,Sposób zachowania; maniera,,
6994,4,Tom VI,Rozdział LIV,Rzeczowniki,Emocje I uczucia,Yearning,Tęsknota,,
6995,4,Tom VI,Rozdział LIV,Rzeczowniki,Emocje I uczucia,Affection,Przywiązanie; uczucie,,
6996,4,Tom VI,Rozdział LIV,Rzeczowniki,Emocje I uczucia,Vehemence,Gwałtowność; pasja,,
6997,4,Tom VI,Rozdział LIV,Rzeczowniki,Emocje I uczucia,Zeal,Gorliwość,,
6998,4,Tom VI,Rozdział LIV,Rzeczowniki,Emocje I uczucia,Melancholy,Melancholia,,
6999,4,Tom VI,Rozdział LIV,Slang,Slang 26,Crash,Wpaść (bez zapowiedzi),,
7000,4,Tom VI,Rozdział LIV,Slang,Slang 26,Get hooked,Wstąpić w związek małżeński (ochajtać się),,
7001,4,Tom VI,Rozdział LIV,Slang,Slang 26,Hooked,"Uzależniony od czegoś; ktoś mu coś zapewnił, dostarcza",,
7002,4,Tom VI,Rozdział LIV,Slang,Slang 26,Noogie,Muka; kuksaniec,,
7003,4,Tom VI,Rozdział LIV,Slang,Slang 26,Sack up,Zebrać się na odwagę,,
7004,4,Tom VI,Rozdział LIV,Slang,Slang 26,Ship,Popierać czyjś związek,,
7005,4,Tom VI,Rozdział LIV,Slang,Slang 26,Leg it,Uciekać,,
7006,4,Tom VI,Rozdział LIV,Slang,Slang 26,Feeling smn,"Wiedzieć, co ktoś czuje",,
7007,4,Tom VI,Rozdział LIV,Slang,Slang 26,Benching,Bycie opcją rezerwową,,
7008,4,Tom VI,Rozdział LIV,Slang,Slang 26,Cuffing,Zaobrączkować się,,
7009,4,Tom VI,Rozdział LIV,Czasowniki,Świat cyfrowy,Customize,Dostosowywać  (np. Do konkretnej osoby),,
7010,4,Tom VI,Rozdział LIV,Czasowniki,Świat cyfrowy,Insert,Wstawić (np. Płytę),,
7011,4,Tom VI,Rozdział LIV,Czasowniki,Świat cyfrowy,Consume,Zużywać; spożywać; konsumować,,
7012,4,Tom VI,Rozdział LIV,Czasowniki,Świat cyfrowy,Detect,Wykrywać,,
7013,4,Tom VI,Rozdział LIV,Czasowniki,Świat cyfrowy,Disable,Wyłączać (opcje w technologii),,
7014,4,Tom VI,Rozdział LIV,Czasowniki,Świat cyfrowy,Display,Wystawiać; wyświetlać,,
7015,4,Tom VI,Rozdział LIV,Czasowniki,Świat cyfrowy,Enable,Włączać (opcje w technologii),,
7016,4,Tom VI,Rozdział LIV,Czasowniki,Świat cyfrowy,Harness,Ujarzmić (np. Technologię),,
7017,4,Tom VI,Rozdział LIV,Czasowniki,Świat cyfrowy,Trace,Namierzać,,
7018,4,Tom VI,Rozdział LIV,Czasowniki,Świat cyfrowy,Bypass,Omijać; obchodzić (zabezpieczenia),,
7019,4,Tom VI,Rozdział LIV,Czasowniki,Świat cyfrowy,Play,Odtwarzać,,
7020,4,Tom VI,Rozdział LIV,Czasowniki,Świat cyfrowy,Restore,Przywracać,,
7021,4,Tom VI,Rozdział LIV,Czasowniki,Świat cyfrowy,Stream,Przesyłać strumieniowo; transmitować; streamować,,
7022,4,Tom VI,Rozdział LIV,Czasowniki,Świat cyfrowy,Trigger,"Wywoływać; odpalić (mechanizm, alarm)",,
7023,4,Tom VI,Rozdział LIV,Czasowniki,Świat cyfrowy,Undo,Cofnąć do poprzedniego; anulować krok,,
7024,4,Tom VI,Rozdział LV,Przymiotniki,Rycerz,Committed,Oddany (np. Przedsięwzięciu),,
7025,4,Tom VI,Rozdział LV,Przymiotniki,Rycerz,Witty,Dowcipny; błyskotliwy; potrafiący prowadzić ciekawą rozmowę,,
7026,4,Tom VI,Rozdział LV,Przymiotniki,Rycerz,Devoted,Poświęcony; oddany,,
7027,4,Tom VI,Rozdział LV,Przymiotniki,Rycerz,Passionate,Namiętny; żarliwy; pełen pasji,,
7028,4,Tom VI,Rozdział LV,Przymiotniki,Rycerz,Noble,Szlachetny; dostojny,,
7029,4,Tom VI,Rozdział LV,Przymiotniki,Rycerz,Dedicated,Zaangażowany; oddany,,
7030,4,Tom VI,Rozdział LV,Przymiotniki,Rycerz,Tactful,Taktowny,,
7031,4,Tom VI,Rozdział LV,Przymiotniki,Rycerz,Selfless,Bezinteresowny,,
7032,4,Tom VI,Rozdział LV,Przymiotniki,Rycerz,Tenacious,Nieustępliwy; wytrwały,,
7033,4,Tom VI,Rozdział LV,Przymiotniki,Rycerz,Compassionate,Pełen współczucia,,
7034,4,Tom VI,Rozdział LV,Przymiotniki,Rycerz,Fearless,Nieustraszony,,
7035,4,Tom VI,Rozdział LV,Przymiotniki,Rycerz,Flattering,Pochlebny,,
7036,4,Tom VI,Rozdział LV,Przymiotniki,Rycerz,Tender,Czuły; delikatny,,
7037,4,Tom VI,Rozdział LV,Przymiotniki,Rycerz,Courteous,Kurtuazyjny; uprzejmy; grzeczny,,
7038,4,Tom VI,Rozdział LV,Przymiotniki,Rycerz,Thoughtful,Myślący o innych; troskliwy,,
7039,4,Tom VI,Rozdział LV,Przymiotniki,Unikać,Reckless,Lekkomyślny,,
7040,4,Tom VI,Rozdział LV,Przymiotniki,Unikać,Affair,Afera,,
7041,4,Tom VI,Rozdział LV,Przymiotniki,Unikać,Arrogance,Arogancja,,
7042,4,Tom VI,Rozdział LV,Przymiotniki,Unikać,Desperation,Desperacja,,
7043,4,Tom VI,Rozdział LV,Przymiotniki,Unikać,Egoism,Egoizm,,
7044,4,Tom VI,Rozdział LV,Przymiotniki,Unikać,Frustration,Frustracja,,
7045,4,Tom VI,Rozdział LV,Przymiotniki,Unikać,Fury,Furia,,
7046,4,Tom VI,Rozdział LV,Przymiotniki,Unikać,Irritation,Irytacja,,
7047,4,Tom VI,Rozdział LV,Przymiotniki,Unikać,Pity,Szkoda; żal (litość),,
7048,4,Tom VI,Rozdział LV,Przymiotniki,Unikać,Impatience,Niecierpliwość,,
7049,4,Tom VI,Rozdział LV,Przymiotniki,Unikać,Dishonesty,Nieuczciwość,,
7050,4,Tom VI,Rozdział LV,Przymiotniki,Unikać,Boredom,Nuda,,
7051,4,Tom VI,Rozdział LV,Przymiotniki,Unikać,Anxiety,Obawa; lęk,,
7052,4,Tom VI,Rozdział LV,Przymiotniki,Unikać,Insult,Obelga,,
7053,4,Tom VI,Rozdział LV,Przymiotniki,Unikać,Offense,Obraza; zniewaga,,
7054,4,Tom VI,Rozdział LV,Rzeczowniki,Biznes,Trade show,Targi (np. Turystyczne),,
7055,4,Tom VI,Rozdział LV,Rzeczowniki,Biznes,Commodity,Towar,,
7056,4,Tom VI,Rozdział LV,Rzeczowniki,Biznes,Trademark,Znak firmowy,,
7057,4,Tom VI,Rozdział LV,Rzeczowniki,Biznes,Franchise,Franczyza,,
7058,4,Tom VI,Rozdział LV,Rzeczowniki,Biznes,Mortgage,Hipoteka,,
7059,4,Tom VI,Rozdział LV,Rzeczowniki,Biznes,Confirmation,Potwierdzenie,,
7060,4,Tom VI,Rozdział LV,Rzeczowniki,Biznes,Speculation,Rozważanie; spekulacja,,
7061,4,Tom VI,Rozdział LV,Rzeczowniki,Biznes,Headquarters,Siedziba,,
7062,4,Tom VI,Rozdział LV,Rzeczowniki,Biznes,Complaint,Skarga; zażalenie,,
7063,4,Tom VI,Rozdział LV,Rzeczowniki,Biznes,Chart,Wykres; tabela,,
7064,4,Tom VI,Rozdział LV,Rzeczowniki,Biznes,Founder,Założyciel,,
7065,4,Tom VI,Rozdział LV,Rzeczowniki,Biznes,Management,Zarządzanie; zarząd,,
7066,4,Tom VI,Rozdział LV,Rzeczowniki,Biznes,Provider,Dostarczyciel; dostawca,,
7067,4,Tom VI,Rozdział LV,Rzeczowniki,Biznes,Networking,Nawiązywanie kontaktów; networking,,
7068,4,Tom VI,Rozdział LV,Rzeczowniki,Biznes,Assets,Aktywa,,
7069,4,Tom VI,Rozdział LV,Czasowniki,Czasowniki 23,Surrender,Poddawać się,,
7070,4,Tom VI,Rozdział LV,Czasowniki,Czasowniki 23,Accompany,Towarzyszyć,,
7071,4,Tom VI,Rozdział LV,Czasowniki,Czasowniki 23,Coddle,Hołubić,,
7072,4,Tom VI,Rozdział LV,Czasowniki,Czasowniki 23,Devote,"Poświęcać (coś czemuś, dla kogoś)",,
7073,4,Tom VI,Rozdział LV,Czasowniki,Czasowniki 23,Empower,Umożliwiać; uprawniać; upoważniać,,
7074,4,Tom VI,Rozdział LV,Czasowniki,Czasowniki 23,Encounter,Napotkać; zetknąć się,,
7075,4,Tom VI,Rozdział LV,Czasowniki,Czasowniki 23,Favor,Faworyzować,,
7076,4,Tom VI,Rozdział LV,Czasowniki,Czasowniki 23,Hail,Pozdrowić; okrzyknąć,,
7077,4,Tom VI,Rozdział LV,Czasowniki,Czasowniki 23,Nurse,Pielęgnować; opiekować,,
7078,4,Tom VI,Rozdział LV,Czasowniki,Czasowniki 23,Soothe,Uspokajać (np. Dziecko),,
7079,4,Tom VI,Rozdział LV,Czasowniki,Czasowniki 23,Withhold,Wstrzymywać,,
7080,4,Tom VI,Rozdział LV,Czasowniki,Czasowniki 23,Defy,Przeciwstawiać się,,
7081,4,Tom VI,Rozdział LV,Czasowniki,Czasowniki 23,Dub,Nadać przydomek; przezywać (najczęściej zabawnie),,
7082,4,Tom VI,Rozdział LV,Czasowniki,Czasowniki 23,Mimic,Naśladować,,
7083,4,Tom VI,Rozdział LV,Czasowniki,Czasowniki 23,Succumb,Ulec (czemuś),,
7084,4,Tom VI,Rozdział LV,Rzeczowniki,Sport,Endurance,Wytrzymałość,,
7085,4,Tom VI,Rozdział LV,Rzeczowniki,Sport,Stamina,Wytrzymałość (kondycja),,
7086,4,Tom VI,Rozdział LV,Rzeczowniki,Sport,Wrestling,Zapasy,,
7087,4,Tom VI,Rozdział LV,Rzeczowniki,Sport,Pool,Bilard,,
7088,4,Tom VI,Rozdział LV,Rzeczowniki,Sport,Gymnastics,Gimnastyka,,
7089,4,Tom VI,Rozdział LV,Rzeczowniki,Sport,Scouting,Harcerstwo,,
7090,4,Tom VI,Rozdział LV,Rzeczowniki,Sport,Disqualification,Dyskwalifikacja,,
7091,4,Tom VI,Rozdział LV,Rzeczowniki,Sport,Sailing,Żeglarstwo,,
7092,4,Tom VI,Rozdział LV,Rzeczowniki,Sport,Commentator,Komentator,,
7093,4,Tom VI,Rozdział LV,Rzeczowniki,Sport,Defeat,Porażka; przegrana,,
7094,4,Tom VI,Rozdział LV,Rzeczowniki,Sport,Strength,Siła (fizyczna),,
7095,4,Tom VI,Rozdział LV,Rzeczowniki,Sport,Parachute,Spadochron,,
7096,4,Tom VI,Rozdział LV,Rzeczowniki,Sport,Struggle,Zmaganie się z czymś; walka,,
7097,4,Tom VI,Rozdział LV,Rzeczowniki,Sport,Fighter,Wojownik (zawodnik),,
7098,4,Tom VI,Rozdział LV,Rzeczowniki,Sport,Strategy,Strategia,,
7099,4,Tom VI,Rozdział LV,Spójniki,Spójniki 6,In spite of,Mimo czegoś,,
7100,4,Tom VI,Rozdział LV,Spójniki,Spójniki 6,On the other hand,Z drugiej strony,,
7101,4,Tom VI,Rozdział LV,Spójniki,Spójniki 6,Albeit,Aczkolwiek; chociaż,,
7102,4,Tom VI,Rozdział LV,Spójniki,Spójniki 6,By contrast,Dla kontrastu,,
7103,4,Tom VI,Rozdział LV,Spójniki,Spójniki 6,Lest,Ażeby nie,,
7104,4,Tom VI,Rozdział LV,Spójniki,Spójniki 6,Opposite to,W przeciwieństwie o,,
7105,4,Tom VI,Rozdział LV,Spójniki,Spójniki 6,Alternatively,Alternatywnie; ewentualnie,,
7106,4,Tom VI,Rozdział LV,Spójniki,Spójniki 6,Barring,Wyjąwszy; o ile nie będzie,,
7107,4,Tom VI,Rozdział LV,Spójniki,Spójniki 6,Nonetheless,Niemniej jednak; jakkolwiek,,
7108,4,Tom VI,Rozdział LV,Spójniki,Spójniki 6,Notwithstanding,Jednakże,,
7109,4,Tom VI,Rozdział LV,Rzeczowniki,Świętowanie,Prank,Kawał,,
7110,4,Tom VI,Rozdział LV,Rzeczowniki,Świętowanie,Jubilee,Jubileusz,,
7111,4,Tom VI,Rozdział LV,Rzeczowniki,Świętowanie,Fireworks,Fajerwerki,,
7112,4,Tom VI,Rozdział LV,Rzeczowniki,Świętowanie,Feast,Uczta,,
7113,4,Tom VI,Rozdział LV,Rzeczowniki,Świętowanie,Countdown,Odliczanie,,
7114,4,Tom VI,Rozdział LV,Rzeczowniki,Świętowanie,Cancellation,Odwołanie,,
7115,4,Tom VI,Rozdział LV,Rzeczowniki,Świętowanie,Carnival,Karnawał,,
7116,4,Tom VI,Rozdział LV,Rzeczowniki,Świętowanie,Festivity,Święto; uroczystość,,
7117,4,Tom VI,Rozdział LV,Rzeczowniki,Świętowanie,Commemoration,Obchody,,
7118,4,Tom VI,Rozdział LV,Rzeczowniki,Świętowanie,Testimonial,Benefis,,
7119,4,Tom VI,Rozdział LV,Rzeczowniki,Świętowanie,Thanksgiving,Święto dziękczynienia,,
7120,4,Tom VI,Rozdział LV,Rzeczowniki,Świętowanie,Family celebration,Uroczystość rodzinna,,
7121,4,Tom VI,Rozdział LV,Rzeczowniki,Świętowanie,Jamboree,Uroczysty zjazd,,
7122,4,Tom VI,Rozdział LV,Rzeczowniki,Świętowanie,Rejoicing,Weselenie się,,
7123,4,Tom VI,Rozdział LV,Rzeczowniki,Świętowanie,Fun and games,Gry I zabawy,,
7124,4,Tom VI,Rozdział LV,Rzeczowniki,Zdrowie,Recovery,Powrót do zdrowia; regeneracja,,
7125,4,Tom VI,Rozdział LV,Rzeczowniki,Zdrowie,Supplementation,Suplementacja,,
7126,4,Tom VI,Rozdział LV,Rzeczowniki,Zdrowie,Contraception,Antykoncepcja,,
7127,4,Tom VI,Rozdział LV,Rzeczowniki,Zdrowie,Carbohydrates,Węglowodany,,
7128,4,Tom VI,Rozdział LV,Rzeczowniki,Zdrowie,Steroids,Sterydy,,
7129,4,Tom VI,Rozdział LV,Rzeczowniki,Zdrowie,Lifespan,Długość życia,,
7130,4,Tom VI,Rozdział LV,Rzeczowniki,Zdrowie,Bloodstream,Krwioobieg,,
7131,4,Tom VI,Rozdział LV,Rzeczowniki,Zdrowie,Immunity,Odporność,,
7132,4,Tom VI,Rozdział LV,Rzeczowniki,Zdrowie,Nutrition,Odżywianie,,
7133,4,Tom VI,Rozdział LV,Rzeczowniki,Zdrowie,Prevention,Profilaktyka,,
7134,4,Tom VI,Rozdział LV,Rzeczowniki,Zdrowie,Immune system,Układ odpornościowy,,
7135,4,Tom VI,Rozdział LV,Rzeczowniki,Zdrowie,Erection,Erekcja; wzwód,,
7136,4,Tom VI,Rozdział LV,Rzeczowniki,Zdrowie,Longevity,Długowieczność,,
7137,4,Tom VI,Rozdział LV,Rzeczowniki,Zdrowie,Blood circulation,Krążenie krwi,,
7138,4,Tom VI,Rozdział LV,Rzeczowniki,Zdrowie,Digestion,Trawienie,,
7139,4,Tom VI,Rozdział LV,Przymiotniki,Przymiotniki 24,Matching,"Dobrany (np. W tym samym kolorze, wzorze)",,
7140,4,Tom VI,Rozdział LV,Przymiotniki,Przymiotniki 24,Provocative,Prowokacyjny,,
7141,4,Tom VI,Rozdział LV,Przymiotniki,Przymiotniki 24,Dyed,Farbowany,,
7142,4,Tom VI,Rozdział LV,Przymiotniki,Przymiotniki 24,Tempting,Kuszący,,
7143,4,Tom VI,Rozdział LV,Przymiotniki,Przymiotniki 24,Outdated,Przestarzały,,
7144,4,Tom VI,Rozdział LV,Przymiotniki,Przymiotniki 24,Distinctive,Wyróżniający,,
7145,4,Tom VI,Rozdział LV,Przymiotniki,Przymiotniki 24,Checkered,W kratkę,,
7146,4,Tom VI,Rozdział LV,Przymiotniki,Przymiotniki 24,Spotted,W kropki,,
7147,4,Tom VI,Rozdział LV,Przymiotniki,Przymiotniki 24,Uptown,Wytworny,,
7148,4,Tom VI,Rozdział LV,Przymiotniki,Przymiotniki 24,Patterned,Wzorzysty,,
7149,4,Tom VI,Rozdział LV,Przymiotniki,Przymiotniki 24,Filthy,Bardzo brudny (ohydny),,
7150,4,Tom VI,Rozdział LV,Przymiotniki,Przymiotniki 24,Frumpy,Bez gustu,,
7151,4,Tom VI,Rozdział LV,Przymiotniki,Przymiotniki 24,Tailored,Dopasowany; uszyty na miarę,,
7152,4,Tom VI,Rozdział LV,Przymiotniki,Przymiotniki 24,Feminine,Kobiecy,,
7153,4,Tom VI,Rozdział LV,Przymiotniki,Przymiotniki 24,Stocky,Krępy; przysadzisty,,
7154,4,Tom VI,Rozdział LV,Slang,Rodzinka,Lil,Mały (zdrobnienie od little),,
7155,4,Tom VI,Rozdział LV,Slang,Rodzinka,Sis,Siostrzyczka,,
7156,4,Tom VI,Rozdział LV,Slang,Rodzinka,Kiddo,Młody (dzieciak),,
7157,4,Tom VI,Rozdział LV,Slang,Rodzinka,Folks,Starzy (rodzice),,
7158,4,Tom VI,Rozdział LV,Slang,Rodzinka,Booger,Fleja z nosa; spadochroniarz,,
7159,4,Tom VI,Rozdział LV,Slang,Rodzinka,Creeper,Brzdąc; maluch,,
7160,4,Tom VI,Rozdział LV,Slang,Rodzinka,Dumped,Rozwódka lub rozwodnik,,
7161,4,Tom VI,Rozdział LV,Slang,Rodzinka,Auntie,Ciotunia,,
7162,4,Tom VI,Rozdział LV,Slang,Rodzinka,Unc,Wujas,,
7163,4,Tom VI,Rozdział LV,Slang,Rodzinka,Parachute parent,Nadopiekuńczy rodzic,,
7164,4,Tom VI,Rozdział  LVI,Rzeczowniki,Społeczeństwo,Uprising,Powstanie,,
7165,4,Tom VI,Rozdział  LVI,Rzeczowniki,Społeczeństwo,Obedience,Posłuszeństwo,,
7166,4,Tom VI,Rozdział  LVI,Rzeczowniki,Społeczeństwo,Homelessness,Bezdomność,,
7167,4,Tom VI,Rozdział  LVI,Rzeczowniki,Społeczeństwo,Rentier,Rentier,,
7168,4,Tom VI,Rozdział  LVI,Rzeczowniki,Społeczeństwo,Decree,Dekret,,
7169,4,Tom VI,Rozdział  LVI,Rzeczowniki,Społeczeństwo,Feminism,Feminizm,,
7170,4,Tom VI,Rozdział  LVI,Rzeczowniki,Społeczeństwo,Turnout,Frekwencja,,
7171,4,Tom VI,Rozdział  LVI,Rzeczowniki,Społeczeństwo,Borough,Gmina,,
7172,4,Tom VI,Rozdział  LVI,Rzeczowniki,Społeczeństwo,Social group,Grupa społeczna,,
7173,4,Tom VI,Rozdział  LVI,Rzeczowniki,Społeczeństwo,Candidacy,Kandydatura,,
7174,4,Tom VI,Rozdział  LVI,Rzeczowniki,Społeczeństwo,Capitalist,Kapitalista,,
7175,4,Tom VI,Rozdział  LVI,Rzeczowniki,Społeczeństwo,Capitalism,Kapitalizm,,
7176,4,Tom VI,Rozdział  LVI,Rzeczowniki,Społeczeństwo,Allowance,Kieszonkowe; dodatek (finansowy),,
7177,4,Tom VI,Rozdział  LVI,Rzeczowniki,Społeczeństwo,Social class,Klasa społeczna,,
7178,4,Tom VI,Rozdział  LVI,Rzeczowniki,Społeczeństwo,Coalition,Koalicja,,
7179,4,Tom VI,Rozdział  LVI,Rzeczowniki,Rzeczowniki 14,Alcoholism,Alkoholizm,,
7180,4,Tom VI,Rozdział  LVI,Rzeczowniki,Rzeczowniki 14,Depression,Depresja,,
7181,4,Tom VI,Rozdział  LVI,Rzeczowniki,Rzeczowniki 14,Slave,Niewolnik,,
7182,4,Tom VI,Rozdział  LVI,Rzeczowniki,Rzeczowniki 14,Racist,Rasista,,
7183,4,Tom VI,Rozdział  LVI,Rzeczowniki,Rzeczowniki 14,Hooligan,Chuligan,,
7184,4,Tom VI,Rozdział  LVI,Rzeczowniki,Rzeczowniki 14,Obsession,Obsesja,,
7185,4,Tom VI,Rozdział  LVI,Rzeczowniki,Rzeczowniki 14,Drug addiction,Narkomania; uzależnienie od narkotyków,,
7186,4,Tom VI,Rozdział  LVI,Rzeczowniki,Rzeczowniki 14,Slavery,Niewolnictwo,,
7187,4,Tom VI,Rozdział  LVI,Rzeczowniki,Rzeczowniki 14,Racism,Rasizm,,
7188,4,Tom VI,Rozdział  LVI,Rzeczowniki,Rzeczowniki 14,Illiteracy,Analfabetyzm,,
7189,4,Tom VI,Rozdział  LVI,Rzeczowniki,Rzeczowniki 14,Mental breakdown,Załamanie psychiczne,,
7190,4,Tom VI,Rozdział  LVI,Rzeczowniki,Rzeczowniki 14,Hooliganism,Chuligaństwo,,
7191,4,Tom VI,Rozdział  LVI,Rzeczowniki,Rzeczowniki 14,Xenophobia,Ksenofobia,,
7192,4,Tom VI,Rozdział  LVI,Rzeczowniki,Rzeczowniki 14,Chauvinism,Szowinizm,,
7193,4,Tom VI,Rozdział  LVI,Rzeczowniki,Rzeczowniki 14,Fanaticism,Fanatyzm,,
7194,4,Tom VI,Rozdział  LVI,Przymiotniki,Czas I kolejność,Contemporary,Współczesny,,
7195,4,Tom VI,Rozdział  LVI,Przymiotniki,Czas I kolejność,Initial,Początkowy; wstępny,,
7196,4,Tom VI,Rozdział  LVI,Przymiotniki,Czas I kolejność,Eternal,Wieczny,,
7197,4,Tom VI,Rozdział  LVI,Przymiotniki,Czas I kolejność,All-time,Wszechczasów,,
7198,4,Tom VI,Rozdział  LVI,Przymiotniki,Czas I kolejność,Chronological,Chronologiczny,,
7199,4,Tom VI,Rozdział  LVI,Przymiotniki,Czas I kolejność,Subsequent,Kolejny; dalszy,,
7200,4,Tom VI,Rozdział  LVI,Przymiotniki,Czas I kolejność,Consecutive,Kolejny z rzędu,,
7201,4,Tom VI,Rozdział  LVI,Przymiotniki,Czas I kolejność,Open-ended,Na czas nieokreślony,,
7202,4,Tom VI,Rozdział  LVI,Przymiotniki,Czas I kolejność,Forthcoming,Nadchodzący; przyszły,,
7203,4,Tom VI,Rozdział  LVI,Przymiotniki,Czas I kolejność,Overnight,Całonocny,,
7204,4,Tom VI,Rozdział  LVI,Przymiotniki,Czas I kolejność,Evergreen,Niestarzejący się; wiecznie zielony; zimozielony,,
7205,4,Tom VI,Rozdział  LVI,Przymiotniki,Czas I kolejność,Longtime,Długoletni,,
7206,4,Tom VI,Rozdział  LVI,Przymiotniki,Czas I kolejność,First-ever,Pierwszy w ogóle,,
7207,4,Tom VI,Rozdział  LVI,Przymiotniki,Czas I kolejność,Precocious,Przedwczesny; pochopny,,
7208,4,Tom VI,Rozdział  LVI,Przymiotniki,Czas I kolejność,Premature,Przedterminowy; przedwczesny,,
7209,4,Tom VI,Rozdział  LVI,Przymiotniki,Jak często,Ever-present,Wciąż obecny,,
7210,4,Tom VI,Rozdział  LVI,Przymiotniki,Jak często,Repetitive,Powtarzalny,,
7211,4,Tom VI,Rozdział  LVI,Przymiotniki,Jak często,Continuous,Ciągły; nieprzerwany,,
7212,4,Tom VI,Rozdział  LVI,Przymiotniki,Jak często,Everlasting,Nieustający,,
7213,4,Tom VI,Rozdział  LVI,Przymiotniki,Jak często,Seasonal,Sezonowy,,
7214,4,Tom VI,Rozdział  LVI,Przymiotniki,Jak często,Persistent,Uporczywy; wytrwały,,
7215,4,Tom VI,Rozdział  LVI,Przymiotniki,Jak często,Recurring,Powracający,,
7216,4,Tom VI,Rozdział  LVI,Przymiotniki,Jak często,Ever-changing,Stale zmieniający się,,
7217,4,Tom VI,Rozdział  LVI,Przymiotniki,Jak często,Lifelong,Trwający całe życie,,
7218,4,Tom VI,Rozdział  LVI,Przymiotniki,Jak często,Recurrent,Nawracający,,
7219,4,Tom VI,Rozdział  LVI,Przymiotniki,Jak często,Intermittent,Przerywany,,
7220,4,Tom VI,Rozdział  LVI,Przymiotniki,Jak często,Perennial,Nieprzemijający;odwieczny,,
7221,4,Tom VI,Rozdział  LVI,Przymiotniki,Jak często,Incessant,Nieustanny,,
7222,4,Tom VI,Rozdział  LVI,Przymiotniki,Jak często,Perpetual,Bezustanny,,
7223,4,Tom VI,Rozdział  LVI,Przymiotniki,Jak często,Constant,Niezmieniający się; stały; ciągły,,
7224,4,Tom VI,Rozdział  LVI,Rzeczowniki,Materiały I substancje,Cotton,Bawełna,,
7225,4,Tom VI,Rozdział  LVI,Rzeczowniki,Materiały I substancje,Silk,Jedwab,,
7226,4,Tom VI,Rozdział  LVI,Rzeczowniki,Materiały I substancje,Drop,Kropla,,
7227,4,Tom VI,Rozdział  LVI,Rzeczowniki,Materiały I substancje,Fabric,Tkanina,,
7228,4,Tom VI,Rozdział  LVI,Rzeczowniki,Materiały I substancje,Steel,Stal,,
7229,4,Tom VI,Rozdział  LVI,Rzeczowniki,Materiały I substancje,Wool,Wełna,,
7230,4,Tom VI,Rozdział  LVI,Rzeczowniki,Materiały I substancje,Coal,Węgiel,,
7231,4,Tom VI,Rozdział  LVI,Rzeczowniki,Materiały I substancje,Marble,Marmur,,
7232,4,Tom VI,Rozdział  LVI,Rzeczowniki,Materiały I substancje,Leather,Skóra (również skórzany),,
7233,4,Tom VI,Rozdział  LVI,Rzeczowniki,Materiały I substancje,Velvet,Aksamit,,
7234,4,Tom VI,Rozdział  LVI,Rzeczowniki,Materiały I substancje,Foam,Pianka,,
7235,4,Tom VI,Rozdział  LVI,Rzeczowniki,Materiały I substancje,Aluminum,Aluminum,,
7236,4,Tom VI,Rozdział  LVI,Rzeczowniki,Materiały I substancje,Amber,Bursztyn,,
7237,4,Tom VI,Rozdział  LVI,Rzeczowniki,Materiały I substancje,Ointment,Maść,,
7238,4,Tom VI,Rozdział  LVI,Rzeczowniki,Materiały I substancje,Porcelain,Porcelana,,
7239,4,Tom VI,Rozdział  LVI,Rzeczowniki,Rzeczowniki 15,Necessity,Konieczność,,
7240,4,Tom VI,Rozdział  LVI,Rzeczowniki,Rzeczowniki 15,Selection,"Wybór (coś wybranego, czynność wybierania)",,
7241,4,Tom VI,Rozdział  LVI,Rzeczowniki,Rzeczowniki 15,Outline,Zarys,,
7242,4,Tom VI,Rozdział  LVI,Rzeczowniki,Rzeczowniki 15,Fortune,Fortuna; los,,
7243,4,Tom VI,Rozdział  LVI,Rzeczowniki,Rzeczowniki 15,Fate,Los; fatum,,
7244,4,Tom VI,Rozdział  LVI,Rzeczowniki,Rzeczowniki 15,Scenario,Scenariusz (hipotetyczna sytuacja),,
7245,4,Tom VI,Rozdział  LVI,Rzeczowniki,Rzeczowniki 15,Coincidence,Zbieg okoliczności,,
7246,4,Tom VI,Rozdział  LVI,Rzeczowniki,Rzeczowniki 15,Ambiguity,Dwuznaczność,,
7247,4,Tom VI,Rozdział  LVI,Rzeczowniki,Rzeczowniki 15,Extreme,Skrajność,,
7248,4,Tom VI,Rozdział  LVI,Rzeczowniki,Rzeczowniki 15,Simplification,Uproszczenie,,
7249,4,Tom VI,Rozdział  LVI,Rzeczowniki,Rzeczowniki 15,Counterpart,Odpowiednik,,
7250,4,Tom VI,Rozdział  LVI,Rzeczowniki,Rzeczowniki 15,Simplicity,Prostota,,
7251,4,Tom VI,Rozdział  LVI,Rzeczowniki,Rzeczowniki 15,Odds,Szanse,,
7252,4,Tom VI,Rozdział  LVI,Rzeczowniki,Rzeczowniki 15,Absence,Nieobecność,,
7253,4,Tom VI,Rozdział  LVI,Rzeczowniki,Rzeczowniki 15,Boundary,Granica,,
7254,4,Tom VI,Rozdział  LVI,Slang,Niefajne,Corny,Oklepany,,
7255,4,Tom VI,Rozdział  LVI,Slang,Niefajne,Swerve,Oskarżenie kogoś o kłamstwo,,
7256,4,Tom VI,Rozdział  LVI,Slang,Niefajne,Weak sauce,Słabizna,,
7257,4,Tom VI,Rozdział  LVI,Slang,Niefajne,Play house,Żyć w konkubinacie,,
7258,4,Tom VI,Rozdział  LVI,Slang,Niefajne,Boob,Gafa,,
7259,4,Tom VI,Rozdział  LVI,Slang,Niefajne,Clock,Przywalić; dowalić (komuś),,
7260,4,Tom VI,Rozdział  LVI,Slang,Niefajne,Clout,Zrobić coś tylko dla sławy,,
7261,4,Tom VI,Rozdział  LVI,Slang,Niefajne,Con,"Oszukiwać finansowo; naciągać; zrobić, orżnąć",,
7262,4,Tom VI,Rozdział  LVI,Slang,Niefajne,Crashy,Porąbane,,
7263,4,Tom VI,Rozdział  LVI,Slang,Niefajne,Curve,Dać kosza,,
7264,4,Tom VI,Rozdział  LVI,Przymiotniki,Przymiotniki 25,Chic,Elegancko; szykowny,,
7265,4,Tom VI,Rozdział  LVI,Przymiotniki,Przymiotniki 25,Intimidating,Zastraszający; onieśmielający,,
7266,4,Tom VI,Rozdział  LVI,Przymiotniki,Przymiotniki 25,Self-evident,Ewidentny (oczywisty),,
7267,4,Tom VI,Rozdział  LVI,Przymiotniki,Przymiotniki 25,Virtual,Zupełny; całkowity,,
7268,4,Tom VI,Rozdział  LVI,Przymiotniki,Przymiotniki 25,Distinct,Wyraźnie widoczny; dający się wyróżnić,,
7269,4,Tom VI,Rozdział  LVI,Przymiotniki,Przymiotniki 25,Thrilling,"Wywołujący dreszcze (porywający, emocjonujący)",,
7270,4,Tom VI,Rozdział  LVI,Przymiotniki,Przymiotniki 25,Supposed,Rzekomy; domniemany,,
7271,4,Tom VI,Rozdział  LVI,Przymiotniki,Przymiotniki 25,Alleged,Domniemany,,
7272,4,Tom VI,Rozdział  LVI,Przymiotniki,Przymiotniki 25,Notable,Godny uwagi; znaczny,,
7273,4,Tom VI,Rozdział  LVI,Przymiotniki,Przymiotniki 25,Grotesque,Groteskowy,,
7274,4,Tom VI,Rozdział  LVI,Przymiotniki,Przymiotniki 25,Inadequate,Nieadekwatny,,
7275,4,Tom VI,Rozdział  LVI,Przymiotniki,Przymiotniki 25,Harsh,Szorstki; nieprzyjemny; surowy,,
7276,4,Tom VI,Rozdział  LVI,Przymiotniki,Przymiotniki 25,Unbearable,Nie do zniesienia,,
7277,4,Tom VI,Rozdział  LVI,Przymiotniki,Przymiotniki 25,Bewildering,Oszałamiający,,
7278,4,Tom VI,Rozdział  LVI,Przymiotniki,Przymiotniki 25,Rash,Pochopny; nieprzemyślany,,
7279,4,Tom VI,Rozdział  LVI,Phrasale,Świat cyfrowy,Put sth on,"Włączać coś (np. Muzykę, telewizję)",,
7280,4,Tom VI,Rozdział  LVI,Phrasale,Świat cyfrowy,Set up,Konfigurować; skonfigurować,,
7281,4,Tom VI,Rozdział  LVI,Phrasale,Świat cyfrowy,Key in,Wklepać na klawiaturze,,
7282,4,Tom VI,Rozdział  LVI,Phrasale,Świat cyfrowy,Back sth up,Zrobić kopię zapasową czegoś,,
7283,4,Tom VI,Rozdział  LVI,Phrasale,Świat cyfrowy,Go off,Włączyć się (np. Budzik),,
7284,4,Tom VI,Rozdział  LVI,Phrasale,Świat cyfrowy,Boot up,Załadować (o systemie operacyjnym),,
7285,4,Tom VI,Rozdział  LVI,Phrasale,Świat cyfrowy,Power up,Włączyć (urządzenie),,
7286,4,Tom VI,Rozdział  LVI,Phrasale,Świat cyfrowy,Go down,Zawiesić się (o komputerze),,
7287,4,Tom VI,Rozdział  LVI,Phrasale,Świat cyfrowy,Track sb down,Namierzyć kogoś (po długich poszukiwaniach),,
7288,4,Tom VI,Rozdział  LVI,Phrasale,Świat cyfrowy,Pull down,Rozwinąć zakładkę,,
7289,4,Tom VI,Rozdział  LVI,Rzeczowniki,Rzeczowniki 16,View,Widok; pogląd,,
7290,4,Tom VI,Rozdział  LVI,Rzeczowniki,Rzeczowniki 16,Approach,Podejście,,
7291,4,Tom VI,Rozdział  LVI,Rzeczowniki,Rzeczowniki 16,Outlook,Pogląd; perspektywa,,
7292,4,Tom VI,Rozdział  LVI,Rzeczowniki,Rzeczowniki 16,Notion,Pojęcie; pogląd; koncepcja,,
7293,4,Tom VI,Rozdział  LVI,Rzeczowniki,Rzeczowniki 16,Philosophy,Filozofia,,
7294,4,Tom VI,Rozdział  LVI,Rzeczowniki,Rzeczowniki 16,Importance,Ważność; istotność,,
7295,4,Tom VI,Rozdział  LVI,Rzeczowniki,Rzeczowniki 16,Reality,Rzeczywistość,,
7296,4,Tom VI,Rozdział  LVI,Rzeczowniki,Rzeczowniki 16,Act,Czyn; działanie,,
7297,4,Tom VI,Rozdział  LVI,Rzeczowniki,Rzeczowniki 16,Perspective,Perspektywa (punkt widzenia),,
7298,4,Tom VI,Rozdział  LVI,Rzeczowniki,Rzeczowniki 16,Remark,Spostrzeżenie; uwaga (np. Na marginesie),,
7299,4,Tom VI,Rozdział  LVI,Rzeczowniki,Rzeczowniki 16,Significance,Znaczenie czegoś,,
7300,4,Tom VI,Rozdział  LVI,Rzeczowniki,Rzeczowniki 16,Validity,Ważność,,
7301,4,Tom VI,Rozdział  LVI,Rzeczowniki,Rzeczowniki 16,Idealism,Idealizm,,
7302,4,Tom VI,Rozdział  LVI,Rzeczowniki,Rzeczowniki 16,Materialism,Materializm,,
7303,4,Tom VI,Rozdział  LVI,Rzeczowniki,Rzeczowniki 16,Emphasis,Nacisk; szczególna uwaga,,
7304,4,Tom VI,Rozdział  LVII,Rzeczowniki,Rośliny I ogród,Sandbox,Piaskownica,,
7305,4,Tom VI,Rozdział  LVII,Rzeczowniki,Rośliny I ogród,Hammock,Hamak,,
7306,4,Tom VI,Rozdział  LVII,Rzeczowniki,Rośliny I ogród,Bunch,Bukiet,,
7307,4,Tom VI,Rozdział  LVII,Rzeczowniki,Rośliny I ogród,Clover,Koniczyna,,
7308,4,Tom VI,Rozdział  LVII,Rzeczowniki,Rośliny I ogród,Poppy-seed,Mak,,
7309,4,Tom VI,Rozdział  LVII,Rzeczowniki,Rośliny I ogród,Camomile,Rumianek,,
7310,4,Tom VI,Rozdział  LVII,Rzeczowniki,Rośliny I ogród,Tulip,Tulipan,,
7311,4,Tom VI,Rozdział  LVII,Rzeczowniki,Rośliny I ogród,Weed,Chwast,,
7312,4,Tom VI,Rozdział  LVII,Rzeczowniki,Rośliny I ogród,Thorn,Cierń,,
7313,4,Tom VI,Rozdział  LVII,Rzeczowniki,Rośliny I ogród,Stalk,Łodyga,,
7314,4,Tom VI,Rozdział  LVII,Rzeczowniki,Rośliny I ogród,Garden shears,Sekator,,
7315,4,Tom VI,Rozdział  LVII,Rzeczowniki,Rośliny I ogród,Hose,Wąż ogrodowy (gaśniczy),,
7316,4,Tom VI,Rozdział  LVII,Rzeczowniki,Rośliny I ogród,Lilac,Bez,,
7317,4,Tom VI,Rozdział  LVII,Rzeczowniki,Rośliny I ogród,Pansy,Bratek,,
7318,4,Tom VI,Rozdział  LVII,Rzeczowniki,Rośliny I ogród,Violet,Fiołek,,
7319,4,Tom VI,Rozdział  LVII,Spójniki,Spójniki 7,For the most part,W przeważającym stopniu,,
7320,4,Tom VI,Rozdział  LVII,Spójniki,Spójniki 7,In the meantime,W międzyczasie,,
7321,4,Tom VI,Rozdział  LVII,Spójniki,Spójniki 7,Most of all,Nade wszystko,,
7322,4,Tom VI,Rozdział  LVII,Spójniki,Spójniki 7,No wonder,Nic dziwnego że,,
7323,4,Tom VI,Rozdział  LVII,Spójniki,Spójniki 7,To conclude,Konkludując,,
7324,4,Tom VI,Rozdział  LVII,Spójniki,Spójniki 7,Notably,Co warte uwagi,,
7325,4,Tom VI,Rozdział  LVII,Spójniki,Spójniki 7,Prior to,Przed (czas),,
7326,4,Tom VI,Rozdział  LVII,Spójniki,Spójniki 7,At last,Nareszcie; w końcu,,
7327,4,Tom VI,Rozdział  LVII,Spójniki,Spójniki 7,Recapitulate,Rekapitulując,,
7328,4,Tom VI,Rozdział  LVII,Spójniki,Spójniki 7,Summarize,By podsumować,,
7329,4,Tom VI,Rozdział  LVII,Rzeczowniki,Rzeczowniki 17,Privacy,Prywatność,,
7330,4,Tom VI,Rozdział  LVII,Rzeczowniki,Rzeczowniki 17,Favor,Przysługa,,
7331,4,Tom VI,Rozdział  LVII,Rzeczowniki,Rzeczowniki 17,Assistance,Wsparcie (pomoc),,
7332,4,Tom VI,Rozdział  LVII,Rzeczowniki,Rzeczowniki 17,Hospitality,Gościnność,,
7333,4,Tom VI,Rozdział  LVII,Rzeczowniki,Rzeczowniki 17,Cheating,Oszukiwanie (np. W grze),,
7334,4,Tom VI,Rozdział  LVII,Rzeczowniki,Rzeczowniki 17,Scapegoat,Kozioł ofiarny,,
7335,4,Tom VI,Rozdział  LVII,Rzeczowniki,Rzeczowniki 17,Alliance,Przymierze,,
7336,4,Tom VI,Rozdział  LVII,Rzeczowniki,Rzeczowniki 17,Hostility,Wrogość,,
7337,4,Tom VI,Rozdział  LVII,Rzeczowniki,Rzeczowniki 17,Animosity,Animozja,,
7338,4,Tom VI,Rozdział  LVII,Rzeczowniki,Rzeczowniki 17,Hatred,Głęboka nienawiść,,
7339,4,Tom VI,Rozdział  LVII,Rzeczowniki,Rzeczowniki 17,Misanthropy,Mizantropia,,
7340,4,Tom VI,Rozdział  LVII,Rzeczowniki,Rzeczowniki 17,Brotherhood,Braterstwo,,
7341,4,Tom VI,Rozdział  LVII,Rzeczowniki,Rzeczowniki 12,Aid,Pomoc; wsparcie,,
7342,4,Tom VI,Rozdział  LVII,Rzeczowniki,Rzeczowniki 12,Relation,Relacja; związek,,
7343,4,Tom VI,Rozdział  LVII,Rzeczowniki,Rzeczowniki 12,Attraction,Przyciąganie (pociąg do czegoś),,
7344,4,Tom VI,Rozdział  LVII,Przymiotniki,Człowiek,Barefoot,Bosy,,
7345,4,Tom VI,Rozdział  LVII,Przymiotniki,Człowiek,Adolescent,Dorastający,,
7346,4,Tom VI,Rozdział  LVII,Przymiotniki,Człowiek,Maternal,Macierzyński; ze strony matki,,
7347,4,Tom VI,Rozdział  LVII,Przymiotniki,Człowiek,Paternity,Ojcowski (np. Urlop),,
7348,4,Tom VI,Rozdział  LVII,Przymiotniki,Człowiek,Parental,Rodzicielski,,
7349,4,Tom VI,Rozdział  LVII,Przymiotniki,Człowiek,Paralyzed,Sparaliżowany,,
7350,4,Tom VI,Rozdział  LVII,Przymiotniki,Człowiek,Motherly,Matczyny,,
7351,4,Tom VI,Rozdział  LVII,Przymiotniki,Człowiek,Fatherly,Ojcowski,,
7352,4,Tom VI,Rozdział  LVII,Przymiotniki,Człowiek,Maiden,Panieński,,
7353,4,Tom VI,Rozdział  LVII,Przymiotniki,Człowiek,Boyish,Chłopięcy,,
7354,4,Tom VI,Rozdział  LVII,Przymiotniki,Człowiek,Girlish,Dziewczęcy,,
7355,4,Tom VI,Rozdział  LVII,Przymiotniki,Człowiek,Juvenile,Młodociany,,
7356,4,Tom VI,Rozdział  LVII,Przymiotniki,Człowiek,Sleepless,Bezsenny,,
7357,4,Tom VI,Rozdział  LVII,Przymiotniki,Człowiek,Left-handed,Leworęczny,,
7358,4,Tom VI,Rozdział  LVII,Przymiotniki,Człowiek,Right-handed,Praworęczny,,
7359,4,Tom VI,Rozdział  LVII,Czasowniki,"Wszystko, co najlepsze",Console,Pocieszać,,
7360,4,Tom VI,Rozdział  LVII,Czasowniki,"Wszystko, co najlepsze",Delight,Zachwycać,,
7361,4,Tom VI,Rozdział  LVII,Czasowniki,"Wszystko, co najlepsze",Adore,Uwielbiać,,
7362,4,Tom VI,Rozdział  LVII,Czasowniki,"Wszystko, co najlepsze",Bless,Błogosławić,,
7363,4,Tom VI,Rozdział  LVII,Czasowniki,"Wszystko, co najlepsze",Comfort,Nieść ulgę; pocieszać,,
7364,4,Tom VI,Rozdział  LVII,Czasowniki,"Wszystko, co najlepsze",Dare,Odważyć się,,
7365,4,Tom VI,Rozdział  LVII,Czasowniki,"Wszystko, co najlepsze",Value,Cenić; doceniać,,
7366,4,Tom VI,Rozdział  LVII,Czasowniki,"Wszystko, co najlepsze",Cherish,"Miłować; dbać, troszczyć się",,
7367,4,Tom VI,Rozdział  LVII,Czasowniki,"Wszystko, co najlepsze",Indulge,Dogadzać,,
7368,4,Tom VI,Rozdział  LVII,Czasowniki,"Wszystko, co najlepsze",Marvel,Zachwycać się; być pełnym podziwu,,
7369,4,Tom VI,Rozdział  LVII,Czasowniki,"Wszystko, co najlepsze",Shield,Osłaniać; ochraniać,,
7370,4,Tom VI,Rozdział  LVII,Czasowniki,"Wszystko, co najlepsze",Worship,Wielbić; oddawać cześć,,
7371,4,Tom VI,Rozdział  LVII,Czasowniki,"Wszystko, co najlepsze",Amuse,Rozbawiać; bawić; śmieszyć,,
7372,4,Tom VI,Rozdział  LVII,Czasowniki,"Wszystko, co najlepsze",Grace,Ozdabiać; uświetniać,,
7373,4,Tom VI,Rozdział  LVII,Czasowniki,"Wszystko, co najlepsze",Merit,Zasługiwać,,
7374,4,Tom VI,Rozdział  LVII,Przymiotniki,Języki,Flemish,Flamandzki,,
7375,4,Tom VI,Rozdział  LVII,Przymiotniki,Języki,Danish,Duński,,
7376,4,Tom VI,Rozdział  LVII,Przymiotniki,Języki,Finnish,Fiński,,
7377,4,Tom VI,Rozdział  LVII,Przymiotniki,Języki,Hebrew,Hebrajski,,
7378,4,Tom VI,Rozdział  LVII,Przymiotniki,Języki,Lithuanian,Litewski,,
7379,4,Tom VI,Rozdział  LVII,Przymiotniki,Języki,Bulgarian,Bułgarski,,
7380,4,Tom VI,Rozdział  LVII,Przymiotniki,Języki,Romanian,Rumuński,,
7381,4,Tom VI,Rozdział  LVII,Przymiotniki,Języki,Thai,Tajski,,
7382,4,Tom VI,Rozdział  LVII,Przymiotniki,Języki,Arabic,Arabski,,
7383,4,Tom VI,Rozdział  LVII,Przymiotniki,Języki,Persian,Perski,,
7384,4,Tom VI,Rozdział  LVII,Przymiotniki,Języki,Bengali,Bengalski,,
7385,4,Tom VI,Rozdział  LVII,Przymiotniki,Języki,Bosnian,Bośniacki,,
7386,4,Tom VI,Rozdział  LVII,Przymiotniki,Języki,Estonian,Estoński,,
7387,4,Tom VI,Rozdział  LVII,Przymiotniki,Języki,Filipino,Filipiński,,
7388,4,Tom VI,Rozdział  LVII,Przymiotniki,Języki,Indonesian,Indonezyjski,,
7389,4,Tom VI,Rozdział  LVII,Rzeczowniki,Komunikacja,Request,Prośba,,
7390,4,Tom VI,Rozdział  LVII,Rzeczowniki,Komunikacja,Excuse,Wymówka,,
7391,4,Tom VI,Rozdział  LVII,Rzeczowniki,Komunikacja,Approval,Zgoda,,
7392,4,Tom VI,Rozdział  LVII,Rzeczowniki,Komunikacja,Statement,Wypowiedź,,
7393,4,Tom VI,Rozdział  LVII,Rzeczowniki,Komunikacja,Tiff,Sprzeczka,,
7394,4,Tom VI,Rozdział  LVII,Rzeczowniki,Komunikacja,Delivery,Sposób przemawiania,,
7395,4,Tom VI,Rozdział  LVII,Rzeczowniki,Komunikacja,Follow-up,Nawiązanie; kontynuacja czegoś,,
7396,4,Tom VI,Rozdział  LVII,Rzeczowniki,Komunikacja,Confrontation,Konfrontacja,,
7397,4,Tom VI,Rozdział  LVII,Rzeczowniki,Komunikacja,Command,Rozkaz,,
7398,4,Tom VI,Rozdział  LVII,Rzeczowniki,Komunikacja,Dispute,Spór; sprzeczka,,
7399,4,Tom VI,Rozdział  LVII,Rzeczowniki,Komunikacja,Articulation,Artykulacja,,
7400,4,Tom VI,Rozdział  LVII,Rzeczowniki,Komunikacja,Enunciation,Dykcja,,
7401,4,Tom VI,Rozdział  LVII,Rzeczowniki,Komunikacja,Utterance,Wypowiedź; wypowiedzenie czegoś,,
7402,4,Tom VI,Rozdział  LVII,Rzeczowniki,Komunikacja,Punditry,Wypowiedź eksperta,,
7403,4,Tom VI,Rozdział  LVII,Rzeczowniki,Komunikacja,Declaration,Deklaracja,,
7404,4,Tom VI,Rozdział  LVII,Rzeczowniki,Zagrożenie,Rapist,Gwałciciel,,
7405,4,Tom VI,Rozdział  LVII,Rzeczowniki,Zagrożenie,Handcuffs,Kajdanki,,
7406,4,Tom VI,Rozdział  LVII,Rzeczowniki,Zagrożenie,Pickpocket,Kieszonkowiec,,
7407,4,Tom VI,Rozdział  LVII,Rzeczowniki,Zagrożenie,Molestation,Molestowanie,,
7408,4,Tom VI,Rozdział  LVII,Rzeczowniki,Zagrożenie,Mentally unbalanced,Niezrównoważony psychicznie,,
7409,4,Tom VI,Rozdział  LVII,Rzeczowniki,Zagrożenie,Ransom,Okup,,
7410,4,Tom VI,Rozdział  LVII,Rzeczowniki,Zagrożenie,Cheater,Oszust (np. W grze),,
7411,4,Tom VI,Rozdział  LVII,Rzeczowniki,Zagrożenie,Fraud,Oszust (przestępca),,
7412,4,Tom VI,Rozdział  LVII,Rzeczowniki,Zagrożenie,Fraud,Oszustwo,,
7413,4,Tom VI,Rozdział  LVII,Rzeczowniki,Zagrożenie,Pedophile,Pedofil,,
7414,4,Tom VI,Rozdział  LVII,Rzeczowniki,Zagrożenie,Kidnapper,Porywacz (ludzi lub zwierząt),,
7415,4,Tom VI,Rozdział  LVII,Rzeczowniki,Zagrożenie,Hijacker,"Porywacz (statków, samolotów etc.)",,
7416,4,Tom VI,Rozdział  LVII,Rzeczowniki,Zagrożenie,Pitfall,Potrzask; pułapka,,
7417,4,Tom VI,Rozdział  LVII,Rzeczowniki,Zagrożenie,Psycho,Psychol,,
7418,4,Tom VI,Rozdział  LVII,Rzeczowniki,Zagrożenie,Trap,Pułapka,,
7419,4,Tom VI,Rozdział  LVII,Phrasale,Przemieszczanie się,Bump into,"Wpaść na (kogoś, coś)",,
7420,4,Tom VI,Rozdział  LVII,Phrasale,Przemieszczanie się,Come over,Zajść gdzieś,,
7421,4,Tom VI,Rozdział  LVII,Phrasale,Przemieszczanie się,Come along,Nadejść; pojawiać się,,
7422,4,Tom VI,Rozdział  LVII,Phrasale,Przemieszczanie się,Walk back,Wracać piechotą,,
7423,4,Tom VI,Rozdział  LVII,Phrasale,Przemieszczanie się,See sb off,Odprowadzić kogoś (do drzwi),,
7424,4,Tom VI,Rozdział  LVII,Phrasale,Przemieszczanie się,Hang about,Pałętać się,,
7425,4,Tom VI,Rozdział  LVII,Phrasale,Przemieszczanie się,Hang around,Kręcić się (po jakimś miejscu); spędzać czas gdzieś,,
7426,4,Tom VI,Rozdział  LVII,Phrasale,Przemieszczanie się,Stop over,Zatrzymać się po drodze u kogoś,,
7427,4,Tom VI,Rozdział  LVII,Phrasale,Przemieszczanie się,Head back,Zawracać; wracać,,
7428,4,Tom VI,Rozdział  LVII,Phrasale,Przemieszczanie się,Head toward,Zmierzać w kierunku; kierować się w stronę,,
7429,4,Tom VI,Rozdział  LVII,Przymiotniki,Jedzenie,Overdone,Przesmażony; przepieczony,,
7430,4,Tom VI,Rozdział  LVII,Przymiotniki,Jedzenie,Appetizing,Apetyczny,,
7431,4,Tom VI,Rozdział  LVII,Przymiotniki,Jedzenie,Edible,Jadalny,,
7432,4,Tom VI,Rozdział  LVII,Przymiotniki,Jedzenie,Underdone,Niedosmażony; niedopieczony,,
7433,4,Tom VI,Rozdział  LVII,Przymiotniki,Jedzenie,Homemade,Domowej roboty,,
7434,4,Tom VI,Rozdział  LVII,Przymiotniki,Jedzenie,Mild,Łagodny; umiarkowany,,
7435,4,Tom VI,Rozdział  LVII,Przymiotniki,Jedzenie,Fat-free,Beztłuszczowy,,
7436,4,Tom VI,Rozdział  LVII,Przymiotniki,Jedzenie,Stodgy,Ciężkostrawny,,
7437,4,Tom VI,Rozdział  LVII,Przymiotniki,Jedzenie,Stringy,Łykowaty,,
7438,4,Tom VI,Rozdział  LVII,Przymiotniki,Jedzenie,Nutritious,Odżywczy; pożywny,,
7439,4,Tom VI,Rozdział  LVII,Przymiotniki,Jedzenie,Palatable,"Smakowity; smaczny (np. Wino, ser)",,
7440,4,Tom VI,Rozdział  LVII,Przymiotniki,Jedzenie,Greasy,Tłusty; przetłuszczony,,
7441,4,Tom VI,Rozdział  LVII,Przymiotniki,Jedzenie,Home-grown,Z domowego ogródka,,
7442,4,Tom VI,Rozdział  LVII,Przymiotniki,Jedzenie,Consumable,Zdatny do spożycia,,
7443,4,Tom VI,Rozdział  LVII,Przymiotniki,Jedzenie,Astringent,Cierpki,,
7444,4,Tom VI,Rozdział LVIII,Przysłówki,Czas I kolejność,Chronologically,Chronologicznie,,
7445,4,Tom VI,Rozdział LVIII,Przysłówki,Czas I kolejność,Formerly,Dawniej,,
7446,4,Tom VI,Rozdział LVIII,Przysłówki,Czas I kolejność,For the time being,Na chwilę obecną,,
7447,4,Tom VI,Rozdział LVIII,Przysłówki,Czas I kolejność,Meantime,Na razie; póki co,,
7448,4,Tom VI,Rozdział LVIII,Przysłówki,Czas I kolejność,Meanwhile,Tymczasem,,
7449,4,Tom VI,Rozdział LVIII,Przysłówki,Czas I kolejność,Nowadays,W dzisiejszych czasach,,
7450,4,Tom VI,Rozdział LVIII,Przysłówki,Czas I kolejność,Initially,Początkowo,,
7451,4,Tom VI,Rozdział LVIII,Przysłówki,Czas I kolejność,Simultaneously,Jednocześnie; równocześnie,,
7452,4,Tom VI,Rozdział LVIII,Przysłówki,Czas I kolejność,Within,W ciągu; w przeciągu (jakiegoś czasu),,
7453,4,Tom VI,Rozdział LVIII,Przysłówki,Czas I kolejność,Throughout,Przez cały czas (czegoś),,
7454,4,Tom VI,Rozdział LVIII,Przysłówki,Czas I kolejność,Annually,Rocznie; co roku,,
7455,4,Tom VI,Rozdział LVIII,Przysłówki,Czas I kolejność,Primarily,W pierwszym rzędzie; przede wszystkim,,
7456,4,Tom VI,Rozdział LVIII,Przysłówki,Czas I kolejność,Sooner or later,Prędzej czy później,,
7457,4,Tom VI,Rozdział LVIII,Przysłówki,Czas I kolejność,Eternally,Wiecznie,,
7458,4,Tom VI,Rozdział LVIII,Przysłówki,Czas I kolejność,Whenever,Obojętnie kiedy,,
7459,4,Tom VI,Rozdział LVIII,Rzeczowniki,Media,Advertising,Reklama (branża),,
7460,4,Tom VI,Rozdział LVIII,Rzeczowniki,Media,Mainstream,Główny nurt,,
7461,4,Tom VI,Rozdział LVIII,Rzeczowniki,Media,Entertainment,Rozrywka,,
7462,4,Tom VI,Rozdział LVIII,Rzeczowniki,Media,Broadcast,Transmisja; audycja,,
7463,4,Tom VI,Rozdział LVIII,Rzeczowniki,Media,Role,Rola w filmie,,
7464,4,Tom VI,Rozdział LVIII,Rzeczowniki,Media,Leak,Przeciek; wyciek,,
7465,4,Tom VI,Rozdział LVIII,Rzeczowniki,Media,Cartoon,Kreskówka,,
7466,4,Tom VI,Rozdział LVIII,Rzeczowniki,Media,Subscriber,Abonent,,
7467,4,Tom VI,Rozdział LVIII,Rzeczowniki,Media,News agency,Agencja prasowa,,
7468,4,Tom VI,Rozdział LVIII,Rzeczowniki,Media,Animation,Animacja,,
7469,4,Tom VI,Rozdział LVIII,Rzeczowniki,Media,Antenna,Antena,,
7470,4,Tom VI,Rozdział LVIII,Rzeczowniki,Media,Autograph,Autograf,,
7471,4,Tom VI,Rozdział LVIII,Rzeczowniki,Media,Banner,Baner,,
7472,4,Tom VI,Rozdział LVIII,Rzeczowniki,Media,Spotlight,Centrum uwagi,,
7473,4,Tom VI,Rozdział LVIII,Rzeczowniki,Media,Make-up artist,Charakteryzator; charakteryzatorka,,
7474,4,Tom VI,Rozdział LVIII,Czasowniki,Podryw,Blush,Rumienić się,,
7475,4,Tom VI,Rozdział LVIII,Czasowniki,Podryw,Simper,Mizdrzyć się,,
7476,4,Tom VI,Rozdział LVIII,Czasowniki,Podryw,Caress,Pieścić,,
7477,4,Tom VI,Rozdział LVIII,Czasowniki,Podryw,Entice,Nęcić; wabić; zachęcać,,
7478,4,Tom VI,Rozdział LVIII,Czasowniki,Podryw,Flatter,Schlebiać,,
7479,4,Tom VI,Rozdział LVIII,Czasowniki,Podryw,Intrigue,Romansować; intrygować,,
7480,4,Tom VI,Rozdział LVIII,Czasowniki,Podryw,Lure,Wabić,,
7481,4,Tom VI,Rozdział LVIII,Czasowniki,Podryw,Content,Zadowalać kogoś,,
7482,4,Tom VI,Rozdział LVIII,Czasowniki,Podryw,Gallant,Zalecać się; zabiegać,,
7483,4,Tom VI,Rozdział LVIII,Czasowniki,Podryw,Giggle,Chichotać,,
7484,4,Tom VI,Rozdział LVIII,Czasowniki,Podryw,Snuggle,Wtulić się,,
7485,4,Tom VI,Rozdział LVIII,Czasowniki,Podryw,Fondle,Miziać; głaskać,,
7486,4,Tom VI,Rozdział LVIII,Czasowniki,Podryw,Flush,Poczerwienieć ze wstydu; rumienic się,,
7487,4,Tom VI,Rozdział LVIII,Czasowniki,Podryw,Infatuate,Zauroczyć,,
7488,4,Tom VI,Rozdział LVIII,Czasowniki,Podryw,Thrill,Zachwycać (kogoś); wywołać dreszcze,,
7489,4,Tom VI,Rozdział LVIII,Rzeczowniki,Ogniowe,Wildfire,Niekontrolowany ogień,,
7490,4,Tom VI,Rozdział LVIII,Rzeczowniki,Ogniowe,Extinguisher,Gaśnica,,
7491,4,Tom VI,Rozdział LVIII,Rzeczowniki,Ogniowe,Explosion,Eksplozja,,
7492,4,Tom VI,Rozdział LVIII,Rzeczowniki,Ogniowe,Flame,Płomień,,
7493,4,Tom VI,Rozdział LVIII,Rzeczowniki,Ogniowe,Blaze,Wielki pożar,,
7494,4,Tom VI,Rozdział LVIII,Rzeczowniki,Ogniowe,Bonfire,Płonący stos; ognisko,,
7495,4,Tom VI,Rozdział LVIII,Rzeczowniki,Ogniowe,Inferno,Szalejący ogień,,
7496,4,Tom VI,Rozdział LVIII,Rzeczowniki,Ogniowe,Embers,Żarzący się węgielek; dogasający żar,,
7497,4,Tom VI,Rozdział LVIII,Rzeczowniki,Ogniowe,Conflagration,Pożoga,,
7498,4,Tom VI,Rozdział LVIII,Rzeczowniki,Ogniowe,Fire truck,Wóz strażacki,,
7499,4,Tom VI,Rozdział LVIII,Rzeczowniki,Ogniowe,Coals,Węgielki,,
7500,4,Tom VI,Rozdział LVIII,Rzeczowniki,Ogniowe,Ash,Popiół,,
7501,4,Tom VI,Rozdział LVIII,Rzeczowniki,Ogniowe,Extinguisher,Gaśnica,,
7502,4,Tom VI,Rozdział LVIII,Rzeczowniki,Ogniowe,Blaze,Wielki pożar,,
7503,4,Tom VI,Rozdział LVIII,Rzeczowniki,Ogniowe,Embers,Żarzący się węgielek; dogasający żar,,
7504,4,Tom VI,Rozdział LVIII,Rzeczowniki,Mile widziane,Beloved,Ukochany,,
7505,4,Tom VI,Rozdział LVIII,Rzeczowniki,Mile widziane,Grateful,Wdzięczny (że coś dobrego się wydarzyło),,
7506,4,Tom VI,Rozdział LVIII,Rzeczowniki,Mile widziane,Secure,Zabezpieczony; bezpieczny,,
7507,4,Tom VI,Rozdział LVIII,Rzeczowniki,Mile widziane,Talented,Utalentowany,,
7508,4,Tom VI,Rozdział LVIII,Rzeczowniki,Mile widziane,Trusted,Zaufany,,
7509,4,Tom VI,Rozdział LVIII,Rzeczowniki,Mile widziane,Accurate,Trafny; celny,,
7510,4,Tom VI,Rozdział LVIII,Rzeczowniki,Mile widziane,Able,Sprawny (o kimś); zdolny,,
7511,4,Tom VI,Rozdział LVIII,Rzeczowniki,Mile widziane,Welcoming,Powitalny; gościnny,,
7512,4,Tom VI,Rozdział LVIII,Rzeczowniki,Mile widziane,Gifted,Uzdolniony; utalentowany,,
7513,4,Tom VI,Rozdział LVIII,Rzeczowniki,Mile widziane,Amusing,Zabawny (wprawiający w rozbawienie),,
7514,4,Tom VI,Rozdział LVIII,Rzeczowniki,Mile widziane,Hilarious,Przezabawny,,
7515,4,Tom VI,Rozdział LVIII,Rzeczowniki,Mile widziane,Joyful,Pełen radości,,
7516,4,Tom VI,Rozdział LVIII,Rzeczowniki,Mile widziane,Trustworthy,Godny zaufania,,
7517,4,Tom VI,Rozdział LVIII,Rzeczowniki,Mile widziane,Beneficial,Korzystny,,
7518,4,Tom VI,Rozdział LVIII,Rzeczowniki,Mile widziane,Cautious,Ostrożny,,
7519,4,Tom VI,Rozdział LVIII,Slang,Slang 27,Glow up,Rozkwitać (zmieniać się z wiekiem),,
7520,4,Tom VI,Rozdział LVIII,Slang,Slang 27,Bent,Podrabiany (np. Ciuch),,
7521,4,Tom VI,Rozdział LVIII,Slang,Slang 27,Blinkers,Gały (oczy),,
7522,4,Tom VI,Rozdział LVIII,Slang,Slang 27,Cornrows,Warkoczyki plecione przy głowie,,
7523,4,Tom VI,Rozdział LVIII,Slang,Slang 27,Dressed to kill,Bardzo atrakcyjnie ubrany,,
7524,4,Tom VI,Rozdział LVIII,Slang,Slang 27,Guns,Bicki,,
7525,4,Tom VI,Rozdział LVIII,Slang,Slang 27,Knock off,Podróba,,
7526,4,Tom VI,Rozdział LVIII,Slang,Slang 27,Pecks,Mięśnie (muskuły),,
7527,4,Tom VI,Rozdział LVIII,Slang,Slang 27,Snatched,Super modny,,
7528,4,Tom VI,Rozdział LVIII,Slang,Slang 27,Zaddy,Ciacho,,
7529,4,Tom VI,Rozdział LVIII,Przymiotniki,Miary,Shallow,Płytki,,
7530,4,Tom VI,Rozdział LVIII,Przymiotniki,Miary,Crooked,Krzywy,,
7531,4,Tom VI,Rozdział LVIII,Przymiotniki,Miary,Vast,Obszerny; wielki; bezkresny,,
7532,4,Tom VI,Rozdział LVIII,Przymiotniki,Miary,Rectangular,Prostokątny,,
7533,4,Tom VI,Rozdział LVIII,Przymiotniki,Miary,Triangular,Trójkątny,,
7534,4,Tom VI,Rozdział LVIII,Przymiotniki,Miary,Extensive,Rozległy,,
7535,4,Tom VI,Rozdział LVIII,Przymiotniki,Miary,Life-size,W skali rzeczywistej,,
7536,4,Tom VI,Rozdział LVIII,Przymiotniki,Miary,Second-largest,Drugi największy,,
7537,4,Tom VI,Rozdział LVIII,Przymiotniki,Miary,Small-scale,Na małą skalę; mniejszy,,
7538,4,Tom VI,Rozdział LVIII,Przymiotniki,Miary,Tremendous,Okazały,,
7539,4,Tom VI,Rozdział LVIII,Przymiotniki,Miary,Extended,Przedłużony; długi,,
7540,4,Tom VI,Rozdział LVIII,Przymiotniki,Miary,Overgrown,Przerośnięty,,
7541,4,Tom VI,Rozdział LVIII,Przymiotniki,Miary,Roomy,Pojemny; przestronny,,
7542,4,Tom VI,Rozdział LVIII,Przymiotniki,Miary,Medium-sized,Średniego rozmiaru,,
7543,4,Tom VI,Rozdział LVIII,Przymiotniki,Miary,High-rise,"Wysoki (budynek, wieżowiec)",,
7544,4,Tom VI,Rozdział LVIII,Slang,Slang 28,Nickel,25 centów,,
7545,4,Tom VI,Rozdział LVIII,Slang,Slang 28,Dough,Pajda; szmal,,
7546,4,Tom VI,Rozdział LVIII,Slang,Slang 28,Paper,Hajs,,
7547,4,Tom VI,Rozdział LVIII,Slang,Slang 28,Bacon,Pieniądze (slang); kasa,,
7548,4,Tom VI,Rozdział LVIII,Slang,Slang 28,Be on the take,Brać w łapę,,
7549,4,Tom VI,Rozdział LVIII,Slang,Slang 28,Busted,Splajtowany,,
7550,4,Tom VI,Rozdział LVIII,Slang,Slang 28,Cha-ching,Siano; kasa,,
7551,4,Tom VI,Rozdział LVIII,Slang,Slang 28,Cop,Kupić,,
7552,4,Tom VI,Rozdział LVIII,Slang,Slang 28,Loan shark,Lichwiarz,,
7553,4,Tom VI,Rozdział LVIII,Slang,Slang 28,Loot,Kabona,,
7554,4,Tom VI,Rozdział LVIII,Rzeczowniki,Mentalne,Insight,Wgląd; wyobrażenie,,
7555,4,Tom VI,Rozdział LVIII,Rzeczowniki,Mentalne,Anticipation,Spodziewanie się czegoś (oczekiwanie),,
7556,4,Tom VI,Rozdział LVIII,Rzeczowniki,Mentalne,Predisposition,Predyspozycja,,
7557,4,Tom VI,Rozdział LVIII,Rzeczowniki,Mentalne,Meditation,Rozważania; medytacje,,
7558,4,Tom VI,Rozdział LVIII,Rzeczowniki,Mentalne,Imagination,Wyobraźnia,,
7559,4,Tom VI,Rozdział LVIII,Rzeczowniki,Mentalne,Disbelief,Niedowierzanie,,
7560,4,Tom VI,Rozdział LVIII,Rzeczowniki,Mentalne,Unconsciousness,Nieświadomość,,
7561,4,Tom VI,Rozdział LVIII,Rzeczowniki,Mentalne,Distrust,Nieufność,,
7562,4,Tom VI,Rozdział LVIII,Rzeczowniki,Mentalne,Judgement,Osąd; ocena sytuacji,,
7563,4,Tom VI,Rozdział LVIII,Rzeczowniki,Mentalne,Suspicion,Podejrzenie,,
7564,4,Tom VI,Rozdział LVIII,Rzeczowniki,Mentalne,Reflection,Refleksja; zastanowienie,,
7565,4,Tom VI,Rozdział LVIII,Rzeczowniki,Mentalne,Glance,Rzut oka,,
7566,4,Tom VI,Rozdział LVIII,Rzeczowniki,Mentalne,Conscience,Sumienie,,
7567,4,Tom VI,Rozdział LVIII,Rzeczowniki,Mentalne,Consciousness,Świadomość,,
7568,4,Tom VI,Rozdział LVIII,Rzeczowniki,Mentalne,Reminiscence,Wspomnienie,,
7569,4,Tom VI,Rozdział LVIII,Spójniki,Przyczyna I skutek,As a consequence,W konsekwencji,,
7570,4,Tom VI,Rozdział LVIII,Spójniki,Przyczyna I skutek,In order to,W celu; aby,,
7571,4,Tom VI,Rozdział LVIII,Spójniki,Przyczyna I skutek,Hence,Stąd,,
7572,4,Tom VI,Rozdział LVIII,Spójniki,Przyczyna I skutek,Therefore,Zatem,,
7573,4,Tom VI,Rozdział LVIII,Spójniki,Przyczyna I skutek,Thus,Tak więc,,
7574,4,Tom VI,Rozdział LVIII,Spójniki,Przyczyna I skutek,Thereby,Tym samym ( prawne),,
7575,4,Tom VI,Rozdział LVIII,Spójniki,Przyczyna I skutek,So as to,Po to by,,
7576,4,Tom VI,Rozdział LVIII,Spójniki,Przyczyna I skutek,Subsequent to,W następstwie czegoś,,
7577,4,Tom VI,Rozdział LVIII,Spójniki,Przyczyna I skutek,Whereby,W wyniku czego; przez co,,
7578,4,Tom VI,Rozdział LVIII,Spójniki,Przyczyna I skutek,By the same token,Z tych samych powodów; tym samym,,
7579,4,Tom VI,Rozdział LIX,Spójniki,W odniesieniu do,As per,Jak według,,
7580,4,Tom VI,Rozdział LIX,Spójniki,W odniesieniu do,In accordance with,Zgodnie z,,
7581,4,Tom VI,Rozdział LIX,Spójniki,W odniesieniu do,In connection with,W połączeniu z,,
7582,4,Tom VI,Rozdział LIX,Spójniki,W odniesieniu do,In respect of,Pod względem; w szacunku dla,,
7583,4,Tom VI,Rozdział LIX,Spójniki,W odniesieniu do,On account of,Z racji,,
7584,4,Tom VI,Rozdział LIX,Spójniki,W odniesieniu do,On behalf of,W imieniu ( czyimś),,
7585,4,Tom VI,Rozdział LIX,Spójniki,W odniesieniu do,Referring to,Odnosząc się do,,
7586,4,Tom VI,Rozdział LIX,Spójniki,W odniesieniu do,Turning to,Zwracając się do,,
7587,4,Tom VI,Rozdział LIX,Spójniki,W odniesieniu do,Further to,W nawiązaniu do,,
7588,4,Tom VI,Rozdział LIX,Spójniki,W odniesieniu do,Pursuant to,Zgodnie z ( prawnie),,
7589,4,Tom VI,Rozdział LIX,Rzeczowniki,Wojskowe,Tank,Czołg; zbiornik,,
7590,4,Tom VI,Rozdział LIX,Rzeczowniki,Wojskowe,Evacuation,Ewakuacja,,
7591,4,Tom VI,Rozdział LIX,Rzeczowniki,Wojskowe,Rifle,Karabin,,
7592,4,Tom VI,Rozdział LIX,Rzeczowniki,Wojskowe,Air force,Siły powietrzne,,
7593,4,Tom VI,Rozdział LIX,Rzeczowniki,Wojskowe,Explosives,Ładunki wybuchowe,,
7594,4,Tom VI,Rozdział LIX,Rzeczowniki,Wojskowe,Bullet,"Nabój, pocisk",,
7595,4,Tom VI,Rozdział LIX,Rzeczowniki,Wojskowe,Troop,Oddział wojskowy,,
7596,4,Tom VI,Rozdział LIX,Rzeczowniki,Wojskowe,Ally,Sprzymierzeniec; sojusznik,,
7597,4,Tom VI,Rozdział LIX,Rzeczowniki,Wojskowe,Gunpowder,Proch (ładunek wybuchowy),,
7598,4,Tom VI,Rozdział LIX,Rzeczowniki,Wojskowe,Shot,Strzał,,
7599,4,Tom VI,Rozdział LIX,Rzeczowniki,Wojskowe,Private,Szeregowy (stopień wojskowy),,
7600,4,Tom VI,Rozdział LIX,Rzeczowniki,Wojskowe,Outbreak,"Wybuch (epidemii, wojny)",,
7601,4,Tom VI,Rozdział LIX,Rzeczowniki,Wojskowe,Collateral damage,Straty wśród cywilów powstałe w wyniku wojny,,
7602,4,Tom VI,Rozdział LIX,Rzeczowniki,Wojskowe,Casualties,Straty w ludziach,,
7603,4,Tom VI,Rozdział LIX,Rzeczowniki,Wojskowe,Recruit,Rekrut,,
7604,4,Tom VI,Rozdział LIX,Rzeczowniki,Praca,Productivity,Produktywność,,
7605,4,Tom VI,Rozdział LIX,Rzeczowniki,Praca,Provoke,Prowokować; wywoływać,,
7606,4,Tom VI,Rozdział LIX,Rzeczowniki,Praca,Reverse,Odwracać,,
7607,4,Tom VI,Rozdział LIX,Rzeczowniki,Praca,Signify,Oznaczać; mieć znaczenie,,
7608,4,Tom VI,Rozdział LIX,Rzeczowniki,Praca,Undertake,Przedsięwziąć;podjąć się realizacji,,
7609,4,Tom VI,Rozdział LIX,Rzeczowniki,Praca,Advance,Posuwać się do przodu; czynić postępy,,
7610,4,Tom VI,Rozdział LIX,Rzeczowniki,Praca,Capture,Uchwycić (np. Schwytać zakładnika; także chwycić sens),,
7611,4,Tom VI,Rozdział LIX,Rzeczowniki,Praca,Conceal,Ukrywać; skrywać,,
7612,4,Tom VI,Rozdział LIX,Rzeczowniki,Praca,Conduct,Przewodzić (czemuś); przeprowadzać (badania),,
7613,4,Tom VI,Rozdział LIX,Rzeczowniki,Praca,Demonstrate,Demonstrować; pokazywać,,
7614,4,Tom VI,Rozdział LIX,Rzeczowniki,Praca,Encompass,Otoczyć; objąć,,
7615,4,Tom VI,Rozdział LIX,Rzeczowniki,Praca,Enhance,Wzmacniać,,
7616,4,Tom VI,Rozdział LIX,Rzeczowniki,Praca,Exceed,Przekraczać (określoną wartość),,
7617,4,Tom VI,Rozdział LIX,Rzeczowniki,Praca,Lessen,Umniejszać; zmniejszać,,
7618,4,Tom VI,Rozdział LIX,Rzeczowniki,Praca,Maintain,Utrzymywać (coś w określonym stanie),,
7619,4,Tom VI,Rozdział LIX,Przymiotniki,Restauracja,Disappointing,Rozczarowujący,,
7620,4,Tom VI,Rozdział LIX,Przymiotniki,Restauracja,Posh,Wykwintny; szykowny,,
7621,4,Tom VI,Rozdział LIX,Przymiotniki,Restauracja,Luxurious,Luksusowy,,
7622,4,Tom VI,Rozdział LIX,Przymiotniki,Restauracja,Acceptable,Akceptowalny,,
7623,4,Tom VI,Rozdział LIX,Przymiotniki,Restauracja,Unacceptable,Niedopuszczalny; nie do przyjęcia,,
7624,4,Tom VI,Rozdział LIX,Przymiotniki,Restauracja,Overrated,Przereklamowany; przeceniany,,
7625,4,Tom VI,Rozdział LIX,Przymiotniki,Restauracja,Outrageous,Oburzający,,
7626,4,Tom VI,Rozdział LIX,Przymiotniki,Restauracja,Affordable,W przystępnej cenie,,
7627,4,Tom VI,Rozdział LIX,Przymiotniki,Restauracja,Tolerable,Do wytrzymania,,
7628,4,Tom VI,Rozdział LIX,Przymiotniki,Restauracja,Preferable,Wskazany; bardziej pożądany,,
7629,4,Tom VI,Rozdział LIX,Przymiotniki,Restauracja,Run-down,Zapuszczony,,
7630,4,Tom VI,Rozdział LIX,Przymiotniki,Restauracja,Neglected,Zaniedbany,,
7631,4,Tom VI,Rozdział LIX,Przymiotniki,Restauracja,Abandoned,Opuszczony,,
7632,4,Tom VI,Rozdział LIX,Przymiotniki,Restauracja,Classy,Z klasą,,
7633,4,Tom VI,Rozdział LIX,Przymiotniki,Restauracja,First-rate,Pierwszorzędny; znakomity,,
7634,4,Tom VI,Rozdział LIX,Przymiotniki,Sukces,Unique,Niepowtarzalny; wyjątkowy (unikatowy),,
7635,4,Tom VI,Rozdział LIX,Przymiotniki,Sukces,World-class,Światowej sławy; na światowym poziomie,,
7636,4,Tom VI,Rozdział LIX,Przymiotniki,Sukces,Impressive,Imponujący; robiący wrażenie,,
7637,4,Tom VI,Rozdział LIX,Przymiotniki,Sukces,Influential,Wpływowy,,
7638,4,Tom VI,Rozdział LIX,Przymiotniki,Sukces,Unforgettable,Niezapomniany,,
7639,4,Tom VI,Rozdział LIX,Przymiotniki,Sukces,Leading,Prowadzący; wiodący,,
7640,4,Tom VI,Rozdział LIX,Przymiotniki,Sukces,Priceless,Bezcenny,,
7641,4,Tom VI,Rozdział LIX,Przymiotniki,Sukces,Extraordinary,Nadzwyczajny; niezwykły,,
7642,4,Tom VI,Rozdział LIX,Przymiotniki,Sukces,Memorable,Pamiętny; niezapomniany,,
7643,4,Tom VI,Rozdział LIX,Przymiotniki,Sukces,Superior,Lepszy; wyższy rangą; wyjątkowy,,
7644,4,Tom VI,Rozdział LIX,Przymiotniki,Sukces,Victorious,Zwycięski,,
7645,4,Tom VI,Rozdział LIX,Przymiotniki,Sukces,Unbeatable,Nie do pokonania,,
7646,4,Tom VI,Rozdział LIX,Przymiotniki,Sukces,Unstoppable,Nie do zatrzymania,,
7647,4,Tom VI,Rozdział LIX,Przymiotniki,Sukces,Supreme,Najwyższy (np. Sąd); naczelny,,
7648,4,Tom VI,Rozdział LIX,Przymiotniki,Sukces,Splendid,Kapitalny,,
7649,4,Tom VI,Rozdział LIX,Slang,Slang 29,Said no one... Ever,Powiedział nikt w historii,,
7650,4,Tom VI,Rozdział LIX,Slang,Slang 29,Karma bomb,Karma wraca,,
7651,4,Tom VI,Rozdział LIX,Slang,Slang 29,Zero chill,"Niefajnie, naprawdę niefajnie",,
7652,4,Tom VI,Rozdział LIX,Slang,Slang 29,99 problems,Mam od cholery problemów,,
7653,4,Tom VI,Rozdział LIX,Slang,Slang 29,Bad business,Śliska sprawa,,
7654,4,Tom VI,Rozdział LIX,Slang,Slang 29,Beam me up,Zabierzcie mnie stąd,,
7655,4,Tom VI,Rozdział LIX,Slang,Slang 29,Brass monkeys,Pogoda pod psem,,
7656,4,Tom VI,Rozdział LIX,Slang,Slang 29,Cheugy,Dziaderskie,,
7657,4,Tom VI,Rozdział LIX,Slang,Slang 29,Hold your horses,Uspokój się,,
7658,4,Tom VI,Rozdział LIX,Slang,Slang 29,Like it was my job,Jakbym ja miał to faktycznie robić,,
7659,4,Tom VI,Rozdział LIX,Przymiotniki,Szybcy I wściekli,Swift,Zrywny; szybki,,
7660,4,Tom VI,Rozdział LIX,Przymiotniki,Szybcy I wściekli,Spare,Wolny; zapasowe (koło),,
7661,4,Tom VI,Rozdział LIX,Przymiotniki,Szybcy I wściekli,Rally,Rajdowy,,
7662,4,Tom VI,Rozdział LIX,Przymiotniki,Szybcy I wściekli,Racing,Wyścigowy,,
7663,4,Tom VI,Rozdział LIX,Przymiotniki,Szybcy I wściekli,Roadworthy,Na chodzie; nadający się do jazdy,,
7664,4,Tom VI,Rozdział LIX,Przymiotniki,Szybcy I wściekli,Off-road,Terenowy (np. Samochód),,
7665,4,Tom VI,Rozdział LIX,Przymiotniki,Szybcy I wściekli,Rapid,Błyskawiczny; szybki,,
7666,4,Tom VI,Rozdział LIX,Przymiotniki,Szybcy I wściekli,Long-distance,Długodystansowy; międzymiastowy,,
7667,4,Tom VI,Rozdział LIX,Przymiotniki,Szybcy I wściekli,Short-distance,Krótkodystansowy,,
7668,4,Tom VI,Rozdział LIX,Przymiotniki,Szybcy I wściekli,Intense,Bardzo silny; intensywny (np. Ból),,
7669,4,Tom VI,Rozdział LIX,Przymiotniki,Szybcy I wściekli,High-speed,Bardzo szybki,,
7670,4,Tom VI,Rozdział LIX,Przymiotniki,Szybcy I wściekli,Bumpy,Wyboisty,,
7671,4,Tom VI,Rozdział LIX,Przymiotniki,Szybcy I wściekli,Automotive,Motoryzacyjny,,
7672,4,Tom VI,Rozdział LIX,Przymiotniki,Szybcy I wściekli,Combustion,Spalinowy,,
7673,4,Tom VI,Rozdział LIX,Przymiotniki,Szybcy I wściekli,Scrapped,Zezłomowany,,
7674,4,Tom VI,Rozdział LIX,Phrasale,Szybcy I wściekli,Be off,Odjechać; pojechać,,
7675,4,Tom VI,Rozdział LIX,Phrasale,Szybcy I wściekli,Cut out,Zgasnąć; zaciąć się (np. Silnik),,
7676,4,Tom VI,Rozdział LIX,Phrasale,Szybcy I wściekli,Burn up,"Spalać (np. Paliwo, kalorie)",,
7677,4,Tom VI,Rozdział LIX,Phrasale,Szybcy I wściekli,Break for,Pędzić,,
7678,4,Tom VI,Rozdział LIX,Phrasale,Szybcy I wściekli,Cut sb up,Zajechać komuś drogę ,,
7679,4,Tom VI,Rozdział LIX,Phrasale,Szybcy I wściekli,Draw in,Przyjechać; przybyć; wjechać (np. Na peron) ,,
7680,4,Tom VI,Rozdział LIX,Phrasale,Szybcy I wściekli,Draw up,Podjeżdżać (pod bramę),,
7681,4,Tom VI,Rozdział LIX,Phrasale,Szybcy I wściekli,Go down,Stracić powietrze (np. W oponie),,
7682,4,Tom VI,Rozdział LIX,Phrasale,Szybcy I wściekli,Blow out,Przebić (oponę),,
7683,4,Tom VI,Rozdział LIX,Phrasale,Szybcy I wściekli,Shake off,Zgubić pościg,,
7684,4,Tom VI,Rozdział LIX,Rzeczowniki,Warzywa I owoce,Passion fruit,Marakuja,,
7685,4,Tom VI,Rozdział LIX,Rzeczowniki,Warzywa I owoce,Currant,Porzeczka,,
7686,4,Tom VI,Rozdział LIX,Rzeczowniki,Warzywa I owoce,Blueberry,Borówka,,
7687,4,Tom VI,Rozdział LIX,Rzeczowniki,Warzywa I owoce,Broad bean,Bób,,
7688,4,Tom VI,Rozdział LIX,Rzeczowniki,Warzywa I owoce,Brussels sprout,Brukselka,,
7689,4,Tom VI,Rozdział LIX,Rzeczowniki,Warzywa I owoce,Spring onion,Cebula dymka,,
7690,4,Tom VI,Rozdział LIX,Rzeczowniki,Warzywa I owoce,Ginger,Imbir,,
7691,4,Tom VI,Rozdział LIX,Rzeczowniki,Warzywa I owoce,Kale,Jarmuż,,
7692,4,Tom VI,Rozdział LIX,Rzeczowniki,Warzywa I owoce,Eggplant,Bakłażan,,
7693,4,Tom VI,Rozdział LIX,Rzeczowniki,Warzywa I owoce,Dill,Koper,,
7694,4,Tom VI,Rozdział LIX,Rzeczowniki,Warzywa I owoce,Gooseberry,Agrest,,
7695,4,Tom VI,Rozdział LIX,Rzeczowniki,Warzywa I owoce,Chokeberry,Aronia,,
7696,4,Tom VI,Rozdział LIX,Rzeczowniki,Warzywa I owoce,Horseradish,Chrzan,,
7697,4,Tom VI,Rozdział LIX,Rzeczowniki,Warzywa I owoce,Marrow,Kabaczek,,
7698,4,Tom VI,Rozdział LIX,Rzeczowniki,Warzywa I owoce,Sauerkraut,Kapusta kiszona,,
7699,4,Tom VI,Rozdział LIX,Rzeczowniki,Finanse,Surcharge,Dopłata; dodatkowa opłata,,
7700,4,Tom VI,Rozdział LIX,Rzeczowniki,Finanse,Subsidy,Dotacja na coś; subwencja,,
7701,4,Tom VI,Rozdział LIX,Rzeczowniki,Finanse,Postal order,Przekaz pocztowy,,
7702,4,Tom VI,Rozdział LIX,Rzeczowniki,Finanse,Revenue,Przychód,,
7703,4,Tom VI,Rozdział LIX,Rzeczowniki,Finanse,Reimbursement,Zwrot kosztów,,
7704,4,Tom VI,Rozdział LIX,Rzeczowniki,Finanse,Small change,Drobne pieniądze,,
7705,4,Tom VI,Rozdział LIX,Rzeczowniki,Finanse,Mortgage loan,Kredyt hipoteczny,,
7706,4,Tom VI,Rozdział LIX,Rzeczowniki,Finanse,Remuneration,Wynagrodzenie,,
7707,4,Tom VI,Rozdział LIX,Rzeczowniki,Finanse,Wherewithal,Niezbędne fundusze,,
7708,4,Tom VI,Rozdział LIX,Rzeczowniki,Finanse,Value,Wartość,,
7709,4,Tom VI,Rozdział LIX,Rzeczowniki,Finanse,Foreign currency,Waluta obca,,
7710,4,Tom VI,Rozdział LIX,Rzeczowniki,Finanse,Liability,Pasywa; należności,,
7711,4,Tom VI,Rozdział LIX,Rzeczowniki,Finanse,Tip,Napiwek,,
7712,4,Tom VI,Rozdział LIX,Rzeczowniki,Finanse,Debit card,Karta debetowa,,
7713,4,Tom VI,Rozdział LIX,Rzeczowniki,Finanse,Commission,Prowizja,,
7714,4,Tom VI,Rozdział LX,Rzeczowniki,Budynki,Skyscraper,Drapacz chmur,,
7715,4,Tom VI,Rozdział LX,Rzeczowniki,Budynki,Semi-detached house,Bliźniak (budynek),,
7716,4,Tom VI,Rozdział LX,Rzeczowniki,Budynki,Tenement,Kamienica,,
7717,4,Tom VI,Rozdział LX,Rzeczowniki,Budynki,Terraced house,Dom szeregowy,,
7718,4,Tom VI,Rozdział LX,Rzeczowniki,Budynki,Detached house,Dom wolnostojący,,
7719,4,Tom VI,Rozdział LX,Rzeczowniki,Budynki,Estate,Nieruchomość; posiadłość,,
7720,4,Tom VI,Rozdział LX,Rzeczowniki,Budynki,Facility,Obiekt (np. Sportowy); placówka,,
7721,4,Tom VI,Rozdział LX,Rzeczowniki,Budynki,Tower block,Wieżowiec,,
7722,4,Tom VI,Rozdział LX,Rzeczowniki,Budynki,Bungalow,Bungalow; dom parterowy,,
7723,4,Tom VI,Rozdział LX,Rzeczowniki,Budynki,Bell tower,Dzwonnica,,
7724,4,Tom VI,Rozdział LX,Rzeczowniki,Budynki,Studio apartment,Kawalerka,,
7725,4,Tom VI,Rozdział LX,Rzeczowniki,Budynki,Lodge,Domek; chata,,
7726,4,Tom VI,Rozdział LX,Rzeczowniki,Budynki,Shack,Chałupa; buda (budynek),,
7727,4,Tom VI,Rozdział LX,Rzeczowniki,Budynki,Mansion,Posiadłość,,
7728,4,Tom VI,Rozdział LX,Rzeczowniki,Budynki,Manor,Dworek,,
7729,4,Tom VI,Rozdział LX,Rzeczowniki,Dla dorosłych,Marijuana,Marihuana,,
7730,4,Tom VI,Rozdział LX,Rzeczowniki,Dla dorosłych,Draught beer,Piwo beczkowe,,
7731,4,Tom VI,Rozdział LX,Rzeczowniki,Dla dorosłych,Ashtray,Popielniczka,,
7732,4,Tom VI,Rozdział LX,Rzeczowniki,Dla dorosłych,Sparkling wine,Wino musujące,,
7733,4,Tom VI,Rozdział LX,Rzeczowniki,Dla dorosłych,Cider,Cydr,,
7734,4,Tom VI,Rozdział LX,Rzeczowniki,Dla dorosłych,Gambling,Hazard,,
7735,4,Tom VI,Rozdział LX,Rzeczowniki,Dla dorosłych,Scotch,Szkocka,,
7736,4,Tom VI,Rozdział LX,Rzeczowniki,Dla dorosłych,Cognac,Koniak,,
7737,4,Tom VI,Rozdział LX,Rzeczowniki,Dla dorosłych,Liqueur,Likier,,
7738,4,Tom VI,Rozdział LX,Rzeczowniki,Dla dorosłych,Vermouth,Wermut,,
7739,4,Tom VI,Rozdział LX,Rzeczowniki,Dla dorosłych,Moonshine,Bimber; samogon,,
7740,4,Tom VI,Rozdział LX,Rzeczowniki,Dla dorosłych,Ejaculation,Wytrysk,,
7741,4,Tom VI,Rozdział LX,Rzeczowniki,Dla dorosłych,Clitoris,Łechtaczka,,
7742,4,Tom VI,Rozdział LX,Rzeczowniki,Dla dorosłych,Climax,Szczytowanie,,
7743,4,Tom VI,Rozdział LX,Rzeczowniki,Dla dorosłych,Semen,Sperma,,
7744,4,Tom VI,Rozdział LX,Przysłówki,Miejsce,Outdoors,Poza domem,,
7745,4,Tom VI,Rozdział LX,Przysłówki,Miejsce,Amongst,Wśród (być jednym z),,
7746,4,Tom VI,Rozdział LX,Przysłówki,Miejsce,Underneath,Pod (spodem),,
7747,4,Tom VI,Rozdział LX,Przysłówki,Miejsce,Externally,Zewnętrznie,,
7748,4,Tom VI,Rozdział LX,Przysłówki,Miejsce,Halfway,W połowie drogi,,
7749,4,Tom VI,Rozdział LX,Przysłówki,Miejsce,Inland,Wewnątrz lądu,,
7750,4,Tom VI,Rozdział LX,Przysłówki,Miejsce,Internally,Wewnętrznie,,
7751,4,Tom VI,Rozdział LX,Przysłówki,Miejsce,Overseas,Zamorsko,,
7752,4,Tom VI,Rozdział LX,Przysłówki,Miejsce,Side-by-side,Obok siebie,,
7753,4,Tom VI,Rozdział LX,Przysłówki,Miejsce,Beyond,Za (czymś); poza,,
7754,4,Tom VI,Rozdział LX,Przysłówki,Miejsce,About,(być) w pobliżu,,
7755,4,Tom VI,Rozdział LX,Przysłówki,Miejsce,Forward of,Przed czymś,,
7756,4,Tom VI,Rozdział LX,Przysłówki,Miejsce,Halfway,W połowie drogi,,
7757,4,Tom VI,Rozdział LX,Przysłówki,Miejsce,In the middle,W środku,,
7758,4,Tom VI,Rozdział LX,Przysłówki,Miejsce,Beside,Obok (czegoś),,
7759,4,Tom VI,Rozdział LX,Przymiotniki,Pogoda,Freezing,Zamarzający; mroźny; lodowaty,,
7760,4,Tom VI,Rozdział LX,Przymiotniki,Pogoda,Stormy,Burzowy; burzliwy,,
7761,4,Tom VI,Rozdział LX,Przymiotniki,Pogoda,Chilly,Chłodny (chłodzi),,
7762,4,Tom VI,Rozdział LX,Przymiotniki,Pogoda,Molten,Roztopiony,,
7763,4,Tom VI,Rozdział LX,Przymiotniki,Pogoda,Slippery,Śliski,,
7764,4,Tom VI,Rozdział LX,Przymiotniki,Pogoda,Humid,"Wilgotny (klimat, powietrze)",,
7765,4,Tom VI,Rozdział LX,Przymiotniki,Pogoda,Dried,Wysuszony,,
7766,4,Tom VI,Rozdział LX,Przymiotniki,Pogoda,Swampy,Bagienny,,
7767,4,Tom VI,Rozdział LX,Przymiotniki,Pogoda,Boggy,Bagnisty,,
7768,4,Tom VI,Rozdział LX,Przymiotniki,Pogoda,Cloudless,Bezchmurny,,
7769,4,Tom VI,Rozdział LX,Przymiotniki,Pogoda,Lukewarm,Letni; ciepławy,,
7770,4,Tom VI,Rozdział LX,Przymiotniki,Pogoda,Frosted,Oszroniony,,
7771,4,Tom VI,Rozdział LX,Przymiotniki,Pogoda,Overcast,Zachmurzony,,
7772,4,Tom VI,Rozdział LX,Przymiotniki,Pogoda,Watery,Podmokły; wodnisty,,
7773,4,Tom VI,Rozdział LX,Przymiotniki,Pogoda,Moist,Wilgotny,,
7774,4,Tom VI,Rozdział LX,Czasowniki,Ręką,Gesture,Gestykulować,,
7775,4,Tom VI,Rozdział LX,Czasowniki,Ręką,Smack,"Strzelić (kogoś, coś)",,
7776,4,Tom VI,Rozdział LX,Czasowniki,Ręką,Dump,Rzucić coś w jakieś miejsce; pozbyć się czegoś; wyrzucić,,
7777,4,Tom VI,Rozdział LX,Czasowniki,Ręką,Grip,Chwytać (coś ręką I trzymać),,
7778,4,Tom VI,Rozdział LX,Czasowniki,Ręką,Jerk,Szarpać; targać; wykonac gwałtowny ruch,,
7779,4,Tom VI,Rozdział LX,Czasowniki,Ręką,Nudge,Trącać łokciem,,
7780,4,Tom VI,Rozdział LX,Czasowniki,Ręką,Seize,Pochwycić; korzystać,,
7781,4,Tom VI,Rozdział LX,Czasowniki,Ręką,Snatch,Wyrywać (z ręki); podwędzić,,
7782,4,Tom VI,Rozdział LX,Czasowniki,Ręką,Yank,Szarpnąć (nagle),,
7783,4,Tom VI,Rozdział LX,Czasowniki,Ręką,Clasp,"Trzymać (coś, kogoś) kurczowo; ściskać (kogoś)",,
7784,4,Tom VI,Rozdział LX,Czasowniki,Ręką,Clench,Zaciskać; ściskać,,
7785,4,Tom VI,Rozdział LX,Czasowniki,Ręką,Flick,Pstryknąć,,
7786,4,Tom VI,Rozdział LX,Czasowniki,Ręką,Pat,Poklepywać,,
7787,4,Tom VI,Rozdział LX,Czasowniki,Ręką,Toss,Podrzucać; potrząsać; przewracać,,
7788,4,Tom VI,Rozdział LX,Czasowniki,Ręką,Clutch,Ściskać kurczowo,,
7789,4,Tom VI,Rozdział LX,Phrasale,Ruch,Set off,Wyruszać gdzieś w podróż,,
7790,4,Tom VI,Rozdział LX,Phrasale,Ruch,Come down,"Padać (śnieg, deszcz)",,
7791,4,Tom VI,Rozdział LX,Phrasale,Ruch,Go down,Zachodzić (słońce),,
7792,4,Tom VI,Rozdział LX,Phrasale,Ruch,Be out,Wychodzić zza chmur (o słońcu),,
7793,4,Tom VI,Rozdział LX,Phrasale,Ruch,Go along,Zabrać się (gdzieś) z kimś,,
7794,4,Tom VI,Rozdział LX,Phrasale,Ruch,Sneak into,Wkraść się,,
7795,4,Tom VI,Rozdział LX,Phrasale,Ruch,Spread out,Rozkładać; rozłożyć; rozpościerać się,,
7796,4,Tom VI,Rozdział LX,Phrasale,Ruch,Spread out,Rozproszyć się,,
7797,4,Tom VI,Rozdział LX,Phrasale,Ruch,Bring down,Lądować; sprowadzać coś w dół (np. Samolot),,
7798,4,Tom VI,Rozdział LX,Phrasale,Ruch,Keel over,Przewrócić się,,
7799,4,Tom VI,Rozdział LX,Przymiotniki,Słaby moment,Helpless,Bezradny,,
7800,4,Tom VI,Rozdział LX,Przymiotniki,Słaby moment,Powerless,Bezsilny,,
7801,4,Tom VI,Rozdział LX,Przymiotniki,Słaby moment,Unwilling,Niechętny,,
7802,4,Tom VI,Rozdział LX,Przymiotniki,Słaby moment,Anxious,Zaniepokojony,,
7803,4,Tom VI,Rozdział LX,Przymiotniki,Słaby moment,Frightened,Przerażony,,
7804,4,Tom VI,Rozdział LX,Przymiotniki,Słaby moment,Troubled,Strapiony,,
7805,4,Tom VI,Rozdział LX,Przymiotniki,Słaby moment,Concerned,Zatroskany,,
7806,4,Tom VI,Rozdział LX,Przymiotniki,Słaby moment,Ashamed,Zawstydzony,,
7807,4,Tom VI,Rozdział LX,Przymiotniki,Słaby moment,Annoyed,Wkurzony,,
7808,4,Tom VI,Rozdział LX,Przymiotniki,Słaby moment,Confused,Zagubiony; skonfudowany,,
7809,4,Tom VI,Rozdział LX,Przymiotniki,Słaby moment,Intimidated,Onieśmielony,,
7810,4,Tom VI,Rozdział LX,Przymiotniki,Słaby moment,Homesick,Stęskniony (za domem),,
7811,4,Tom VI,Rozdział LX,Przymiotniki,Słaby moment,Embarrassed,Zażenowany,,
7812,4,Tom VI,Rozdział LX,Przymiotniki,Słaby moment,Hectic,Gorączkowy (nerwowy moment),,
7813,4,Tom VI,Rozdział LX,Przymiotniki,Słaby moment,Vulnerable,Dający się łatwo zranić (wrażliwy); bezbronny,,
7814,4,Tom VI,Rozdział LX,Rzeczowniki,Napoje,Americano,Kawa czarna,,
7815,4,Tom VI,Rozdział LX,Rzeczowniki,Napoje,Ground coffee,Kawa mielona,,
7816,4,Tom VI,Rozdział LX,Rzeczowniki,Napoje,Flat white,Flat white (kawa z mało spienionym mlekiem),,
7817,4,Tom VI,Rozdział LX,Rzeczowniki,Napoje,Macchiato,Macchiato (espresso z mlekiem),,
7818,4,Tom VI,Rozdział LX,Rzeczowniki,Napoje,Mocktail,Koktajl bezalkoholowy,,
7819,4,Tom VI,Rozdział LX,Rzeczowniki,Napoje,Tonic,Tonik,,
7820,4,Tom VI,Rozdział LX,Rzeczowniki,Napoje,Herbal tea,Herbata ziołowa,,
7821,4,Tom VI,Rozdział LX,Rzeczowniki,Napoje,Iced tea,Herbata mrożona,,
7822,4,Tom VI,Rozdział LX,Rzeczowniki,Napoje,Non-alcoholic beer,Piwo bezalkoholowe,,
7823,4,Tom VI,Rozdział LX,Rzeczowniki,Napoje,Squash,Zagęszczony sok owocowy,,
7824,4,Tom VI,Rozdział LX,Rzeczowniki,Napoje,Protein drink,Napój białkowy,,
7825,4,Tom VI,Rozdział LX,Rzeczowniki,Napoje,Punch,Poncz,,
7826,4,Tom VI,Rozdział LX,Rzeczowniki,Napoje,Condensed milk,Mleko skondensowane,,
7827,4,Tom VI,Rozdział LX,Rzeczowniki,Napoje,Kefir,Kefir,,
7828,4,Tom VI,Rozdział LX,Rzeczowniki,Napoje,Buttermilk,Maślanka,,
7829,4,Tom VI,Rozdział LX,Slang,Szybcy I wściekli,Rimz,Fele; felgi,,
7830,4,Tom VI,Rozdział LX,Slang,Szybcy I wściekli,Ride shotgun,Jechać z przodu na miejscu pasażera,,
7831,4,Tom VI,Rozdział LX,Slang,Szybcy I wściekli,Scenic route,Droga naokoło; malownicza trasa,,
7832,4,Tom VI,Rozdział LX,Slang,Szybcy I wściekli,Jet,Spadać; wiać,,
7833,4,Tom VI,Rozdział LX,Slang,Szybcy I wściekli,Hellbent,"Zdeterminowany, zafiksowany",,
7834,4,Tom VI,Rozdział LX,Slang,Szybcy I wściekli,4-banger,4 cylindrowe auto,,
7835,4,Tom VI,Rozdział LX,Slang,Szybcy I wściekli,Jugs,Cylindry,,
7836,4,Tom VI,Rozdział LX,Slang,Szybcy I wściekli,Reggie,Skręt w prawo,,
7837,4,Tom VI,Rozdział LX,Slang,Szybcy I wściekli,Louie,Skręt w lewo,,
7838,4,Tom VI,Rozdział LX,Slang,Szybcy I wściekli,Jalopy,Gruchot,,
7839,4,Tom VI,Rozdział LX,Rzeczowniki,Sukces,Fulfillment,Spełnienie,,
7840,4,Tom VI,Rozdział LX,Rzeczowniki,Sukces,Achievement,Osiągnięcie,,
7841,4,Tom VI,Rozdział LX,Rzeczowniki,Sukces,Potential,Potencjał,,
7842,4,Tom VI,Rozdział LX,Rzeczowniki,Sukces,Treasure,Skarb,,
7843,4,Tom VI,Rozdział LX,Rzeczowniki,Sukces,Challenge,Wyzwanie,,
7844,4,Tom VI,Rozdział LX,Rzeczowniki,Sukces,Glory,Chwała,,
7845,4,Tom VI,Rozdział LX,Rzeczowniki,Sukces,Breakthrough,Przełom; punkt zwrotny,,
7846,4,Tom VI,Rozdział LX,Rzeczowniki,Sukces,Self-confidence,Pewność siebie,,
7847,4,Tom VI,Rozdział LX,Rzeczowniki,Sukces,Prime,Najlepszy okres; najlepsze lata życia,,
7848,4,Tom VI,Rozdział LX,Rzeczowniki,Sukces,Triumph,Triumf,,
7849,4,Tom VI,Rozdział LX,Rzeczowniki,Sukces,Accomplishment,Dokonanie czegoś,,
7850,4,Tom VI,Rozdział LX,Rzeczowniki,Sukces,Victory,Zwycięstwo,,
7851,4,Tom VI,Rozdział LX,Rzeczowniki,Sukces,Victor,Zwycięzca,,
7852,4,Tom VI,Rozdział LX,Rzeczowniki,Sukces,Attainment,Zdobycie czegoś,,
7853,4,Tom VI,Rozdział LX,Rzeczowniki,Sukces,Brilliance,Świetność; geniusz,,
7854,4,Tom VII,Rozdział LXI,Rzeczowniki,Majsterkowanie,Cord,Sznur,,
7855,4,Tom VII,Rozdział LXI,Rzeczowniki,Majsterkowanie,String,Sznurek,,
7856,4,Tom VII,Rozdział LXI,Rzeczowniki,Majsterkowanie,Plank,Deska,,
7857,4,Tom VII,Rozdział LXI,Rzeczowniki,Majsterkowanie,Pocket knife,Scyzoryk,,
7858,4,Tom VII,Rozdział LXI,Rzeczowniki,Majsterkowanie,Nut,Nakrętka,,
7859,4,Tom VII,Rozdział LXI,Rzeczowniki,Majsterkowanie,Bolt,Śruba,,
7860,4,Tom VII,Rozdział LXI,Rzeczowniki,Majsterkowanie,Lever,Dźwignia,,
7861,4,Tom VII,Rozdział LXI,Rzeczowniki,Majsterkowanie,Adhesive tape,Taśma klejąca,,
7862,4,Tom VII,Rozdział LXI,Rzeczowniki,Majsterkowanie,Drill,Wiertarka,,
7863,4,Tom VII,Rozdział LXI,Rzeczowniki,Majsterkowanie,Drill bits,Wiertła,,
7864,4,Tom VII,Rozdział LXI,Rzeczowniki,Majsterkowanie,Adjustment,Korekta; poprawka,,
7865,4,Tom VII,Rozdział LXI,Rzeczowniki,Majsterkowanie,Vice,Imadło,,
7866,4,Tom VII,Rozdział LXI,Rzeczowniki,Majsterkowanie,Jack,Lewarek; podnośnik,,
7867,4,Tom VII,Rozdział LXI,Rzeczowniki,Majsterkowanie,Wrench,Klucz francuski,,
7868,4,Tom VII,Rozdział LXI,Rzeczowniki,Majsterkowanie,Combination pliers,Kombinerki,,
7869,4,Tom VII,Rozdział LXI,Rzeczowniki,Biuro,Binder,Segregator,,
7870,4,Tom VII,Rozdział LXI,Rzeczowniki,Biuro,Worksheet,Arkusz; karta ćwiczeń,,
7871,4,Tom VII,Rozdział LXI,Rzeczowniki,Biuro,Fineliner,Cienkopis,,
7872,4,Tom VII,Rozdział LXI,Rzeczowniki,Biuro,Punched pocket,Koszulka na dokumenty,,
7873,4,Tom VII,Rozdział LXI,Rzeczowniki,Biuro,Magic marker,Mazak,,
7874,4,Tom VII,Rozdział LXI,Rzeczowniki,Biuro,Shredder,Niszczarka,,
7875,4,Tom VII,Rozdział LXI,Rzeczowniki,Biuro,Staple,Zszywka,,
7876,4,Tom VII,Rozdział LXI,Rzeczowniki,Biuro,Hole punch,Dziurkacz,,
7877,4,Tom VII,Rozdział LXI,Rzeczowniki,Biuro,Swivel chair,Krzesło obrotowe,,
7878,4,Tom VII,Rozdział LXI,Rzeczowniki,Biuro,Stapler,Zszywacz,,
7879,4,Tom VII,Rozdział LXI,Rzeczowniki,Biuro,Spreadsheet,Arkusz kalkulacyjny,,
7880,4,Tom VII,Rozdział LXI,Rzeczowniki,Biuro,Correspondence,Korespondencja,,
7881,4,Tom VII,Rozdział LXI,Rzeczowniki,Biuro,Copying machine,Kserokopiarka,,
7882,4,Tom VII,Rozdział LXI,Rzeczowniki,Biuro,File cabinet,Szafka na dokumenty,,
7883,4,Tom VII,Rozdział LXI,Rzeczowniki,Biuro,Dressing case,Neseser; aktówka,,
7884,4,Tom VII,Rozdział LXI,Rzeczowniki,Kosmos,Mars,Mars,,
7885,4,Tom VII,Rozdział LXI,Rzeczowniki,Kosmos,Mercury,Merkury,,
7886,4,Tom VII,Rozdział LXI,Rzeczowniki,Kosmos,Neptune,Neptun,,
7887,4,Tom VII,Rozdział LXI,Rzeczowniki,Kosmos,Vacuum,Próżnia,,
7888,4,Tom VII,Rozdział LXI,Rzeczowniki,Kosmos,Saturn,Saturn,,
7889,4,Tom VII,Rozdział LXI,Rzeczowniki,Kosmos,Spaceship,Statek kosmiczny,,
7890,4,Tom VII,Rozdział LXI,Rzeczowniki,Kosmos,Uranus,Uran,,
7891,4,Tom VII,Rozdział LXI,Rzeczowniki,Kosmos,Venus,Wenus,,
7892,4,Tom VII,Rozdział LXI,Rzeczowniki,Kosmos,Asteroid,Asteroida,,
7893,4,Tom VII,Rozdział LXI,Rzeczowniki,Kosmos,Jupiter,Jowisz,,
7894,4,Tom VII,Rozdział LXI,Rzeczowniki,Kosmos,Pluto,Pluton,,
7895,4,Tom VII,Rozdział LXI,Rzeczowniki,Kosmos,Spacesuit,Skafander kosmiczny,,
7896,4,Tom VII,Rozdział LXI,Rzeczowniki,Kosmos,Earth,Ziemia,,
7897,4,Tom VII,Rozdział LXI,Rzeczowniki,Kosmos,Nebula,Mgławica,,
7898,4,Tom VII,Rozdział LXI,Rzeczowniki,Kosmos,Black hole,Czarnia dziura,,
7899,4,Tom VII,Rozdział LXI,Rzeczowniki,Kuchnia,Spatula,Szpatułka,,
7900,4,Tom VII,Rozdział LXI,Rzeczowniki,Kuchnia,Cookbook,Książka kucharska,,
7901,4,Tom VII,Rozdział LXI,Rzeczowniki,Kuchnia,Food processor,Robot kuchenny,,
7902,4,Tom VII,Rozdział LXI,Rzeczowniki,Kuchnia,Ladle,Chochla,,
7903,4,Tom VII,Rozdział LXI,Rzeczowniki,Kuchnia,Cutting board,Deska do krojenia,,
7904,4,Tom VII,Rozdział LXI,Rzeczowniki,Kuchnia,Colander,Durszlak,,
7905,4,Tom VII,Rozdział LXI,Rzeczowniki,Kuchnia,Cake tin,Foremka do pieczenia,,
7906,4,Tom VII,Rozdział LXI,Rzeczowniki,Kuchnia,Funnel,Lejek,,
7907,4,Tom VII,Rozdział LXI,Rzeczowniki,Kuchnia,Tablecloth,Obrus,,
7908,4,Tom VII,Rozdział LXI,Rzeczowniki,Kuchnia,Chopsticks,Pałeczki do jedzenia,,
7909,4,Tom VII,Rozdział LXI,Rzeczowniki,Kuchnia,Sieve,Sitko,,
7910,4,Tom VII,Rozdział LXI,Rzeczowniki,Kuchnia,Grater,Tarka,,
7911,4,Tom VII,Rozdział LXI,Rzeczowniki,Kuchnia,Chopping knife,Tasak,,
7912,4,Tom VII,Rozdział LXI,Rzeczowniki,Kuchnia,Rolling pin,Wałek do ciasta,,
7913,4,Tom VII,Rozdział LXI,Rzeczowniki,Kuchnia,Baking tray,Blacha do pieczenia,,
7914,4,Tom VII,Rozdział LXI,Przymiotniki,Kierunek,Inward,Skierowany do wewnątrz,,
7915,4,Tom VII,Rozdział LXI,Przymiotniki,Kierunek,Downhill,Zjazdowy; w dół,,
7916,4,Tom VII,Rozdział LXI,Przymiotniki,Kierunek,Backward,Wsteczny; tylny,,
7917,4,Tom VII,Rozdział LXI,Przymiotniki,Kierunek,Downward,Zwrócony ku dołowi,,
7918,4,Tom VII,Rozdział LXI,Przymiotniki,Kierunek,Upward,Zwrócony ku górze,,
7919,4,Tom VII,Rozdział LXI,Przymiotniki,Kierunek,Outward,Skierowany na zewnątrz,,
7920,4,Tom VII,Rozdział LXI,Przymiotniki,Kierunek,Uphill,Pod górę; stromy,,
7921,4,Tom VII,Rozdział LXI,Przymiotniki,Kierunek,Eastward,Wschodni (na wschód),,
7922,4,Tom VII,Rozdział LXI,Przymiotniki,Kierunek,Westward,Zachodni (na zachód),,
7923,4,Tom VII,Rozdział LXI,Przymiotniki,Kierunek,Northward,Północny (na północ),,
7924,4,Tom VII,Rozdział LXI,Przymiotniki,Kierunek,Southward,Południowy (na południe),,
7925,4,Tom VII,Rozdział LXI,Przymiotniki,Kierunek,Cross-country,Przełajowy,,
7926,4,Tom VII,Rozdział LXI,Przymiotniki,Kierunek,Downwind,Z wiatrem,,
7927,4,Tom VII,Rozdział LXI,Przymiotniki,Kierunek,Top-down,Odgórny,,
7928,4,Tom VII,Rozdział LXI,Przymiotniki,Kierunek,Seaward,W kierunku morza,,
7929,4,Tom VII,Rozdział LXI,Przymiotniki,Przymiotniki 26,Harmless,Nieszkodliwy; niegroźny,,
7930,4,Tom VII,Rozdział LXI,Przymiotniki,Przymiotniki 26,Carefree,Beztroski,,
7931,4,Tom VII,Rozdział LXI,Przymiotniki,Przymiotniki 26,Obedient,Posłuszny,,
7932,4,Tom VII,Rozdział LXI,Przymiotniki,Przymiotniki 26,Rigid,Sztywny; nieugięty,,
7933,4,Tom VII,Rozdział LXI,Przymiotniki,Przymiotniki 26,Down-to-earth,Przyziemny,,
7934,4,Tom VII,Rozdział LXI,Przymiotniki,Przymiotniki 26,Firm,Stanowczy; pewny,,
7935,4,Tom VII,Rozdział LXI,Przymiotniki,Przymiotniki 26,Formidable,Budzący grozę; budzący szacunek,,
7936,4,Tom VII,Rozdział LXI,Przymiotniki,Przymiotniki 26,Cunning,Przebiegły,,
7937,4,Tom VII,Rozdział LXI,Przymiotniki,Przymiotniki 26,Sly,Cwany,,
7938,4,Tom VII,Rozdział LXI,Przymiotniki,Przymiotniki 26,Meticulous,Drobiazgowy; przesadnie staranny,,
7939,4,Tom VII,Rozdział LXI,Przymiotniki,Przymiotniki 26,Prone,Mający słabość; skłonność do,,
7940,4,Tom VII,Rozdział LXI,Przymiotniki,Przymiotniki 26,Insistent,Nieprzejednany; uparty,,
7941,4,Tom VII,Rozdział LXI,Przymiotniki,Przymiotniki 26,Unpredictable,Nieprzewidywalny,,
7942,4,Tom VII,Rozdział LXI,Przymiotniki,Przymiotniki 26,Rigorous,Pełen rygoru; surowy,,
7943,4,Tom VII,Rozdział LXI,Przymiotniki,Przymiotniki 26,Susceptible,Podatny (na coś),,
7944,4,Tom VII,Rozdział LXI,Rzeczowniki,Książki I pisownia,Metaphor,Metafora,,
7945,4,Tom VII,Rozdział LXI,Rzeczowniki,Książki I pisownia,Storybook,Książeczka z bajkami,,
7946,4,Tom VII,Rozdział LXI,Rzeczowniki,Książki I pisownia,Biography,Biografia,,
7947,4,Tom VII,Rozdział LXI,Rzeczowniki,Książki I pisownia,Front page,Strona tytułowa,,
7948,4,Tom VII,Rozdział LXI,Rzeczowniki,Książki I pisownia,Best-seller,Bestseller,,
7949,4,Tom VII,Rozdział LXI,Rzeczowniki,Książki I pisownia,Reader,Czytelnik,,
7950,4,Tom VII,Rozdział LXI,Rzeczowniki,Książki I pisownia,Heroine,Bohaterka,,
7951,4,Tom VII,Rozdział LXI,Rzeczowniki,Książki I pisownia,Publisher,Wydawca; wydawnictwo,,
7952,4,Tom VII,Rozdział LXI,Rzeczowniki,Książki I pisownia,Context,Kontekst,,
7953,4,Tom VII,Rozdział LXI,Rzeczowniki,Książki I pisownia,Cover,Okładka,,
7954,4,Tom VII,Rozdział LXI,Rzeczowniki,Książki I pisownia,Short story,Opowiadanie,,
7955,4,Tom VII,Rozdział LXI,Rzeczowniki,Książki I pisownia,Poet,Poeta,,
7956,4,Tom VII,Rozdział LXI,Rzeczowniki,Książki I pisownia,Poetry,Poezja,,
7957,4,Tom VII,Rozdział LXI,Rzeczowniki,Książki I pisownia,Novel,Powieść,,
7958,4,Tom VII,Rozdział LXI,Rzeczowniki,Książki I pisownia,Content,Treść,,
7959,4,Tom VII,Rozdział LXI,Czasowniki,Każdy to robi,Yawn,Ziewać,,
7960,4,Tom VII,Rozdział LXI,Czasowniki,Każdy to robi,Chew,Żuć,,
7961,4,Tom VII,Rozdział LXI,Czasowniki,Każdy to robi,Sigh,Wzdychać,,
7962,4,Tom VII,Rozdział LXI,Czasowniki,Każdy to robi,Sniff,Pociągać nosem; wąchać,,
7963,4,Tom VII,Rozdział LXI,Czasowniki,Każdy to robi,Flex,Napinać; spinać (mięśnie); zginać; poruszyć (np. Palcami),,
7964,4,Tom VII,Rozdział LXI,Czasowniki,Każdy to robi,Inhale,Zrobić wdech,,
7965,4,Tom VII,Rozdział LXI,Czasowniki,Każdy to robi,Defecate,Wypróżniać się,,
7966,4,Tom VII,Rozdział LXI,Czasowniki,Każdy to robi,Urinate,Oddawać mocz,,
7967,4,Tom VII,Rozdział LXI,Czasowniki,Każdy to robi,Swallow,Połykać,,
7968,4,Tom VII,Rozdział LXI,Czasowniki,Każdy to robi,Exhale,Zrobić wydech,,
7969,4,Tom VII,Rozdział LXI,Czasowniki,Każdy to robi,Pronounce,Wymawiać,,
7970,4,Tom VII,Rozdział LXI,Czasowniki,Każdy to robi,Frown,Marszczyć brwi; grymasić,,
7971,4,Tom VII,Rozdział LXI,Czasowniki,Każdy to robi,Shrug,Wzruszać ramionami,,
7972,4,Tom VII,Rozdział LXI,Czasowniki,Każdy to robi,Awaken,Rozbudzać; obudzić,,
7973,4,Tom VII,Rozdział LXI,Czasowniki,Każdy to robi,Digest,Trawić,,
7974,4,Tom VII,Rozdział LXI,Rzeczowniki,Geografia,Lowlands,Nizina,,
7975,4,Tom VII,Rozdział LXI,Rzeczowniki,Geografia,Glade,Polana,,
7976,4,Tom VII,Rozdział LXI,Rzeczowniki,Geografia,Peak,Szczyt,,
7977,4,Tom VII,Rozdział LXI,Rzeczowniki,Geografia,Summit,Szczyt (najwyższy punkt góry),,
7978,4,Tom VII,Rozdział LXI,Rzeczowniki,Geografia,Latitude,Szerokość geograficzna,,
7979,4,Tom VII,Rozdział LXI,Rzeczowniki,Geografia,Waterfront,Nadbrzeże,,
7980,4,Tom VII,Rozdział LXI,Rzeczowniki,Geografia,Seaside,Wybrzeże (tylko nad morzem),,
7981,4,Tom VII,Rozdział LXI,Rzeczowniki,Geografia,Highland,Wyżyna,,
7982,4,Tom VII,Rozdział LXI,Rzeczowniki,Geografia,Gulf,Zatoka (duża),,
7983,4,Tom VII,Rozdział LXI,Rzeczowniki,Geografia,Bay,Zatoka (mała),,
7984,4,Tom VII,Rozdział LXI,Rzeczowniki,Geografia,Slope,Zbocze,,
7985,4,Tom VII,Rozdział LXI,Rzeczowniki,Geografia,Wildlife,Dzika przyroda,,
7986,4,Tom VII,Rozdział LXI,Rzeczowniki,Geografia,Horizon,Horyzont,,
7987,4,Tom VII,Rozdział LXI,Rzeczowniki,Geografia,Edge,Krawędź,,
7988,4,Tom VII,Rozdział LXI,Rzeczowniki,Geografia,Crack,Szczelina; pęknięcie,,
7989,4,Tom VII,Rozdział LXI,Phrasale,Ruch abstrakcyjny,Come up,Wzejść (np. Na niebie),,
7990,4,Tom VII,Rozdział LXI,Phrasale,Ruch abstrakcyjny,Cover up ,Ukryć; zamieść pod dywan (niecny czyn),,
7991,4,Tom VII,Rozdział LXI,Phrasale,Ruch abstrakcyjny,Lock sb up,Wsadzić kogoś do więzienia,,
7992,4,Tom VII,Rozdział LXI,Phrasale,Ruch abstrakcyjny,Step up,Przyspieszać coś; osiągnąć postęp,,
7993,4,Tom VII,Rozdział LXI,Phrasale,Ruch abstrakcyjny,Take sth away,Zabierać coś; wywozić coś,,
7994,4,Tom VII,Rozdział LXI,Phrasale,Ruch abstrakcyjny,Base sth on,Opierać coś na,,
7995,4,Tom VII,Rozdział LXI,Phrasale,Ruch abstrakcyjny,Take up,Podejmować (np. Nowe hobby),,
7996,4,Tom VII,Rozdział LXI,Phrasale,Ruch abstrakcyjny,Turn away from,Odwrócić się od,,
7997,4,Tom VII,Rozdział LXI,Phrasale,Ruch abstrakcyjny,Come across,"Natknąć się na coś (kogoś, coś)",,
7998,4,Tom VII,Rozdział LXI,Phrasale,Ruch abstrakcyjny,Come down to,Sprowadzać się do,,
7999,4,Tom VII,Rozdział LXII,Rzeczowniki,Gdy musisz coś zmierzyć,Ton,Tona,,
8000,4,Tom VII,Rozdział LXII,Rzeczowniki,Gdy musisz coś zmierzyć,Intensity,Intensywność,,
8001,4,Tom VII,Rozdział LXII,Rzeczowniki,Gdy musisz coś zmierzyć,Acre,Akr,,
8002,4,Tom VII,Rozdział LXII,Rzeczowniki,Gdy musisz coś zmierzyć,Ampere,Amper,,
8003,4,Tom VII,Rozdział LXII,Rzeczowniki,Gdy musisz coś zmierzyć,Are,Ar,,
8004,4,Tom VII,Rozdział LXII,Rzeczowniki,Gdy musisz coś zmierzyć,Tithe,Dziesięcina,,
8005,4,Tom VII,Rozdział LXII,Rzeczowniki,Gdy musisz coś zmierzyć,Joule,Dżul,,
8006,4,Tom VII,Rozdział LXII,Rzeczowniki,Gdy musisz coś zmierzyć,Gallon,Galon,,
8007,4,Tom VII,Rozdział LXII,Rzeczowniki,Gdy musisz coś zmierzyć,Hectare,Hektar,,
8008,4,Tom VII,Rozdział LXII,Rzeczowniki,Gdy musisz coś zmierzyć,Hertz,Herc,,
8009,4,Tom VII,Rozdział LXII,Rzeczowniki,Gdy musisz coś zmierzyć,Candela,Kandela,,
8010,4,Tom VII,Rozdział LXII,Rzeczowniki,Gdy musisz coś zmierzyć,Kelvin,Kelwin,,
8011,4,Tom VII,Rozdział LXII,Rzeczowniki,Gdy musisz coś zmierzyć,Coulomb,Kulomb,,
8012,4,Tom VII,Rozdział LXII,Rzeczowniki,Gdy musisz coś zmierzyć,Quintal,Kwintal,,
8013,4,Tom VII,Rozdział LXII,Rzeczowniki,Gdy musisz coś zmierzyć,Lumen,Lumen,,
8014,4,Tom VII,Rozdział LXII,Przymiotniki,Przymiotniki 27,Promising,Obiecujący,,
8015,4,Tom VII,Rozdział LXII,Przymiotniki,Przymiotniki 27,Even,Parzysty,,
8016,4,Tom VII,Rozdział LXII,Przymiotniki,Przymiotniki 27,Encouraging,Zachęcający,,
8017,4,Tom VII,Rozdział LXII,Przymiotniki,Przymiotniki 27,Simplified,Uproszczony,,
8018,4,Tom VII,Rozdział LXII,Przymiotniki,Przymiotniki 27,Limitless,Bezgraniczny,,
8019,4,Tom VII,Rozdział LXII,Przymiotniki,Przymiotniki 27,Exact,Dokładny; konkretny,,
8020,4,Tom VII,Rozdział LXII,Przymiotniki,Przymiotniki 27,Hypothetical,Hipotetyczny,,
8021,4,Tom VII,Rozdział LXII,Przymiotniki,Przymiotniki 27,Supernatural,Nadprzyrodzony,,
8022,4,Tom VII,Rozdział LXII,Przymiotniki,Przymiotniki 27,Incomplete,Niekompletny,,
8023,4,Tom VII,Rozdział LXII,Przymiotniki,Przymiotniki 27,Immortal,Nieśmiertelny,,
8024,4,Tom VII,Rozdział LXII,Przymiotniki,Przymiotniki 27,Corresponding,Odpowiadający czemuś,,
8025,4,Tom VII,Rozdział LXII,Przymiotniki,Przymiotniki 27,Ultimate,Ostateczny (wybór),,
8026,4,Tom VII,Rozdział LXII,Przymiotniki,Przymiotniki 27,Comparable,Porównywalny,,
8027,4,Tom VII,Rozdział LXII,Przymiotniki,Przymiotniki 27,Accidental,Przygodny; przypadkowy (nie w planie),,
8028,4,Tom VII,Rozdział LXII,Przymiotniki,Przymiotniki 27,Coincidental,Przypadkowy (zbieg okoliczności),,
8029,4,Tom VII,Rozdział LXII,Rzeczowniki,Unikać,Misery,Nędza,,
8030,4,Tom VII,Rozdział LXII,Rzeczowniki,Unikać,Harassment,Nękanie; prześladowanie,,
8031,4,Tom VII,Rozdział LXII,Rzeczowniki,Unikać,Disgust,Obrzydzenie; wstręt,,
8032,4,Tom VII,Rozdział LXII,Rzeczowniki,Unikać,Outrage,Oburzenie,,
8033,4,Tom VII,Rozdział LXII,Rzeczowniki,Unikać,Despair,Rozpacz,,
8034,4,Tom VII,Rozdział LXII,Rzeczowniki,Unikać,Tragedy,Tragedia,,
8035,4,Tom VII,Rozdział LXII,Rzeczowniki,Unikać,Prejudice,Uprzedzenie,,
8036,4,Tom VII,Rozdział LXII,Rzeczowniki,Unikać,Bias,Uprzedzenie; stronniczość,,
8037,4,Tom VII,Rozdział LXII,Rzeczowniki,Unikać,Bullying,Znęcanie się nad kimś słabszym,,
8038,4,Tom VII,Rozdział LXII,Rzeczowniki,Unikać,Aggressiveness,Agresywność,,
8039,4,Tom VII,Rozdział LXII,Rzeczowniki,Unikać,Dislike,Antypatia,,
8040,4,Tom VII,Rozdział LXII,Rzeczowniki,Unikać,Impudence,Bezczelność,,
8041,4,Tom VII,Rozdział LXII,Rzeczowniki,Unikać,Callousness,Bezduszność,,
8042,4,Tom VII,Rozdział LXII,Rzeczowniki,Unikać,Ruthlessness,Bezwzględność,,
8043,4,Tom VII,Rozdział LXII,Rzeczowniki,Unikać,Egocentricity,Egocentryzm,,
8044,4,Tom VII,Rozdział LXII,Phrasale,Higiena I wygląd,Grow out of,Wyrosnąć (z czegoś),,
8045,4,Tom VII,Rozdział LXII,Phrasale,Higiena I wygląd,Pull sth on,Narzucić coś,,
8046,4,Tom VII,Rozdział LXII,Phrasale,Higiena I wygląd,Do sth up,Zapiąć coś; związać (włosy),,
8047,4,Tom VII,Rozdział LXII,Phrasale,Higiena I wygląd,Pull sth down,Ściągnąć (coś z siebie),,
8048,4,Tom VII,Rozdział LXII,Phrasale,Higiena I wygląd,Stick out,Wystawać skądś; odstawać; wysuwać do przodu (np. Język),,
8049,4,Tom VII,Rozdział LXII,Phrasale,Higiena I wygląd,Turn out,Wywrócić coś na drugą stronę,,
8050,4,Tom VII,Rozdział LXII,Phrasale,Higiena I wygląd,Zip sth up,Zapiąć na zamek,,
8051,4,Tom VII,Rozdział LXII,Phrasale,Higiena I wygląd,Go with,Pasować do,,
8052,4,Tom VII,Rozdział LXII,Phrasale,Higiena I wygląd,Wash up,Myć ręce I twarz,,
8053,4,Tom VII,Rozdział LXII,Phrasale,Higiena I wygląd,Freshen up,Odświeżać się,,
8054,4,Tom VII,Rozdział LXII,Przymiotniki,Przymiotniki 28,Adopted,Adoptowany,,
8055,4,Tom VII,Rozdział LXII,Przymiotniki,Przymiotniki 28,Alphabetical,Alfabetyczny,,
8056,4,Tom VII,Rozdział LXII,Przymiotniki,Przymiotniki 28,Alternative,Alternatywny,,
8057,4,Tom VII,Rozdział LXII,Przymiotniki,Przymiotniki 28,Analytical,Analityczny,,
8058,4,Tom VII,Rozdział LXII,Przymiotniki,Przymiotniki 28,Animated,Animowany,,
8059,4,Tom VII,Rozdział LXII,Przymiotniki,Przymiotniki 28,Aromatic,Aromatyczny,,
8060,4,Tom VII,Rozdział LXII,Przymiotniki,Przymiotniki 28,Biological,Biologiczny,,
8061,4,Tom VII,Rozdział LXII,Przymiotniki,Przymiotniki 28,Charismatic,Charyzmatyczny,,
8062,4,Tom VII,Rozdział LXII,Przymiotniki,Przymiotniki 28,Chemical,Chemiczny,,
8063,4,Tom VII,Rozdział LXII,Przymiotniki,Przymiotniki 28,Christian,Chrześcijański,,
8064,4,Tom VII,Rozdział LXII,Przymiotniki,Przymiotniki 28,Definitive,Definitywny; ostateczny,,
8065,4,Tom VII,Rozdział LXII,Przymiotniki,Przymiotniki 28,Drastic,Drastyczny,,
8066,4,Tom VII,Rozdział LXII,Przymiotniki,Przymiotniki 28,Dynamic,Dynamiczny,,
8067,4,Tom VII,Rozdział LXII,Przymiotniki,Przymiotniki 28,Diplomatic,Dyplomatyczny,,
8068,4,Tom VII,Rozdział LXII,Przymiotniki,Przymiotniki 28,Egocentric,Egocentryczny,,
8069,4,Tom VII,Rozdział LXII,Rzeczowniki,Dolegliwości,Seasickness,Choroba morska,,
8070,4,Tom VII,Rozdział LXII,Rzeczowniki,Dolegliwości,Hump,Garb,,
8071,4,Tom VII,Rozdział LXII,Rzeczowniki,Dolegliwości,Nausea,Mdłości,,
8072,4,Tom VII,Rozdział LXII,Rzeczowniki,Dolegliwości,Ward,Oddział szpitalny,,
8073,4,Tom VII,Rozdział LXII,Rzeczowniki,Dolegliwości,Fainting,Omdlenie,,
8074,4,Tom VII,Rozdział LXII,Rzeczowniki,Dolegliwości,Swelling,Opuchlizna,,
8075,4,Tom VII,Rozdział LXII,Rzeczowniki,Dolegliwości,Overdose,Przedawkowanie,,
8076,4,Tom VII,Rozdział LXII,Rzeczowniki,Dolegliwości,Transplantation,Przeszczep,,
8077,4,Tom VII,Rozdział LXII,Rzeczowniki,Dolegliwości,X-ray,Prześwietlenie,,
8078,4,Tom VII,Rozdział LXII,Rzeczowniki,Dolegliwości,Sprain,Skręcenie (kostki),,
8079,4,Tom VII,Rozdział LXII,Rzeczowniki,Dolegliwości,Syringe,Strzykawka,,
8080,4,Tom VII,Rozdział LXII,Rzeczowniki,Dolegliwości,Blood transfusion,Transfuzja krwi,,
8081,4,Tom VII,Rozdział LXII,Rzeczowniki,Dolegliwości,Concussion,Wstrząs mózgu,,
8082,4,Tom VII,Rozdział LXII,Rzeczowniki,Dolegliwości,Vomiting,Wymioty,,
8083,4,Tom VII,Rozdział LXII,Rzeczowniki,Dolegliwości,Rash,Wysypka,,
8084,4,Tom VII,Rozdział LXII,Phrasale,Umysłowe,Catch up with sth,Nadrobić zaległości; dogonić,,
8085,4,Tom VII,Rozdział LXII,Phrasale,Umysłowe,Mix up,Pomylić coś z czymś; pomieszać coś,,
8086,4,Tom VII,Rozdział LXII,Phrasale,Umysłowe,Work sth out,Wykombinować coś,,
8087,4,Tom VII,Rozdział LXII,Phrasale,Umysłowe,Be into,Interesować się (siedzieć w czymś),,
8088,4,Tom VII,Rozdział LXII,Phrasale,Umysłowe,Liken sb to sb,Porównywać kogoś do kogoś,,
8089,4,Tom VII,Rozdział LXII,Phrasale,Umysłowe,Plan on doing sth,Zamierzać coś zrobić,,
8090,4,Tom VII,Rozdział LXII,Phrasale,Umysłowe,See about sth,Przekonać się o czymś,,
8091,4,Tom VII,Rozdział LXII,Phrasale,Umysłowe,Plan for,Przygotowywać się,,
8092,4,Tom VII,Rozdział LXII,Phrasale,Umysłowe,Brush up,Podszkolić; odświeżyć umiejętność,,
8093,4,Tom VII,Rozdział LXII,Phrasale,Umysłowe,Catch on,Skumać; załapać (ideę),,
8094,4,Tom VII,Rozdział LXII,Rzeczowniki,Szkoła,Compass,Cyrkiel,,
8095,4,Tom VII,Rozdział LXII,Rzeczowniki,Szkoła,Set square,Ekierka,,
8096,4,Tom VII,Rozdział LXII,Rzeczowniki,Szkoła,Interpretation,Interpretacja,,
8097,4,Tom VII,Rozdział LXII,Rzeczowniki,Szkoła,Protractor,Kątomierz,,
8098,4,Tom VII,Rozdział LXII,Rzeczowniki,Szkoła,Pencil case,Piórnik,,
8099,4,Tom VII,Rozdział LXII,Rzeczowniki,Szkoła,Ballpoint pen,Pióro kulkowe,,
8100,4,Tom VII,Rozdział LXII,Rzeczowniki,Szkoła,Fountain pen,Pióro wieczne,,
8101,4,Tom VII,Rozdział LXII,Rzeczowniki,Szkoła,School equipment,Przybory szkolne,,
8102,4,Tom VII,Rozdział LXII,Rzeczowniki,Szkoła,Provost,Rektor uniwersytecki,,
8103,4,Tom VII,Rozdział LXII,Rzeczowniki,Szkoła,Sharpener,Temperówka,,
8104,4,Tom VII,Rozdział LXII,Rzeczowniki,Szkoła,Intelligence test,Test na inteligencję,,
8105,4,Tom VII,Rozdział LXII,Rzeczowniki,Szkoła,Dean,Dziekan,,
8106,4,Tom VII,Rozdział LXII,Rzeczowniki,Szkoła,Psychology,Psychologia,,
8107,4,Tom VII,Rozdział LXII,Rzeczowniki,Szkoła,Peer group,Grupa rówieśnicza,,
8108,4,Tom VII,Rozdział LXII,Rzeczowniki,Szkoła,Curriculum,Program nauczania,,
8109,4,Tom VII,Rozdział LXII,Phrasale,Phrasale 4,It is up to sb,Coś zależy od kogoś,,
8110,4,Tom VII,Rozdział LXII,Phrasale,Phrasale 4,Split up,Rozdzielić się; rozstać się (skończyć związek),,
8111,4,Tom VII,Rozdział LXII,Phrasale,Phrasale 4,Make up with sb,Pogodzić się (z kimś),,
8112,4,Tom VII,Rozdział LXII,Phrasale,Phrasale 4,Step in for sb,Zgłosić się za kogoś,,
8113,4,Tom VII,Rozdział LXII,Phrasale,Phrasale 4,Come along,Dołączyć; przyłączyć się (do kogoś),,
8114,4,Tom VII,Rozdział LXII,Phrasale,Phrasale 4,Count on,"Liczyć na (kogoś, coś)",,
8115,4,Tom VII,Rozdział LXII,Phrasale,Phrasale 4,Give sth over to sb,Przekazać coś komuś,,
8116,4,Tom VII,Rozdział LXII,Phrasale,Phrasale 4,Stand up for sb,Stawać w obronie; wstawić się za kimś,,
8117,4,Tom VII,Rozdział LXII,Phrasale,Phrasale 4,Back sb up,Popierać kogoś,,
8118,4,Tom VII,Rozdział LXII,Phrasale,Phrasale 4,Feel for sb,Współczuć (potocznie),,
8119,4,Tom VII,Rozdział LXII,Rzeczowniki,Sprzęt elektroniczny,Transmission,Transmisja,,
8120,4,Tom VII,Rozdział LXII,Rzeczowniki,Sprzęt elektroniczny,Vibration,Wibracja,,
8121,4,Tom VII,Rozdział LXII,Rzeczowniki,Sprzęt elektroniczny,Contrast,Kontrast,,
8122,4,Tom VII,Rozdział LXII,Rzeczowniki,Sprzęt elektroniczny,Tracking,Namierzanie; tropienie,,
8123,4,Tom VII,Rozdział LXII,Rzeczowniki,Sprzęt elektroniczny,Extension lead,Przedłużacz,,
8124,4,Tom VII,Rozdział LXII,Rzeczowniki,Sprzęt elektroniczny,Display,Wyświetlacz,,
8125,4,Tom VII,Rozdział LXII,Rzeczowniki,Sprzęt elektroniczny,Coverage,Zasięg; zakres działania (techniczne słowo),,
8126,4,Tom VII,Rozdział LXII,Rzeczowniki,Sprzęt elektroniczny,Sensor,Czujnik,,
8127,4,Tom VII,Rozdział LXII,Rzeczowniki,Sprzęt elektroniczny,Amplifier,Wzmacniacz,,
8128,4,Tom VII,Rozdział LXII,Rzeczowniki,Sprzęt elektroniczny,Record player,Adapter,,
8129,4,Tom VII,Rozdział LXII,Rzeczowniki,Sprzęt elektroniczny,Transistor,Tranzystor,,
8130,4,Tom VII,Rozdział LXII,Rzeczowniki,Sprzęt elektroniczny,Capacitor,Kondensator,,
8131,4,Tom VII,Rozdział LXII,Rzeczowniki,Sprzęt elektroniczny,Transformer,Transformator,,
8132,4,Tom VII,Rozdział LXII,Rzeczowniki,Sprzęt elektroniczny,Induction stove,Płyta indukcyjna,,
8133,4,Tom VII,Rozdział LXII,Rzeczowniki,Sprzęt elektroniczny,Resistor,Opornik,,
8134,4,Tom VII,Rozdział LXIII,Czasowniki,Społeczeństwo,Resist,Stawiać opór; opierać się czemuś,,
8135,4,Tom VII,Rozdział LXIII,Czasowniki,Społeczeństwo,Accommodate,Pomieścić (mieć miejsce na coś),,
8136,4,Tom VII,Rozdział LXIII,Czasowniki,Społeczeństwo,Commemorate,Upamiętnić; uczcić pamięć,,
8137,4,Tom VII,Rozdział LXIII,Czasowniki,Społeczeństwo,Comply,"Zastosować się (do prawa, zasad, itd.)",,
8138,4,Tom VII,Rozdział LXIII,Czasowniki,Społeczeństwo,Conquer,Podbijać; zdobywać,,
8139,4,Tom VII,Rozdział LXIII,Czasowniki,Społeczeństwo,Contribute,Przyczyniać się; wnosić wkład w coś,,
8140,4,Tom VII,Rozdział LXIII,Czasowniki,Społeczeństwo,Donate,Przekazać datek; ofiarować,,
8141,4,Tom VII,Rozdział LXIII,Czasowniki,Społeczeństwo,Dwell,Zamieszkiwać,,
8142,4,Tom VII,Rozdział LXIII,Czasowniki,Społeczeństwo,Elect,"Wybierać (na prezydenta, urzędnika)",,
8143,4,Tom VII,Rozdział LXIII,Czasowniki,Społeczeństwo,Entitle,Upoważniać kogoś do czegoś,,
8144,4,Tom VII,Rozdział LXIII,Czasowniki,Społeczeństwo,Govern,Rządzić krajem; sprawować nadzór; określać (przepisy),,
8145,4,Tom VII,Rozdział LXIII,Czasowniki,Społeczeństwo,Inherit,Dziedziczyć,,
8146,4,Tom VII,Rozdział LXIII,Czasowniki,Społeczeństwo,Inject,Wstrzykiwać,,
8147,4,Tom VII,Rozdział LXIII,Czasowniki,Społeczeństwo,Litter,Zaśmiecać,,
8148,4,Tom VII,Rozdział LXIII,Czasowniki,Społeczeństwo,Normalize,Uregulować; ujednolicić,,
8149,4,Tom VII,Rozdział LXIII,Phrasale,Czas,Be on,Zacząć się (będzie grubo),,
8150,4,Tom VII,Rozdział LXIII,Phrasale,Czas,Get on,Kontynuować (robić dalej),,
8151,4,Tom VII,Rozdział LXIII,Phrasale,Czas,Hold sth up,Opóźniać coś,,
8152,4,Tom VII,Rozdział LXIII,Phrasale,Czas,Wrap sth up,Zawijać coś (kończyć coś),,
8153,4,Tom VII,Rozdział LXIII,Phrasale,Czas,Put off,Przełożyć coś na później,,
8154,4,Tom VII,Rozdział LXIII,Phrasale,Czas,Take up,Zajmować (czas),,
8155,4,Tom VII,Rozdział LXIII,Phrasale,Czas,Go back,Być datowanym na,,
8156,4,Tom VII,Rozdział LXIII,Phrasale,Czas,Leave off,Kończyć się,,
8157,4,Tom VII,Rozdział LXIII,Phrasale,Czas,Round sth off,Zakończyć coś; doprowadzić coś do końca,,
8158,4,Tom VII,Rozdział LXIII,Phrasale,Czas,Come about,Powstawać; zacząć się dziać,,
8159,4,Tom VII,Rozdział LXIII,Przymiotniki,Społeczeństwo,Next-door,Sąsiedzki (z naprzeciwka),,
8160,4,Tom VII,Rozdział LXIII,Przymiotniki,Społeczeństwo,Foreign,Zagraniczny,,
8161,4,Tom VII,Rozdział LXIII,Przymiotniki,Społeczeństwo,Engaged,Zaręczony,,
8162,4,Tom VII,Rozdział LXIII,Przymiotniki,Społeczeństwo,Multiple-choice,Wielokrotnego wyboru (test),,
8163,4,Tom VII,Rozdział LXIII,Przymiotniki,Społeczeństwo,Emergency,Awaryjny; ewakuacyjny,,
8164,4,Tom VII,Rozdział LXIII,Przymiotniki,Społeczeństwo,Crowded,Zatłoczony,,
8165,4,Tom VII,Rozdział LXIII,Przymiotniki,Społeczeństwo,Registered,Zarejestrowany; polecony (list),,
8166,4,Tom VII,Rozdział LXIII,Przymiotniki,Społeczeństwo,Agreed,Uzgodniony,,
8167,4,Tom VII,Rozdział LXIII,Przymiotniki,Społeczeństwo,Civil,Cywilny; obywatelski,,
8168,4,Tom VII,Rozdział LXIII,Przymiotniki,Społeczeństwo,Domestic,Krajowy (produkt brutto); domowy,,
8169,4,Tom VII,Rozdział LXIII,Przymiotniki,Społeczeństwo,Royal,Królewski,,
8170,4,Tom VII,Rozdział LXIII,Przymiotniki,Społeczeństwo,Scientific,Naukowy; przyrodniczy,,
8171,4,Tom VII,Rozdział LXIII,Przymiotniki,Społeczeństwo,Postal,Pocztowy,,
8172,4,Tom VII,Rozdział LXIII,Przymiotniki,Społeczeństwo,Suburban,Podmiejski,,
8173,4,Tom VII,Rozdział LXIII,Przymiotniki,Społeczeństwo,Political,Polityczny,,
8174,4,Tom VII,Rozdział LXIII,Rzeczowniki,Śmierć,Hospice,Hospicjum,,
8175,4,Tom VII,Rozdział LXIII,Rzeczowniki,Śmierć,Genocide,Ludobójstwo,,
8176,4,Tom VII,Rozdział LXIII,Rzeczowniki,Śmierć,Fatality,Ofiara śmiertelna,,
8177,4,Tom VII,Rozdział LXIII,Rzeczowniki,Śmierć,Heir,Spadkobiorca,,
8178,4,Tom VII,Rozdział LXIII,Rzeczowniki,Śmierć,Coffin,Trumna,,
8179,4,Tom VII,Rozdział LXIII,Rzeczowniki,Śmierć,Mourning,Żałoba,,
8180,4,Tom VII,Rozdział LXIII,Rzeczowniki,Śmierć,Agony,Agonia,,
8181,4,Tom VII,Rozdział LXIII,Rzeczowniki,Śmierć,Fratricide,Bratobójstwo,,
8182,4,Tom VII,Rozdział LXIII,Rzeczowniki,Śmierć,Funeral home,Dom pogrzebowy,,
8183,4,Tom VII,Rozdział LXIII,Rzeczowniki,Śmierć,Epitaph,Epitafium,,
8184,4,Tom VII,Rozdział LXIII,Rzeczowniki,Śmierć,Gravedigger,Grabarz,,
8185,4,Tom VII,Rozdział LXIII,Rzeczowniki,Śmierć,Funeral procession,Kondukt pogrzebowy,,
8186,4,Tom VII,Rozdział LXIII,Rzeczowniki,Śmierć,Crematory,Krematorium,,
8187,4,Tom VII,Rozdział LXIII,Rzeczowniki,Śmierć,Gravestone,Nagrobek,,
8188,4,Tom VII,Rozdział LXIII,Rzeczowniki,Śmierć,Obituary,Nekrolog,,
8189,4,Tom VII,Rozdział LXIII,Rzeczowniki,Drzewa,Root,Korzeń,,
8190,4,Tom VII,Rozdział LXIII,Rzeczowniki,Drzewa,Leaf,Liść,,
8191,4,Tom VII,Rozdział LXIII,Rzeczowniki,Drzewa,Palm tree,Palma,,
8192,4,Tom VII,Rozdział LXIII,Rzeczowniki,Drzewa,Bushes,Krzaki,,
8193,4,Tom VII,Rozdział LXIII,Rzeczowniki,Drzewa,Birch,Brzoza,,
8194,4,Tom VII,Rozdział LXIII,Rzeczowniki,Drzewa,Beech,Buk,,
8195,4,Tom VII,Rozdział LXIII,Rzeczowniki,Drzewa,Chestnut tree,Kasztanowiec,,
8196,4,Tom VII,Rozdział LXIII,Rzeczowniki,Drzewa,Maple,Klon,,
8197,4,Tom VII,Rozdział LXIII,Rzeczowniki,Drzewa,Pine,Sosna,,
8198,4,Tom VII,Rozdział LXIII,Rzeczowniki,Drzewa,Spruce,Świerk,,
8199,4,Tom VII,Rozdział LXIII,Rzeczowniki,Drzewa,Willow,Wierzba,,
8200,4,Tom VII,Rozdział LXIII,Rzeczowniki,Drzewa,Oak,Dąb,,
8201,4,Tom VII,Rozdział LXIII,Rzeczowniki,Drzewa,Baobab,Baobab,,
8202,4,Tom VII,Rozdział LXIII,Rzeczowniki,Drzewa,Boxwood,Bukszpan,,
8203,4,Tom VII,Rozdział LXIII,Rzeczowniki,Drzewa,Cedar,Cedr,,
8204,4,Tom VII,Rozdział LXIII,Czasowniki,Sądownicze,Sue,Pozywać kogoś (do sądu),,
8205,4,Tom VII,Rozdział LXIII,Czasowniki,Sądownicze,Evidence,Świadczyć o,,
8206,4,Tom VII,Rozdział LXIII,Czasowniki,Sądownicze,Judge,Osądzać; oceniać; sędziować,,
8207,4,Tom VII,Rozdział LXIII,Czasowniki,Sądownicze,File,Wnosić (sprawę do sądu); składać do akt,,
8208,4,Tom VII,Rozdział LXIII,Czasowniki,Sądownicze,Jail,Wsadzać do więzienia,,
8209,4,Tom VII,Rozdział LXIII,Czasowniki,Sądownicze,Witness,Być świadkiem,,
8210,4,Tom VII,Rozdział LXIII,Czasowniki,Sądownicze,Sentence,Skazywać,,
8211,4,Tom VII,Rozdział LXIII,Czasowniki,Sądownicze,Investigate,Prowadzić dochodzenie,,
8212,4,Tom VII,Rozdział LXIII,Czasowniki,Sądownicze,Convict,Uznać za winnego,,
8213,4,Tom VII,Rozdział LXIII,Czasowniki,Sądownicze,Imprison,Uwięzić kogoś,,
8214,4,Tom VII,Rozdział LXIII,Czasowniki,Sądownicze,Testify,Zeznawać,,
8215,4,Tom VII,Rozdział LXIII,Czasowniki,Sądownicze,Prosecute,Zaskarżyć,,
8216,4,Tom VII,Rozdział LXIII,Czasowniki,Sądownicze,Appeal,Wnosić apelację,,
8217,4,Tom VII,Rozdział LXIII,Czasowniki,Sądownicze,Adjudicate,Orzec,,
8218,4,Tom VII,Rozdział LXIII,Czasowniki,Sądownicze,Arbitrate,Rozstrzygać,,
8219,4,Tom VII,Rozdział LXIII,Rzeczowniki,Sądownicze,Appeal,Apelacja,,
8220,4,Tom VII,Rozdział LXIII,Rzeczowniki,Sądownicze,Due diligence,Audyt prawny,,
8221,4,Tom VII,Rozdział LXIII,Rzeczowniki,Sądownicze,Prime suspect,Główny podejrzany,,
8222,4,Tom VII,Rozdział LXIII,Rzeczowniki,Sądownicze,Bail,Kaucja za aresztowanego,,
8223,4,Tom VII,Rozdział LXIII,Rzeczowniki,Sądownicze,Evidence,Materiał dowodowy,,
8224,4,Tom VII,Rozdział LXIII,Rzeczowniki,Sądownicze,Compensation,Odszkodowanie; rekompensata,,
8225,4,Tom VII,Rozdział LXIII,Rzeczowniki,Sądownicze,Accusation,Oskarżenie,,
8226,4,Tom VII,Rozdział LXIII,Rzeczowniki,Sądownicze,Paragraph,Paragraf,,
8227,4,Tom VII,Rozdział LXIII,Rzeczowniki,Sądownicze,Plaintiff,Strona powodowa; powód; powódka,,
8228,4,Tom VII,Rozdział LXIII,Rzeczowniki,Sądownicze,Lawsuit,Proces sądowy,,
8229,4,Tom VII,Rozdział LXIII,Rzeczowniki,Sądownicze,Course of action,Przebieg działań,,
8230,4,Tom VII,Rozdział LXIII,Rzeczowniki,Sądownicze,Felony,Przestępstwo (bardzo poważne) w usa,,
8231,4,Tom VII,Rozdział LXIII,Rzeczowniki,Sądownicze,Regulation,Regulacja; nakaz (drogowy),,
8232,4,Tom VII,Rozdział LXIII,Rzeczowniki,Sądownicze,Respondent,Respondent; pozwany,,
8233,4,Tom VII,Rozdział LXIII,Rzeczowniki,Sądownicze,Litigation,Spór sądowy,,
8234,4,Tom VII,Rozdział LXIII,Przysłówki,Jak często,Seldom,Z rzadka,,
8235,4,Tom VII,Rozdział LXIII,Przysłówki,Jak często,Constantly,Wciąż; bez przerwy,,
8236,4,Tom VII,Rozdział LXIII,Przysłówki,Jak często,Systematically,Systematycznie,,
8237,4,Tom VII,Rozdział LXIII,Przysłówki,Jak często,Occasionally,Okazjonalnie; sporadycznie,,
8238,4,Tom VII,Rozdział LXIII,Przysłówki,Jak często,Permanently,Stale; na stałe,,
8239,4,Tom VII,Rozdział LXIII,Przysłówki,Jak często,Regularly,Regularnie,,
8240,4,Tom VII,Rozdział LXIII,Przysłówki,Jak często,Mostly,Przeważnie,,
8241,4,Tom VII,Rozdział LXIII,Przysłówki,Jak często,Repeatedly,Wielokrotnie,,
8242,4,Tom VII,Rozdział LXIII,Przysłówki,Jak często,Routinely,Rutynowo,,
8243,4,Tom VII,Rozdział LXIII,Przysłówki,Jak często,Periodically,Okresowo,,
8244,4,Tom VII,Rozdział LXIII,Przysłówki,Jak często,Sporadically,Sporadycznie,,
8245,4,Tom VII,Rozdział LXIII,Przysłówki,Jak często,Infrequently,Z małą częstotliwością,,
8246,4,Tom VII,Rozdział LXIII,Przysłówki,Jak często,Intermittently,Sporadycznie; nieregularnie,,
8247,4,Tom VII,Rozdział LXIII,Przysłówki,Jak często,Irregularly,Niregularnie,,
8248,4,Tom VII,Rozdział LXIII,Przysłówki,Jak często,Continually,Ustawicznie,,
8249,4,Tom VII,Rozdział LXIII,Zabronione,Najpiękniejsze słowa,Ebullience,Żywiołowość,,
8250,4,Tom VII,Rozdział LXIII,Zabronione,Najpiękniejsze słowa,Eloquence,Elokwencja,,
8251,4,Tom VII,Rozdział LXIII,Zabronione,Najpiękniejsze słowa,Ephemeral,Efemeryczny,,
8252,4,Tom VII,Rozdział LXIII,Zabronione,Najpiękniejsze słowa,Epiphany,Objawienie,,
8253,4,Tom VII,Rozdział LXIII,Zabronione,Najpiękniejsze słowa,Exuberant,Bujny; obfity,,
8254,4,Tom VII,Rozdział LXIII,Zabronione,Najpiękniejsze słowa,Fantabulous,Fajowski,,
8255,4,Tom VII,Rozdział LXIII,Zabronione,Najpiękniejsze słowa,Incandescent,Żarowy; rozżarzony,,
8256,4,Tom VII,Rozdział LXIII,Zabronione,Najpiękniejsze słowa,Ineffable,Nieopisany,,
8257,4,Tom VII,Rozdział LXIII,Zabronione,Najpiękniejsze słowa,Infatuation,Zauroczenie,,
8258,4,Tom VII,Rozdział LXIII,Zabronione,Najpiękniejsze słowa,Ludicrous,Niedorzeczny,,
8259,4,Tom VII,Rozdział LXIII,Phrasale,Pani domu,Clean up,Posprzątać,,
8260,4,Tom VII,Rozdział LXIII,Phrasale,Pani domu,Wash up,Zmywać naczynia,,
8261,4,Tom VII,Rozdział LXIII,Phrasale,Pani domu,Clear up,Zrobić porządek,,
8262,4,Tom VII,Rozdział LXIII,Phrasale,Pani domu,Hang sth out,Rozwiesić (np. Pranie),,
8263,4,Tom VII,Rozdział LXIII,Phrasale,Pani domu,Heat up,Podgrzewać,,
8264,4,Tom VII,Rozdział LXIII,Phrasale,Pani domu,Pack sth into sth,Spakować coś w coś,,
8265,4,Tom VII,Rozdział LXIII,Phrasale,Pani domu,Set up,Rozstawić coś; poustawiać,,
8266,4,Tom VII,Rozdział LXIII,Phrasale,Pani domu,Boil over,Wykipieć ,,
8267,4,Tom VII,Rozdział LXIII,Phrasale,Pani domu,Come off,Zejść; sprać się (o plamie),,
8268,4,Tom VII,Rozdział LXIII,Phrasale,Pani domu,Take sth in,Zwęzić coś (ubranie),,
8269,4,Tom VII,Rozdział LXIV,Przymiotniki,Rozkmina,Probable,Prawdopodobny,,
8270,4,Tom VII,Rozdział LXIV,Przymiotniki,Rozkmina,Illogical,Nielogiczny,,
8271,4,Tom VII,Rozdział LXIV,Przymiotniki,Rozkmina,Justified,Usprawiedliwiony; uzasadniony,,
8272,4,Tom VII,Rozdział LXIV,Przymiotniki,Rozkmina,Familiar,Zaznajomiony,,
8273,4,Tom VII,Rozdział LXIV,Przymiotniki,Rozkmina,Selected,Wyselekcjonowany; dobrany,,
8274,4,Tom VII,Rozdział LXIV,Przymiotniki,Rozkmina,Underlying,"Leżący u podstaw; nadrzędny,; główny",,
8275,4,Tom VII,Rozdział LXIV,Przymiotniki,Rozkmina,Suitable,Odpowiedni,,
8276,4,Tom VII,Rozdział LXIV,Przymiotniki,Rozkmina,Proportional,Proporcjonalny,,
8277,4,Tom VII,Rozdział LXIV,Przymiotniki,Rozkmina,Cognitive,Poznawczy,,
8278,4,Tom VII,Rozdział LXIV,Przymiotniki,Rozkmina,Thorough,Gruntowny (dokładny),,
8279,4,Tom VII,Rozdział LXIV,Przymiotniki,Rozkmina,Substantive,Merytoryczny,,
8280,4,Tom VII,Rozdział LXIV,Przymiotniki,Rozkmina,Plausible,Możliwy do zaistnienia (wiarygodny),,
8281,4,Tom VII,Rozdział LXIV,Przymiotniki,Rozkmina,Obscure,Niejasny; mało znany,,
8282,4,Tom VII,Rozdział LXIV,Przymiotniki,Rozkmina,Inexplicable,Niewytłumaczalny,,
8283,4,Tom VII,Rozdział LXIV,Przymiotniki,Rozkmina,Undeniable,Niezaprzeczalny,,
8284,4,Tom VII,Rozdział LXIV,Rzeczowniki,Przemysł,Production line,Linia produkcyjna,,
8285,4,Tom VII,Rozdział LXIV,Rzeczowniki,Przemysł,Tycoon,Potentat,,
8286,4,Tom VII,Rozdział LXIV,Rzeczowniki,Przemysł,Modernization,Modernizacja,,
8287,4,Tom VII,Rozdział LXIV,Rzeczowniki,Przemysł,Generator,Generator,,
8288,4,Tom VII,Rozdział LXIV,Rzeczowniki,Przemysł,Maintenance,Konserwacja,,
8289,4,Tom VII,Rozdział LXIV,Rzeczowniki,Przemysł,Pipe,Rura,,
8290,4,Tom VII,Rozdział LXIV,Rzeczowniki,Przemysł,Power plant,Elektrownia,,
8291,4,Tom VII,Rozdział LXIV,Rzeczowniki,Przemysł,Invention,Wynalazek,,
8292,4,Tom VII,Rozdział LXIV,Rzeczowniki,Przemysł,Resource,Zasób,,
8293,4,Tom VII,Rozdział LXIV,Rzeczowniki,Przemysł,Processing,Obróbka,,
8294,4,Tom VII,Rozdział LXIV,Rzeczowniki,Przemysł,Smog,Smog,,
8295,4,Tom VII,Rozdział LXIV,Rzeczowniki,Przemysł,Utility,Użyteczność,,
8296,4,Tom VII,Rozdział LXIV,Rzeczowniki,Przemysł,Plant,Zakład; wytwórnia,,
8297,4,Tom VII,Rozdział LXIV,Rzeczowniki,Przemysł,Assembly line,Linia montażowa,,
8298,4,Tom VII,Rozdział LXIV,Rzeczowniki,Przemysł,Mining,Wydobycie,,
8299,4,Tom VII,Rozdział LXIV,Rzeczowniki,Wieś,Poultry,Drób,,
8300,4,Tom VII,Rozdział LXIV,Rzeczowniki,Wieś,Kennel,Buda,,
8301,4,Tom VII,Rozdział LXIV,Rzeczowniki,Wieś,Cane,Trzcina,,
8302,4,Tom VII,Rozdział LXIV,Rzeczowniki,Wieś,Ax,Siekiera,,
8303,4,Tom VII,Rozdział LXIV,Rzeczowniki,Wieś,Stable,Stajnia,,
8304,4,Tom VII,Rozdział LXIV,Rzeczowniki,Wieś,Barn,Stodoła,,
8305,4,Tom VII,Rozdział LXIV,Rzeczowniki,Wieś,Cottage,Chatka; domek,,
8306,4,Tom VII,Rozdział LXIV,Rzeczowniki,Wieś,Windmill,Wiatrak; młyn,,
8307,4,Tom VII,Rozdział LXIV,Rzeczowniki,Wieś,Breeding,Rozmnażanie,,
8308,4,Tom VII,Rozdział LXIV,Rzeczowniki,Wieś,Cattle,Bydło,,
8309,4,Tom VII,Rozdział LXIV,Rzeczowniki,Wieś,Hut,Chata,,
8310,4,Tom VII,Rozdział LXIV,Rzeczowniki,Wieś,Pigsty,Chlew,,
8311,4,Tom VII,Rozdział LXIV,Rzeczowniki,Wieś,Pigeon fancier,Gołębiarz,,
8312,4,Tom VII,Rozdział LXIV,Rzeczowniki,Wieś,Peasant,Chłop,,
8313,4,Tom VII,Rozdział LXIV,Rzeczowniki,Wieś,Buckwheat,Gryka (kasza gryczana),,
8314,4,Tom VII,Rozdział LXIV,Czasowniki,Masterchef,Mince,Szatkować,,
8315,4,Tom VII,Rozdział LXIV,Czasowniki,Masterchef,Simmer,Gotować na wolnym ogniu,,
8316,4,Tom VII,Rozdział LXIV,Czasowniki,Masterchef,Grease,Natłuszczać; smarować,,
8317,4,Tom VII,Rozdział LXIV,Czasowniki,Masterchef,Steam,Gotować na parze,,
8318,4,Tom VII,Rozdział LXIV,Czasowniki,Masterchef,Relish,Delektować; jeść ze smakiem,,
8319,4,Tom VII,Rozdział LXIV,Czasowniki,Masterchef,Sip,"Popijać, sączyć",,
8320,4,Tom VII,Rozdział LXIV,Czasowniki,Masterchef,Stuff,Nadziewać (czymś); faszerować,,
8321,4,Tom VII,Rozdział LXIV,Czasowniki,Masterchef,Brown,Przyrumieniać; brązowić,,
8322,4,Tom VII,Rozdział LXIV,Czasowniki,Masterchef,Garnish,Zdobić; przystrajać,,
8323,4,Tom VII,Rozdział LXIV,Czasowniki,Masterchef,Scoop,Nabierać łyżką; wydłubać,,
8324,4,Tom VII,Rozdział LXIV,Czasowniki,Masterchef,Stew,Dusić (potrawę),,
8325,4,Tom VII,Rozdział LXIV,Czasowniki,Masterchef,Knead,Ugniatać ciasto,,
8326,4,Tom VII,Rozdział LXIV,Czasowniki,Masterchef,Glaze,Polewać polewą,,
8327,4,Tom VII,Rozdział LXIV,Czasowniki,Masterchef,Broil,Podpiekać,,
8328,4,Tom VII,Rozdział LXIV,Czasowniki,Masterchef,Caramelize,Karmelizować,,
8329,4,Tom VII,Rozdział LXIV,Przysłówki,Kierunek,Inside out,Na lewą stronę; na wylot,,
8330,4,Tom VII,Rozdział LXIV,Przysłówki,Kierunek,Aloft,Wysoko w górze,,
8331,4,Tom VII,Rozdział LXIV,Przysłówki,Kierunek,Aside,Na bok,,
8332,4,Tom VII,Rozdział LXIV,Przysłówki,Kierunek,Aslant,Na ukos,,
8333,4,Tom VII,Rozdział LXIV,Przysłówki,Kierunek,Clockwise,Zgodnie z ruchem wskazówek zegara,,
8334,4,Tom VII,Rozdział LXIV,Przysłówki,Kierunek,Counter-clockwise,Przeciwnie do kierunku ruchu wskazówek zegara,,
8335,4,Tom VII,Rozdział LXIV,Przysłówki,Kierunek,Downhill,Z górki,,
8336,4,Tom VII,Rozdział LXIV,Przysłówki,Kierunek,Downstream,W dół; z prądem (rzeki),,
8337,4,Tom VII,Rozdział LXIV,Przysłówki,Kierunek,Downward,W dół,,
8338,4,Tom VII,Rozdział LXIV,Przysłówki,Kierunek,Forward,Do przodu; naprzód,,
8339,4,Tom VII,Rozdział LXIV,Przysłówki,Kierunek,Inward,Do wewnątrz,,
8340,4,Tom VII,Rozdział LXIV,Przysłówki,Kierunek,Parallel,Równolegle,,
8341,4,Tom VII,Rozdział LXIV,Przysłówki,Kierunek,Sideways,Bokiem,,
8342,4,Tom VII,Rozdział LXIV,Przysłówki,Kierunek,Uphill,W górę; pod górkę,,
8343,4,Tom VII,Rozdział LXIV,Przysłówki,Kierunek,Upstream,W górę rzeki; pod prąd,,
8344,4,Tom VII,Rozdział LXIV,Rzeczowniki,Nauki ścisłe,Percentage,Procent,,
8345,4,Tom VII,Rozdział LXIV,Rzeczowniki,Nauki ścisłe,Proportion,Proporcja,,
8346,4,Tom VII,Rozdział LXIV,Rzeczowniki,Nauki ścisłe,Motion,Ruch (poruszanie się),,
8347,4,Tom VII,Rozdział LXIV,Rzeczowniki,Nauki ścisłe,Scale,Skala,,
8348,4,Tom VII,Rozdział LXIV,Rzeczowniki,Nauki ścisłe,Average,Średnia,,
8349,4,Tom VII,Rozdział LXIV,Rzeczowniki,Nauki ścisłe,Friction,Tarcie,,
8350,4,Tom VII,Rozdział LXIV,Rzeczowniki,Nauki ścisłe,Layer,Warstwa,,
8351,4,Tom VII,Rozdział LXIV,Rzeczowniki,Nauki ścisłe,Dimension,Wymiar,,
8352,4,Tom VII,Rozdział LXIV,Rzeczowniki,Nauki ścisłe,Scope,Zakres (czegoś),,
8353,4,Tom VII,Rozdział LXIV,Rzeczowniki,Nauki ścisłe,Range,Zasięg,,
8354,4,Tom VII,Rozdział LXIV,Rzeczowniki,Nauki ścisłe,Phenomenon,Zjawisko,,
8355,4,Tom VII,Rozdział LXIV,Rzeczowniki,Nauki ścisłe,Identification,Identyfikacja,,
8356,4,Tom VII,Rozdział LXIV,Rzeczowniki,Nauki ścisłe,Fluid,Ciecz,,
8357,4,Tom VII,Rozdział LXIV,Rzeczowniki,Nauki ścisłe,Formula,Formuła; wzór,,
8358,4,Tom VII,Rozdział LXIV,Rzeczowniki,Nauki ścisłe,Hypothesis,Hipoteza,,
8359,4,Tom VII,Rozdział LXIV,Slang,Slang 30,Basket case,Strzępek nerwów,,
8360,4,Tom VII,Rozdział LXIV,Slang,Slang 30,Jock,Mięśniak,,
8361,4,Tom VII,Rozdział LXIV,Slang,Slang 30,Killjoy,Smutas; maruda,,
8362,4,Tom VII,Rozdział LXIV,Slang,Slang 30,Mamas boy,Maminsynek,,
8363,4,Tom VII,Rozdział LXIV,Slang,Slang 30,Phony,Pozer; sztuczniak (ściemniany styl),,
8364,4,Tom VII,Rozdział LXIV,Slang,Slang 30,Preppy,Bananowa młodzież,,
8365,4,Tom VII,Rozdział LXIV,Slang,Slang 30,Sassy,"Złoty chłopak (sarkastycznie, do kogoś)",,
8366,4,Tom VII,Rozdział LXIV,Slang,Slang 30,Wuss,Mięczak,,
8367,4,Tom VII,Rozdział LXIV,Slang,Slang 30,Typeractive,Osoba zbyt wylewna w wiadomościach tekstowych I e-mailach,,
8368,4,Tom VII,Rozdział LXIV,Slang,Slang 30,Airhead,Buja w obłokach,,
8369,4,Tom VII,Rozdział LXIV,Przymiotniki,Przymiotniki 29,Relevant,Istotny; relewantny,,
8370,4,Tom VII,Rozdział LXIV,Przymiotniki,Przymiotniki 29,Irrelevant,Nieistotny; mijający się z celem,,
8371,4,Tom VII,Rozdział LXIV,Przymiotniki,Przymiotniki 29,Essential,Istotny,,
8372,4,Tom VII,Rozdział LXIV,Przymiotniki,Przymiotniki 29,Critical,Krytyczny,,
8373,4,Tom VII,Rozdział LXIV,Przymiotniki,Przymiotniki 29,Vital,"Istotny, niezbędny",,
8374,4,Tom VII,Rozdział LXIV,Przymiotniki,Przymiotniki 29,Eligible,Spełniający wymagania; pożądany (np. Kawaler),,
8375,4,Tom VII,Rozdział LXIV,Przymiotniki,Przymiotniki 29,Uneligible,Niespełniający wymagań,,
8376,4,Tom VII,Rozdział LXIV,Przymiotniki,Przymiotniki 29,Indispensable,Niezbędny; niezastąpiony;konieczny,,
8377,4,Tom VII,Rozdział LXIV,Przymiotniki,Przymiotniki 29,Dispensable,Zbywalny,,
8378,4,Tom VII,Rozdział LXIV,Przymiotniki,Przymiotniki 29,Negligible,Pomijalny; nieistotny; marginalny,,
8379,4,Tom VII,Rozdział LXIV,Przymiotniki,Przymiotniki 29,Needless,Niepotrzebny; nieproduktywny,,
8380,4,Tom VII,Rozdział LXIV,Przymiotniki,Przymiotniki 29,Principal,Zasadniczy; najważniejszy,,
8381,4,Tom VII,Rozdział LXIV,Przymiotniki,Przymiotniki 29,Irreplaceable,Niezastąpiony,,
8382,4,Tom VII,Rozdział LXIV,Przymiotniki,Przymiotniki 29,Replaceable,Do zastąpienia; wymienny,,
8383,4,Tom VII,Rozdział LXIV,Przymiotniki,Przymiotniki 29,Paramount,Najwznioślejszy; najważniejszy,,
8384,4,Tom VII,Rozdział LXIV,Przymiotniki,Sądownicze,Innocent,Niewinny,,
8385,4,Tom VII,Rozdział LXIV,Przymiotniki,Sądownicze,Illegal,Nielegalny,,
8386,4,Tom VII,Rozdział LXIV,Przymiotniki,Sądownicze,Legal,Prawny; legalny,,
8387,4,Tom VII,Rozdział LXIV,Przymiotniki,Sądownicze,Wanted,Poszukiwany,,
8388,4,Tom VII,Rozdział LXIV,Przymiotniki,Sądownicze,Charged,Mający zarzuty,,
8389,4,Tom VII,Rozdział LXIV,Przymiotniki,Sądownicze,Armed,Uzbrojony; zbrojny,,
8390,4,Tom VII,Rozdział LXIV,Przymiotniki,Sądownicze,Forbidden,Zabroniony,,
8391,4,Tom VII,Rozdział LXIV,Przymiotniki,Sądownicze,Banned,Zakazany,,
8392,4,Tom VII,Rozdział LXIV,Przymiotniki,Sądownicze,At large,Na wolności,,
8393,4,Tom VII,Rozdział LXIV,Przymiotniki,Sądownicze,Unarmed,Nieuzbrojony,,
8394,4,Tom VII,Rozdział LXIV,Przymiotniki,Sądownicze,Accountable,Odpowiedzialny (można go pociągnąć do odpowiedzialności),,
8395,4,Tom VII,Rozdział LXIV,Przymiotniki,Sądownicze,Equitable,Sprawiedliwy (wyrok),,
8396,4,Tom VII,Rozdział LXIV,Przymiotniki,Sądownicze,Acquitted,Uniewinniony,,
8397,4,Tom VII,Rozdział LXIV,Przymiotniki,Sądownicze,Convicted,Skazany,,
8398,4,Tom VII,Rozdział LXIV,Przymiotniki,Sądownicze,Charged,Mający zarzuty,,
8399,4,Tom VII,Rozdział LXIV,Phrasale,Podryw,Fool around,Figlować (igraszki łóżkowe),,
8400,4,Tom VII,Rozdział LXIV,Phrasale,Podryw,Eat out,Jeść poza domem,,
8401,4,Tom VII,Rozdział LXIV,Phrasale,Podryw,Hit on sb,Podbijać do kogoś,,
8402,4,Tom VII,Rozdział LXIV,Phrasale,Podryw,Fall for sb,Stracić dla kogoś głowę (zakochać się),,
8403,4,Tom VII,Rozdział LXIV,Phrasale,Podryw,Hang out,Spędzać czas (przebywać z kimś),,
8404,4,Tom VII,Rozdział LXIV,Phrasale,Podryw,Take sb out,Wyjść z kimś; zabrać kogoś (gdzieś),,
8405,4,Tom VII,Rozdział LXIV,Phrasale,Podryw,Hook sb up with sb,Ustawić; umówić kogoś z kimś (na randkę),,
8406,4,Tom VII,Rozdział LXIV,Phrasale,Podryw,Come on to sb,Mocno kogoś podrywać; przystawiać się do kogoś,,
8407,4,Tom VII,Rozdział LXIV,Phrasale,Podryw,Put sb up,Przenocować kogoś (u siebie w domu),,
8408,4,Tom VII,Rozdział LXIV,Phrasale,Podryw,Lead on,Robić nadzieję,,
8409,4,Tom VII,Rozdział LXV,Rzeczowniki,Biżuteria,Amethyst,Ametyst,,
8410,4,Tom VII,Rozdział LXV,Rzeczowniki,Biżuteria,Bling,Błyskotka,,
8411,4,Tom VII,Rozdział LXV,Rzeczowniki,Biżuteria,Circlet,Diadem,,
8412,4,Tom VII,Rozdział LXV,Rzeczowniki,Biżuteria,Bead,Koralik,,
8413,4,Tom VII,Rozdział LXV,Rzeczowniki,Biżuteria,Emerald,Szmaragd,,
8414,4,Tom VII,Rozdział LXV,Rzeczowniki,Biżuteria,Trinket,Świecidełko,,
8415,4,Tom VII,Rozdział LXV,Rzeczowniki,Biżuteria,Turquoise,Turkus (kamień),,
8416,4,Tom VII,Rozdział LXV,Rzeczowniki,Biżuteria,Pendant,Wisiorek,,
8417,4,Tom VII,Rozdział LXV,Rzeczowniki,Biżuteria,Agate,Agat,,
8418,4,Tom VII,Rozdział LXV,Rzeczowniki,Biżuteria,Brooch,Broszka,,
8419,4,Tom VII,Rozdział LXV,Rzeczowniki,Biżuteria,Clip-on earring,Klips damski,,
8420,4,Tom VII,Rozdział LXV,Rzeczowniki,Biżuteria,Garnet,Granat (kamień),,
8421,4,Tom VII,Rozdział LXV,Rzeczowniki,Biżuteria,Tie pin,Spinka do krawata,,
8422,4,Tom VII,Rozdział LXV,Rzeczowniki,Biżuteria,Anklet,Łańcuszek na nogę,,
8423,4,Tom VII,Rozdział LXV,Rzeczowniki,Biżuteria,Cufflinks,Spinki do mankietów,,
8424,4,Tom VII,Rozdział LXV,Slang,Bibka,All nighter,Całonocna posiadówka,,
8425,4,Tom VII,Rozdział LXV,Slang,Bibka,Sloshed,Nawalony,,
8426,4,Tom VII,Rozdział LXV,Slang,Bibka,Amped,Nakręcony,,
8427,4,Tom VII,Rozdział LXV,Slang,Bibka,Do,Impra; melo,,
8428,4,Tom VII,Rozdział LXV,Slang,Bibka,Kick back,Mała imprezka,,
8429,4,Tom VII,Rozdział LXV,Slang,Bibka,Rager,Gruba impreza,,
8430,4,Tom VII,Rozdział LXV,Slang,Bibka,Throw down,Rozkręcić imprezę,,
8431,4,Tom VII,Rozdział LXV,Slang,Bibka,Brewski,Browarek,,
8432,4,Tom VII,Rozdział LXV,Slang,Bibka,Cold one,Zimny browarek,,
8433,4,Tom VII,Rozdział LXV,Slang,Bibka,Cig,Pet,,
8434,4,Tom VII,Rozdział LXV,Przysłówki,Przysłówki 5,Undoubtedly,Niewątpliwie,,
8435,4,Tom VII,Rozdział LXV,Przysłówki,Przysłówki 5,Practically,Praktycznie,,
8436,4,Tom VII,Rozdział LXV,Przysłówki,Przysłówki 5,Particularly,Szczególnie,,
8437,4,Tom VII,Rozdział LXV,Przysłówki,Przysłówki 5,Undeniably,Niezaprzeczalnie,,
8438,4,Tom VII,Rozdział LXV,Przysłówki,Przysłówki 5,Unquestionably,Bezsprzecznie,,
8439,4,Tom VII,Rozdział LXV,Przysłówki,Przysłówki 5,Admittedly,Wprawdzie,,
8440,4,Tom VII,Rozdział LXV,Przysłówki,Przysłówki 5,Altogether,W sumie,,
8441,4,Tom VII,Rozdział LXV,Przysłówki,Przysłówki 5,Thankfully,Na całe szczęście,,
8442,4,Tom VII,Rozdział LXV,Przysłówki,Przysłówki 5,Chiefly,Zwłaszcza; głównie,,
8443,4,Tom VII,Rozdział LXV,Przysłówki,Przysłówki 5,Critically,Krytycznie; decydująco,,
8444,4,Tom VII,Rozdział LXV,Przysłówki,Przysłówki 5,Essentially,Zasadniczo; przede wszystkim,,
8445,4,Tom VII,Rozdział LXV,Przysłówki,Przysłówki 5,Literally,Dosłownie,,
8446,4,Tom VII,Rozdział LXV,Przysłówki,Przysłówki 5,Namely,Mianowicie,,
8447,4,Tom VII,Rozdział LXV,Przysłówki,Przysłówki 5,Naturally,Oczywiście; naturalnie,,
8448,4,Tom VII,Rozdział LXV,Przysłówki,Przysłówki 5,Presumably,Przypuszczalnie; zapewnie,,
8449,4,Tom VII,Rozdział LXV,Rzeczowniki,Ptaki,Hen,Kura,,
8450,4,Tom VII,Rozdział LXV,Rzeczowniki,Ptaki,Eagle,Orzeł,,
8451,4,Tom VII,Rozdział LXV,Rzeczowniki,Ptaki,Stork,Bocian,,
8452,4,Tom VII,Rozdział LXV,Rzeczowniki,Ptaki,Nest,Gniazdo,,
8453,4,Tom VII,Rozdział LXV,Rzeczowniki,Ptaki,Dove,Gołębica (zazwyczaj biała),,
8454,4,Tom VII,Rozdział LXV,Rzeczowniki,Ptaki,Turkey,Indyk,,
8455,4,Tom VII,Rozdział LXV,Rzeczowniki,Ptaki,Swallow,Jaskółka,,
8456,4,Tom VII,Rozdział LXV,Rzeczowniki,Ptaki,Rooster,Kogut,,
8457,4,Tom VII,Rozdział LXV,Rzeczowniki,Ptaki,Cuckoo,Kukułka,,
8458,4,Tom VII,Rozdział LXV,Rzeczowniki,Ptaki,Seagull,Mewa,,
8459,4,Tom VII,Rozdział LXV,Rzeczowniki,Ptaki,Parrot,Papuga,,
8460,4,Tom VII,Rozdział LXV,Rzeczowniki,Ptaki,Penguin,Pingwin,,
8461,4,Tom VII,Rozdział LXV,Rzeczowniki,Ptaki,Feather,Pióro,,
8462,4,Tom VII,Rozdział LXV,Rzeczowniki,Ptaki,Nestling,Pisklę,,
8463,4,Tom VII,Rozdział LXV,Rzeczowniki,Ptaki,Wing,Skrzydło,,
8464,4,Tom VII,Rozdział LXV,Rzeczowniki,Ryby,Cod,Dorsz,,
8465,4,Tom VII,Rozdział LXV,Rzeczowniki,Ryby,Trout,Pstrąg,,
8466,4,Tom VII,Rozdział LXV,Rzeczowniki,Ryby,Tuna,Tuńczyk,,
8467,4,Tom VII,Rozdział LXV,Rzeczowniki,Ryby,Carp,Karp,,
8468,4,Tom VII,Rozdział LXV,Rzeczowniki,Ryby,Salmon,Łosoś,,
8469,4,Tom VII,Rozdział LXV,Rzeczowniki,Ryby,Flounder,Flądra,,
8470,4,Tom VII,Rozdział LXV,Rzeczowniki,Ryby,Atlantic halibut,Halibut atlantycki,,
8471,4,Tom VII,Rozdział LXV,Rzeczowniki,Ryby,Sea sturgeon,Jesiotr,,
8472,4,Tom VII,Rozdział LXV,Rzeczowniki,Ryby,Mackerel,Makrela,,
8473,4,Tom VII,Rozdział LXV,Rzeczowniki,Ryby,Alaska pollock,Mintaj,,
8474,4,Tom VII,Rozdział LXV,Rzeczowniki,Ryby,Blue grenadier,Miruna,,
8475,4,Tom VII,Rozdział LXV,Rzeczowniki,Ryby,European hake,Morszczuk,,
8476,4,Tom VII,Rozdział LXV,Rzeczowniki,Ryby,Moray eel,Murena,,
8477,4,Tom VII,Rozdział LXV,Rzeczowniki,Ryby,European perch,Okoń,,
8478,4,Tom VII,Rozdział LXV,Rzeczowniki,Ryby,Fishbone,Ość,,
8479,4,Tom VII,Rozdział LXV,Przymiotniki,Przymiotniki 30,Horny,Napalony,,
8480,4,Tom VII,Rozdział LXV,Przymiotniki,Przymiotniki 30,Relieved,Odczuwający ulgę,,
8481,4,Tom VII,Rozdział LXV,Przymiotniki,Przymiotniki 30,Energized,Pobudzony,,
8482,4,Tom VII,Rozdział LXV,Przymiotniki,Przymiotniki 30,Eager,Żądny; chętny,,
8483,4,Tom VII,Rozdział LXV,Przymiotniki,Przymiotniki 30,Amazed,Zadziwiony,,
8484,4,Tom VII,Rozdział LXV,Przymiotniki,Przymiotniki 30,Drowsy,Ospały,,
8485,4,Tom VII,Rozdział LXV,Przymiotniki,Przymiotniki 30,Astonished,Zdumiony,,
8486,4,Tom VII,Rozdział LXV,Przymiotniki,Przymiotniki 30,Compelling,Nieodparty; wciągający,,
8487,4,Tom VII,Rozdział LXV,Przymiotniki,Przymiotniki 30,Keen,Zapalony; chętny,,
8488,4,Tom VII,Rozdział LXV,Przymiotniki,Przymiotniki 30,Comforting,Pocieszający,,
8489,4,Tom VII,Rozdział LXV,Przymiotniki,Przymiotniki 30,Soothing,Kojący,,
8490,4,Tom VII,Rozdział LXV,Przymiotniki,Przymiotniki 30,Lively,Pełen życia; ożywiona (dyskusja),,
8491,4,Tom VII,Rozdział LXV,Przymiotniki,Przymiotniki 30,Thrilled,Podekscytowany; poderwany (czymś),,
8492,4,Tom VII,Rozdział LXV,Przymiotniki,Przymiotniki 30,Content,Ukontentowany; zadowolony,,
8493,4,Tom VII,Rozdział LXV,Przymiotniki,Przymiotniki 30,Overarching,Wszechogarniający,,
8494,4,Tom VII,Rozdział LXV,Phrasale,Co poszło nie tak?,Hold sb up,Zatrzymać; przytrzymać kogoś,,
8495,4,Tom VII,Rozdział LXV,Phrasale,Co poszło nie tak?,Miss out on,Przegapić; stracić coś,,
8496,4,Tom VII,Rozdział LXV,Phrasale,Co poszło nie tak?,Screw up,Schrzanić coś,,
8497,4,Tom VII,Rozdział LXV,Phrasale,Co poszło nie tak?,Act up,Nawalać; nie funkcjonować poprawnie,,
8498,4,Tom VII,Rozdział LXV,Phrasale,Co poszło nie tak?,Mess up,Schrzanić; zepsuć coś,,
8499,4,Tom VII,Rozdział LXV,Phrasale,Co poszło nie tak?,Mistake sb for sb,Pomylić kogoś z kimś,,
8500,4,Tom VII,Rozdział LXV,Phrasale,Co poszło nie tak?,Use up,Zużyć,,
8501,4,Tom VII,Rozdział LXV,Phrasale,Co poszło nie tak?,Be off,Być niezgodnym z ustaleniami; mocno przekroczyć normy,,
8502,4,Tom VII,Rozdział LXV,Phrasale,Co poszło nie tak?,Get rid of sth,Pozbywać się czegoś,,
8503,4,Tom VII,Rozdział LXV,Phrasale,Co poszło nie tak?,Break down,Załamywać się; skończyć się fiaskiem,,
8504,4,Tom VII,Rozdział LXV,Rzeczowniki,Znaki zodiaku,Numerology,Numerologia,,
8505,4,Tom VII,Rozdział LXV,Rzeczowniki,Znaki zodiaku,Aries,Baran (znak zodiaku),,
8506,4,Tom VII,Rozdział LXV,Rzeczowniki,Znaki zodiaku,Gemini,Bliźnięta (znak zodiaku),,
8507,4,Tom VII,Rozdział LXV,Rzeczowniki,Znaki zodiaku,Taurus,Byk (znak zodiaku),,
8508,4,Tom VII,Rozdział LXV,Rzeczowniki,Znaki zodiaku,Horoscope,Horoskop,,
8509,4,Tom VII,Rozdział LXV,Rzeczowniki,Znaki zodiaku,Capricorn,Koziorożec (znak zodiaku),,
8510,4,Tom VII,Rozdział LXV,Rzeczowniki,Znaki zodiaku,Leo,Lew (znak zodiaku),,
8511,4,Tom VII,Rozdział LXV,Rzeczowniki,Znaki zodiaku,Virgo,Panna (znak zodiaku),,
8512,4,Tom VII,Rozdział LXV,Rzeczowniki,Znaki zodiaku,Cancer,Rak (znak zodiaku),,
8513,4,Tom VII,Rozdział LXV,Rzeczowniki,Znaki zodiaku,Pisces,Ryby (znak zodiaku),,
8514,4,Tom VII,Rozdział LXV,Rzeczowniki,Znaki zodiaku,Scorpio,Skorpion (znak zodiaku),,
8515,4,Tom VII,Rozdział LXV,Rzeczowniki,Znaki zodiaku,Sagittarius,Strzelec (znak zodiaku),,
8516,4,Tom VII,Rozdział LXV,Rzeczowniki,Znaki zodiaku,Libra,Waga (znak zodiaku),,
8517,4,Tom VII,Rozdział LXV,Rzeczowniki,Znaki zodiaku,Aquarius,Wodnik (znak zodiaku),,
8518,4,Tom VII,Rozdział LXV,Rzeczowniki,Znaki zodiaku,Zodiac sign,Znak zodiaku,,
8519,4,Tom VII,Rozdział LXV,Czasowniki,Sport,Jog,Biec (truchtem),,
8520,4,Tom VII,Rozdział LXV,Czasowniki,Sport,Sail,Żeglować,,
8521,4,Tom VII,Rozdział LXV,Czasowniki,Sport,Slide,Ślizgać się; prześlizgiwać się,,
8522,4,Tom VII,Rozdział LXV,Czasowniki,Sport,Fence,Uprawiać szermierkę,,
8523,4,Tom VII,Rozdział LXV,Czasowniki,Sport,Substitute,Zastępować,,
8524,4,Tom VII,Rozdział LXV,Czasowniki,Sport,Compete,Rywalizować,,
8525,4,Tom VII,Rozdział LXV,Czasowniki,Sport,March,Maszerować,,
8526,4,Tom VII,Rozdział LXV,Czasowniki,Sport,Weightlift,Podnosić ciężary,,
8527,4,Tom VII,Rozdział LXV,Czasowniki,Sport,Squat,Przysiadać; robić przysiad,,
8528,4,Tom VII,Rozdział LXV,Czasowniki,Sport,Stretch,Rozciągać,,
8529,4,Tom VII,Rozdział LXV,Czasowniki,Sport,Defeat,Pokonywać; udaremnić,,
8530,4,Tom VII,Rozdział LXV,Czasowniki,Sport,Energize,Pobudzać,,
8531,4,Tom VII,Rozdział LXV,Czasowniki,Sport,Glide,Szybować; ślizgać,,
8532,4,Tom VII,Rozdział LXV,Czasowniki,Sport,Paddle,Wiosłować,,
8533,4,Tom VII,Rozdział LXV,Czasowniki,Sport,Rank,Przypisywać miejsce w rankingu,,
8534,4,Tom VII,Rozdział LXV,Phrasale,Biznes,Take on,Zatrudnić kogoś,,
8535,4,Tom VII,Rozdział LXV,Phrasale,Biznes,Buy up,Kupować w dużych ilościach; wykupować,,
8536,4,Tom VII,Rozdział LXV,Phrasale,Biznes,Cash in on sth,Zyskać na czymś,,
8537,4,Tom VII,Rozdział LXV,Phrasale,Biznes,Put sth up,Wystawiać coś (na sprzedaż)  ,,
8538,4,Tom VII,Rozdział LXV,Phrasale,Biznes,Turn sth down,Odrzucać (ofertę),,
8539,4,Tom VII,Rozdział LXV,Phrasale,Biznes,Bring sb in,"Sprowadzić kogoś (do pracy, zatrudnić)",,
8540,4,Tom VII,Rozdział LXV,Phrasale,Biznes,Come in,Być produkowanym w określonej formie,,
8541,4,Tom VII,Rozdział LXV,Phrasale,Biznes,Come into sth,Odziedziczyć coś; wejść w posiadanie czegoś,,
8542,4,Tom VII,Rozdział LXV,Phrasale,Biznes,Take up,Zajmować (nowe stanowisko),,
8543,4,Tom VII,Rozdział LXV,Phrasale,Biznes,Trade sth in,Oddać coś w rozliczeniu; wymieniać coś (za dopłatą),,
8544,4,Tom VII,Rozdział LXVI,Phrasale,Finanse,Pay in,Wpłacać,,
8545,4,Tom VII,Rozdział LXVI,Phrasale,Finanse,Pay off,Przekupić kogoś,,
8546,4,Tom VII,Rozdział LXVI,Phrasale,Finanse,Put down,Wpłacić zaliczkę,,
8547,4,Tom VII,Rozdział LXVI,Phrasale,Finanse,Round sth off,Zaokrąglić,,
8548,4,Tom VII,Rozdział LXVI,Phrasale,Finanse,Break down,Rozbić koszty,,
8549,4,Tom VII,Rozdział LXVI,Phrasale,Finanse,Cash sth in ,Spieniężyć coś ,,
8550,4,Tom VII,Rozdział LXVI,Phrasale,Finanse,Settle up with,Rozliczać się z; uregulować rachunek,,
8551,4,Tom VII,Rozdział LXVI,Phrasale,Finanse,Draw out,Wyciągnąć (pieniądze z bankomatu),,
8552,4,Tom VII,Rozdział LXVI,Phrasale,Finanse,Fork out,Wybulić (ileś kasy),,
8553,4,Tom VII,Rozdział LXVI,Phrasale,Finanse,Squirrel sth away,Chomikować,,
8554,4,Tom VII,Rozdział LXVI,Przymiotniki,Przymiotniki 31,Fluent,"Płynny (w języku, w ruchu)",,
8555,4,Tom VII,Rozdział LXVI,Przymiotniki,Przymiotniki 31,Invisible,Niewidzialny,,
8556,4,Tom VII,Rozdział LXVI,Przymiotniki,Przymiotniki 31,Visible,Widoczny,,
8557,4,Tom VII,Rozdział LXVI,Przymiotniki,Przymiotniki 31,Spoken,Mówiony (język),,
8558,4,Tom VII,Rozdział LXVI,Przymiotniki,Przymiotniki 31,Written,Pisemny; napisany,,
8559,4,Tom VII,Rozdział LXVI,Przymiotniki,Przymiotniki 31,Legible,Czytelny,,
8560,4,Tom VII,Rozdział LXVI,Przymiotniki,Przymiotniki 31,Illegible,Nieczytelny,,
8561,4,Tom VII,Rozdział LXVI,Przymiotniki,Przymiotniki 31,Audible,Słyszalny,,
8562,4,Tom VII,Rozdział LXVI,Przymiotniki,Przymiotniki 31,Inaudible,Niesłyszalny,,
8563,4,Tom VII,Rozdział LXVI,Przymiotniki,Przymiotniki 31,Itchy,Swędzący,,
8564,4,Tom VII,Rozdział LXVI,Przymiotniki,Przymiotniki 31,Overlooked,Przeoczony,,
8565,4,Tom VII,Rozdział LXVI,Przymiotniki,Przymiotniki 31,Fragrant,Wonny,,
8566,4,Tom VII,Rozdział LXVI,Przymiotniki,Przymiotniki 31,Handwritten,Pisany ręcznie,,
8567,4,Tom VII,Rozdział LXVI,Przymiotniki,Przymiotniki 31,Rhythmic,Rytmiczny,,
8568,4,Tom VII,Rozdział LXVI,Przymiotniki,Przymiotniki 31,Odorless,Bezwonny,,
8569,4,Tom VII,Rozdział LXVI,Rzeczowniki,Fantasy,Cyclops,Cyklop,,
8570,4,Tom VII,Rozdział LXVI,Rzeczowniki,Fantasy,Wizard,Czarodziej,,
8571,4,Tom VII,Rozdział LXVI,Rzeczowniki,Fantasy,Druid,Druid,,
8572,4,Tom VII,Rozdział LXVI,Rzeczowniki,Fantasy,Potion,Eliksir,,
8573,4,Tom VII,Rozdział LXVI,Rzeczowniki,Fantasy,Phoenix,Feniks,,
8574,4,Tom VII,Rozdział LXVI,Rzeczowniki,Fantasy,Golem,Golem,,
8575,4,Tom VII,Rozdział LXVI,Rzeczowniki,Fantasy,Griffin,Gryf,,
8576,4,Tom VII,Rozdział LXVI,Rzeczowniki,Fantasy,Helmet,Hełm,,
8577,4,Tom VII,Rozdział LXVI,Rzeczowniki,Fantasy,Hydra,Hydra,,
8578,4,Tom VII,Rozdział LXVI,Rzeczowniki,Fantasy,Illusionist,Iluzjonista,,
8579,4,Tom VII,Rozdział LXVI,Rzeczowniki,Fantasy,Tavern,Karczma,,
8580,4,Tom VII,Rozdział LXVI,Rzeczowniki,Fantasy,Dwarf,Krasnolud,,
8581,4,Tom VII,Rozdział LXVI,Rzeczowniki,Fantasy,Dungeon,Loch,,
8582,4,Tom VII,Rozdział LXVI,Rzeczowniki,Fantasy,Bow,Łuk,,
8583,4,Tom VII,Rozdział LXVI,Rzeczowniki,Fantasy,Mage,Mag,,
8584,4,Tom VII,Rozdział LXVI,Rzeczowniki,Religia,Paradise,Raj,,
8585,4,Tom VII,Rozdział LXVI,Rzeczowniki,Religia,Taboo,Tabu,,
8586,4,Tom VII,Rozdział LXVI,Rzeczowniki,Religia,Faith,Wiara,,
8587,4,Tom VII,Rozdział LXVI,Rzeczowniki,Religia,Miracle,Cud,,
8588,4,Tom VII,Rozdział LXVI,Rzeczowniki,Religia,Cathedral,Katedra,,
8589,4,Tom VII,Rozdział LXVI,Rzeczowniki,Religia,Carol,Kolęda,,
8590,4,Tom VII,Rozdział LXVI,Rzeczowniki,Religia,Spirit,Duch (dusza),,
8591,4,Tom VII,Rozdział LXVI,Rzeczowniki,Religia,Atonement,Pokuta,,
8592,4,Tom VII,Rozdział LXVI,Rzeczowniki,Religia,Rector,Proboszcz,,
8593,4,Tom VII,Rozdział LXVI,Rzeczowniki,Religia,Revelation,Rewelacja; objawienie,,
8594,4,Tom VII,Rozdział LXVI,Rzeczowniki,Religia,Temple,Świątynia,,
8595,4,Tom VII,Rozdział LXVI,Rzeczowniki,Religia,Holy day,Dzień święty,,
8596,4,Tom VII,Rozdział LXVI,Rzeczowniki,Religia,Eternity,Wieczność,,
8597,4,Tom VII,Rozdział LXVI,Rzeczowniki,Religia,Chalice,Kielich,,
8598,4,Tom VII,Rozdział LXVI,Rzeczowniki,Religia,Communion,Komunia święta,,
8599,4,Tom VII,Rozdział LXVI,Spójniki,Pewność,Beyond doubt,Poza wątpliwościami,,
8600,4,Tom VII,Rozdział LXVI,Spójniki,Pewność,In point of fact,Faktycznie; właściwie,,
8601,4,Tom VII,Rozdział LXVI,Spójniki,Pewność,Indeed,W rzeczy samej; zaiste,,
8602,4,Tom VII,Rozdział LXVI,Spójniki,Pewność,Truly,Wprawdzie; prawdziwie,,
8603,4,Tom VII,Rozdział LXVI,Spójniki,Pewność,Without a doubt,Bez wątpliwości,,
8604,4,Tom VII,Rozdział LXVI,Spójniki,Pewność,Regardless of,Bez względu na coś,,
8605,4,Tom VII,Rozdział LXVI,Spójniki,Pewność,With certainty,Z pewnością,,
8606,4,Tom VII,Rozdział LXVI,Spójniki,Pewność,Without hesitation,Bez wahania,,
8607,4,Tom VII,Rozdział LXVI,Spójniki,Pewność,In point of fact,Faktycznie; właściwie,,
8608,4,Tom VII,Rozdział LXVI,Spójniki,Pewność,Without a doubt,Bez wątpliwości,,
8609,4,Tom VII,Rozdział LXVI,Phrasale,Phrasale 5,Go against,Być niezgodnym; sprzecznym z czymś,,
8610,4,Tom VII,Rozdział LXVI,Phrasale,Phrasale 5,Have to do with sb,Mieć do czynienia z czymś,,
8611,4,Tom VII,Rozdział LXVI,Phrasale,Phrasale 5,Have to do with sth,"Mieć coś wspólnego (z tematem, kwestią)",,
8612,4,Tom VII,Rozdział LXVI,Phrasale,Phrasale 5,Make up sth,Tworzyć coś,,
8613,4,Tom VII,Rozdział LXVI,Phrasale,Phrasale 5,Stand out,Odznaczać się,,
8614,4,Tom VII,Rozdział LXVI,Phrasale,Phrasale 5,Stick around,Być w pobliżu; nigdzie nie Iść,,
8615,4,Tom VII,Rozdział LXVI,Phrasale,Phrasale 5,Turn sth into sth,Przemieniać coś w coś,,
8616,4,Tom VII,Rozdział LXVI,Phrasale,Phrasale 5,Attend to,"Zająć się (kimś, czymś); załatwić (coś)",,
8617,4,Tom VII,Rozdział LXVI,Phrasale,Phrasale 5,Account for sth,Wytłumaczyć coś; stanowić przyczynę czegoś,,
8618,4,Tom VII,Rozdział LXVI,Phrasale,Phrasale 5,Add up,Mieć sens; trzymać się kupy,,
8619,4,Tom VII,Rozdział LXVI,Rzeczowniki,Człowiek,Blabbermouth,Gaduła; papla,,
8620,4,Tom VII,Rozdział LXVI,Rzeczowniki,Człowiek,Imbecile,Imbecyl,,
8621,4,Tom VII,Rozdział LXVI,Rzeczowniki,Człowiek,Lazybones,Leń,,
8622,4,Tom VII,Rozdział LXVI,Rzeczowniki,Człowiek,Good-for nothing,Nicpoń,,
8623,4,Tom VII,Rozdział LXVI,Rzeczowniki,Człowiek,Recluse,Odludek,,
8624,4,Tom VII,Rozdział LXVI,Rzeczowniki,Człowiek,Damsel,Panienka;dama,,
8625,4,Tom VII,Rozdział LXVI,Rzeczowniki,Człowiek,Simpleton,Prostak,,
8626,4,Tom VII,Rozdział LXVI,Rzeczowniki,Człowiek,Loner,Samotnik,,
8627,4,Tom VII,Rozdział LXVI,Rzeczowniki,Człowiek,Self-taught person,Samouk,,
8628,4,Tom VII,Rozdział LXVI,Rzeczowniki,Człowiek,Skeptic,Sceptyk,,
8629,4,Tom VII,Rozdział LXVI,Rzeczowniki,Człowiek,Miser,Skąpiec,,
8630,4,Tom VII,Rozdział LXVI,Rzeczowniki,Człowiek,Doppelganger,Sobowtór,,
8631,4,Tom VII,Rozdział LXVI,Rzeczowniki,Człowiek,Illiterate,Analfabeta,,
8632,4,Tom VII,Rozdział LXVI,Rzeczowniki,Człowiek,Hunchback,Garbus,,
8633,4,Tom VII,Rozdział LXVI,Rzeczowniki,Człowiek,Slacker,Leń (unika pracy),,
8634,4,Tom VII,Rozdział LXVI,Rzeczowniki,Dom,Loft,Poddasze,,
8635,4,Tom VII,Rozdział LXVI,Rzeczowniki,Dom,Candle,Świeczka,,
8636,4,Tom VII,Rozdział LXVI,Rzeczowniki,Dom,Terrace,Taras,,
8637,4,Tom VII,Rozdział LXVI,Rzeczowniki,Dom,Roof tile,Dachówka,,
8638,4,Tom VII,Rozdział LXVI,Rzeczowniki,Dom,Toilet seat,Deska klozetowa,,
8639,4,Tom VII,Rozdział LXVI,Rzeczowniki,Dom,Toilet bowl,Muszla klozetowa,,
8640,4,Tom VII,Rozdział LXVI,Rzeczowniki,Dom,Lightning rod,Piorunochron,,
8641,4,Tom VII,Rozdział LXVI,Rzeczowniki,Dom,Utility room,Pomieszczenie gospodarcze,,
8642,4,Tom VII,Rozdział LXVI,Rzeczowniki,Dom,Banister,Poręcz,,
8643,4,Tom VII,Rozdział LXVI,Rzeczowniki,Dom,Mantelpiece,Półka nad kominkiem,,
8644,4,Tom VII,Rozdział LXVI,Rzeczowniki,Dom,Drainpipe,Rynna,,
8645,4,Tom VII,Rozdział LXVI,Rzeczowniki,Dom,Pillar,Słup; filar,,
8646,4,Tom VII,Rozdział LXVI,Rzeczowniki,Dom,Wainscot,Boazeria,,
8647,4,Tom VII,Rozdział LXVI,Rzeczowniki,Dom,Bunk beds,Łóżko piętrowe,,
8648,4,Tom VII,Rozdział LXVI,Rzeczowniki,Dom,Doorbell,Dzwonek do drzwi,,
8649,4,Tom VII,Rozdział LXVI,Phrasale,Co się patrzysz?,Look ahead,Patrzeć w przyszłość,,
8650,4,Tom VII,Rozdział LXVI,Phrasale,Co się patrzysz?,Look over sth,Przeglądać coś; sprawdzać coś,,
8651,4,Tom VII,Rozdział LXVI,Phrasale,Co się patrzysz?,Look through sth,Przejrzeć; przeglądać coś,,
8652,4,Tom VII,Rozdział LXVI,Phrasale,Co się patrzysz?,Check sth out,Sprawdzić coś; obczaić,,
8653,4,Tom VII,Rozdział LXVI,Phrasale,Co się patrzysz?,Go through,Przewertować coś,,
8654,4,Tom VII,Rozdział LXVI,Phrasale,Co się patrzysz?,Shop around,Rozglądać się (porównywać ceny),,
8655,4,Tom VII,Rozdział LXVI,Phrasale,Co się patrzysz?,Put out sth,Wystawiać coś (na widok),,
8656,4,Tom VII,Rozdział LXVI,Phrasale,Co się patrzysz?,Go over,Przejrzeć coś,,
8657,4,Tom VII,Rozdział LXVI,Phrasale,Co się patrzysz?,Skim through,Pobieżnie przejrzeć,,
8658,4,Tom VII,Rozdział LXVI,Phrasale,Co się patrzysz?,See through,Przejrzeć kogoś na wylot,,
8659,4,Tom VII,Rozdział LXVI,Przymiotniki,Mentalne,Alert,Czujny,,
8660,4,Tom VII,Rozdział LXVI,Przymiotniki,Mentalne,Savvy,Obyty; obeznany,,
8661,4,Tom VII,Rozdział LXVI,Przymiotniki,Mentalne,Astute,Przenikliwy (o umyśle); bystry,,
8662,4,Tom VII,Rozdział LXVI,Przymiotniki,Mentalne,Acute,Wnikliwy,,
8663,4,Tom VII,Rozdział LXVI,Przymiotniki,Mentalne,Voluntary,Wolontaryjny,,
8664,4,Tom VII,Rozdział LXVI,Przymiotniki,Mentalne,Perceived,Postrzegany,,
8665,4,Tom VII,Rozdział LXVI,Przymiotniki,Mentalne,Perceptive,Spostrzegawczy,,
8666,4,Tom VII,Rozdział LXVI,Przymiotniki,Mentalne,Mental,Umysłowy,,
8667,4,Tom VII,Rozdział LXVI,Przymiotniki,Mentalne,Swift,Bystry; rzutki,,
8668,4,Tom VII,Rozdział LXVI,Przymiotniki,Mentalne,Subconscious,Podświadomy,,
8669,4,Tom VII,Rozdział LXVI,Przymiotniki,Mentalne,Mindful,Pomny; świadom,,
8670,4,Tom VII,Rozdział LXVI,Przymiotniki,Mentalne,Thoughtful,Przemyślany,,
8671,4,Tom VII,Rozdział LXVI,Przymiotniki,Mentalne,Inconceivable,Niepojmowalny; niepojęty,,
8672,4,Tom VII,Rozdział LXVI,Przymiotniki,Mentalne,Conceivable,Pojmowalny; wyobrażalny,,
8673,4,Tom VII,Rozdział LXVI,Przymiotniki,Mentalne,Recognizable,Rozpoznawalny,,
8674,4,Tom VII,Rozdział LXVII,Phrasale,Ucieczka,Drop out of,Rzucić; przestać uczęszczać (o szkole),,
8675,4,Tom VII,Rozdział LXVII,Phrasale,Ucieczka,Back out,Wycofać się (niefizycznie),,
8676,4,Tom VII,Rozdział LXVII,Phrasale,Ucieczka,Clear off,Zmyć się,,
8677,4,Tom VII,Rozdział LXVII,Phrasale,Ucieczka,Draw back,Cofać się (w zaskoczeniu),,
8678,4,Tom VII,Rozdział LXVII,Phrasale,Ucieczka,Pull out,Wycofać się,,
8679,4,Tom VII,Rozdział LXVII,Phrasale,Ucieczka,Buzz off,Zmywać się,,
8680,4,Tom VII,Rozdział LXVII,Phrasale,Ucieczka,Make off with sth,Nawiać z czymś,,
8681,4,Tom VII,Rozdział LXVII,Phrasale,Ucieczka,Light out,Nagle się zawinąć,,
8682,4,Tom VII,Rozdział LXVII,Phrasale,Ucieczka,Run off,Dawać nogę,,
8683,4,Tom VII,Rozdział LXVII,Phrasale,Ucieczka,Shuffle off,Odejść gdzieś; opuścić,,
8684,4,Tom VII,Rozdział LXVII,Rzeczowniki,Dziecko,Playpen,Kojec,,
8685,4,Tom VII,Rozdział LXVII,Rzeczowniki,Dziecko,Nappy rash,Odparzenie od pieluszki,,
8686,4,Tom VII,Rozdział LXVII,Rzeczowniki,Dziecko,Rompers,Pajacyk (ubranie),,
8687,4,Tom VII,Rozdział LXVII,Rzeczowniki,Dziecko,Quintuplets,Pięcioraczki,,
8688,4,Tom VII,Rozdział LXVII,Rzeczowniki,Dziecko,Postnatal,Poporodowy,,
8689,4,Tom VII,Rozdział LXVII,Rzeczowniki,Dziecko,Mother-to-be,Przyszła matka,,
8690,4,Tom VII,Rozdział LXVII,Rzeczowniki,Dziecko,Triplets,Trojaczki,,
8691,4,Tom VII,Rozdział LXVII,Rzeczowniki,Dziecko,Layette,Wyprawka niemowlęca,,
8692,4,Tom VII,Rozdział LXVII,Rzeczowniki,Dziecko,C-section,Cesarskie cięcie,,
8693,4,Tom VII,Rozdział LXVII,Rzeczowniki,Dziecko,Test-tube baby,Dziecko z probówki,,
8694,4,Tom VII,Rozdział LXVII,Rzeczowniki,Dziecko,Adoption,Adopcja,,
8695,4,Tom VII,Rozdział LXVII,Rzeczowniki,Dziecko,Kite,Latawiec,,
8696,4,Tom VII,Rozdział LXVII,Rzeczowniki,Dziecko,Snowman,Bałwan (śniegowy),,
8697,4,Tom VII,Rozdział LXVII,Rzeczowniki,Dziecko,Toy,Zabawka,,
8698,4,Tom VII,Rozdział LXVII,Rzeczowniki,Dziecko,Childhood,Dzieciństwo,,
8699,4,Tom VII,Rozdział LXVII,Czasowniki,Pani domu,Clear,Oczyścić; opróżnić,,
8700,4,Tom VII,Rozdział LXVII,Czasowniki,Pani domu,Launder,Prać (również pieniądze),,
8701,4,Tom VII,Rozdział LXVII,Czasowniki,Pani domu,Iron,Prasować,,
8702,4,Tom VII,Rozdział LXVII,Czasowniki,Pani domu,Dry,Suszyć,,
8703,4,Tom VII,Rozdział LXVII,Czasowniki,Pani domu,Vacuum,Odkurzać,,
8704,4,Tom VII,Rozdział LXVII,Czasowniki,Pani domu,Scrape,Otrzeć; zeskrobywać,,
8705,4,Tom VII,Rozdział LXVII,Czasowniki,Pani domu,Wipe,Wycierać,,
8706,4,Tom VII,Rozdział LXVII,Czasowniki,Pani domu,Sweep,Zamiatać,,
8707,4,Tom VII,Rozdział LXVII,Czasowniki,Pani domu,Dust,Ścierać kurze,,
8708,4,Tom VII,Rozdział LXVII,Czasowniki,Pani domu,Tidy,Sprzątać; uprzątnąć,,
8709,4,Tom VII,Rozdział LXVII,Czasowniki,Pani domu,Polish,Polerować,,
8710,4,Tom VII,Rozdział LXVII,Czasowniki,Pani domu,Scrub,Szorować,,
8711,4,Tom VII,Rozdział LXVII,Czasowniki,Pani domu,Furnish,Meblować,,
8712,4,Tom VII,Rozdział LXVII,Czasowniki,Pani domu,Rake,Grabić,,
8713,4,Tom VII,Rozdział LXVII,Czasowniki,Pani domu,Scour,Pucować,,
8714,4,Tom VII,Rozdział LXVII,Przymiotniki,Biznes,Unprofitable,Nierentowny,,
8715,4,Tom VII,Rozdział LXVII,Przymiotniki,Biznes,Earned,Zasłużony (np. O czymś co się dostało),,
8716,4,Tom VII,Rozdział LXVII,Przymiotniki,Biznes,Gross,Brutto; całkowity,,
8717,4,Tom VII,Rozdział LXVII,Przymiotniki,Biznes,Profitable,Dochodowy; opłacalny,,
8718,4,Tom VII,Rozdział LXVII,Przymiotniki,Biznes,Head,Kierowniczy,,
8719,4,Tom VII,Rozdział LXVII,Przymiotniki,Biznes,On-site,Dostępny na miejscu; terenowy,,
8720,4,Tom VII,Rozdział LXVII,Przymiotniki,Biznes,Subsidiary,Podległy (o spółce),,
8721,4,Tom VII,Rozdział LXVII,Przymiotniki,Biznes,Non-stationary,Niestacjonarny,,
8722,4,Tom VII,Rozdział LXVII,Przymiotniki,Biznes,Trial,Próbny; ćwiczebny,,
8723,4,Tom VII,Rozdział LXVII,Przymiotniki,Biznes,Blank,Pusty; niewypełniony,,
8724,4,Tom VII,Rozdział LXVII,Przymiotniki,Biznes,Stationary,Stacjonarny,,
8725,4,Tom VII,Rozdział LXVII,Przymiotniki,Biznes,Fixed,Ustalony (np. O cenie); stały; naprawiony,,
8726,4,Tom VII,Rozdział LXVII,Przymiotniki,Biznes,White-collar,Biurowy (o pracowniku),,
8727,4,Tom VII,Rozdział LXVII,Przymiotniki,Biznes,Hard-earned,Ciężko zarobiony,,
8728,4,Tom VII,Rozdział LXVII,Przymiotniki,Biznes,Well-off,Dobrze sytuowany,,
8729,4,Tom VII,Rozdział LXVII,Rzeczowniki,Jedzenie,Oregano,Oregano,,
8730,4,Tom VII,Rozdział LXVII,Rzeczowniki,Jedzenie,Walnut,Orzech włoski,,
8731,4,Tom VII,Rozdział LXVII,Rzeczowniki,Jedzenie,Oyster,Ostryga,,
8732,4,Tom VII,Rozdział LXVII,Rzeczowniki,Jedzenie,Anchovies,Sardele,,
8733,4,Tom VII,Rozdział LXVII,Rzeczowniki,Jedzenie,Sesame,Sezam,,
8734,4,Tom VII,Rozdział LXVII,Rzeczowniki,Jedzenie,Soya,Soja,,
8735,4,Tom VII,Rozdział LXVII,Rzeczowniki,Jedzenie,Sage,Szałwia,,
8736,4,Tom VII,Rozdział LXVII,Rzeczowniki,Jedzenie,Thyme,Tymianek,,
8737,4,Tom VII,Rozdział LXVII,Rzeczowniki,Jedzenie,Vanilla,Wanilia,,
8738,4,Tom VII,Rozdział LXVII,Rzeczowniki,Jedzenie,Cotton candy,Wata cukrowa,,
8739,4,Tom VII,Rozdział LXVII,Rzeczowniki,Jedzenie,Toastie,Zapiekanka,,
8740,4,Tom VII,Rozdział LXVII,Rzeczowniki,Jedzenie,Egg yolk,Żółtko,,
8741,4,Tom VII,Rozdział LXVII,Rzeczowniki,Jedzenie,Basil,Bazylia,,
8742,4,Tom VII,Rozdział LXVII,Rzeczowniki,Jedzenie,Whipped cream,Bita śmietana,,
8743,4,Tom VII,Rozdział LXVII,Rzeczowniki,Jedzenie,Fiber,Błonnik,,
8744,4,Tom VII,Rozdział LXVII,Rzeczowniki,Miasto,Panorama,Panorama,,
8745,4,Tom VII,Rozdział LXVII,Rzeczowniki,Miasto,Street plan,Plan miasta,,
8746,4,Tom VII,Rozdział LXVII,Rzeczowniki,Miasto,Council,Rada miasta,,
8747,4,Tom VII,Rozdział LXVII,Rzeczowniki,Miasto,Road works,Roboty drogowe,,
8748,4,Tom VII,Rozdział LXVII,Rzeczowniki,Miasto,Liquor store,Sklep monopolowy,,
8749,4,Tom VII,Rozdział LXVII,Rzeczowniki,Miasto,Depot,Skład; remiza; zajezdnia,,
8750,4,Tom VII,Rozdział LXVII,Rzeczowniki,Miasto,Maternity hospital,Szpital położniczy,,
8751,4,Tom VII,Rozdział LXVII,Rzeczowniki,Miasto,City market,Targowisko miejskie,,
8752,4,Tom VII,Rozdział LXVII,Rzeczowniki,Miasto,Health resort,Uzdrowisko,,
8753,4,Tom VII,Rozdział LXVII,Rzeczowniki,Miasto,Disposal,Wywóz; pozbycie się (śmieci),,
8754,4,Tom VII,Rozdział LXVII,Rzeczowniki,Miasto,U-turn,Zawracanie (manewr samochodowy),,
8755,4,Tom VII,Rozdział LXVII,Rzeczowniki,Miasto,Depot,Skład; remiza; zajezdnia,,
8756,4,Tom VII,Rozdział LXVII,Rzeczowniki,Miasto,Neon light,Neon,,
8757,4,Tom VII,Rozdział LXVII,Rzeczowniki,Miasto,Lot,Działka; parcela,,
8758,4,Tom VII,Rozdział LXVII,Rzeczowniki,Miasto,Dance studio,Szkoła tańca,,
8759,4,Tom VII,Rozdział LXVII,Skróty,Memiczne,Ftw,(ktoś) górą (skrót),,
8760,4,Tom VII,Rozdział LXVII,Skróty,Memiczne,Sfw,Bezpieczne w pracy (skrót),,
8761,4,Tom VII,Rozdział LXVII,Skróty,Memiczne,Soml,Historia mojego życia (skrót),,
8762,4,Tom VII,Rozdział LXVII,Skróty,Memiczne,Tfw,"To uczucie, gdy (skrót)",,
8763,4,Tom VII,Rozdział LXVII,Skróty,Memiczne,Tntl,Spróbuj się nie zaśmiać (skrót),,
8764,4,Tom VII,Rozdział LXVII,Skróty,Memiczne,Mrw,"Moja reakcja, kiedy (skrót)",,
8765,4,Tom VII,Rozdział LXVII,Skróty,Memiczne,Tbt,Czwartkowy powrót do przeszłości (skrót),,
8766,4,Tom VII,Rozdział LXVII,Skróty,Memiczne,Orly,Doprawdy (skrót),,
8767,4,Tom VII,Rozdział LXVII,Skróty,Memiczne,Qotd,Cytat dnia (skrót),,
8768,4,Tom VII,Rozdział LXVII,Skróty,Memiczne,Ootd,Strój dnia (skrót),,
8769,4,Tom VII,Rozdział LXVII,Przymiotniki,Przymiotniki 32,Sticky,Lepki,,
8770,4,Tom VII,Rozdział LXVII,Przymiotniki,Przymiotniki 32,Fixed,Naprawiony (również nietechnicznie),,
8771,4,Tom VII,Rozdział LXVII,Przymiotniki,Przymiotniki 32,Protective,Ochronny,,
8772,4,Tom VII,Rozdział LXVII,Przymiotniki,Przymiotniki 32,Makeshift,Zastępczy; prowizoryczny,,
8773,4,Tom VII,Rozdział LXVII,Przymiotniki,Przymiotniki 32,Sacred,Święty; poświęcony,,
8774,4,Tom VII,Rozdział LXVII,Przymiotniki,Przymiotniki 32,Household,Domowy (np. Przedmiot),,
8775,4,Tom VII,Rozdział LXVII,Przymiotniki,Przymiotniki 32,Leaky,Dziurawy; przeciekający,,
8776,4,Tom VII,Rozdział LXVII,Przymiotniki,Przymiotniki 32,Disposable,Jednorazowy,,
8777,4,Tom VII,Rozdział LXVII,Przymiotniki,Przymiotniki 32,Unhandy,Nieporęczny; ciężki w użyciu,,
8778,4,Tom VII,Rozdział LXVII,Przymiotniki,Przymiotniki 32,Resistant,Odporny; wytrzymały,,
8779,4,Tom VII,Rozdział LXVII,Przymiotniki,Przymiotniki 32,Handheld,Podręczny,,
8780,4,Tom VII,Rozdział LXVII,Przymiotniki,Przymiotniki 32,Hollow,Pusty w środku,,
8781,4,Tom VII,Rozdział LXVII,Przymiotniki,Przymiotniki 32,Torn,Podarty; rozdarty,,
8782,4,Tom VII,Rozdział LXVII,Przymiotniki,Przymiotniki 20,Lost,Zgubiony,,
8783,4,Tom VII,Rozdział LXVII,Przymiotniki,Przymiotniki 20,Fake,Nieprawdziwy; podrobiony; fałszywy,,
8784,1,Tom VII,Rozdział LXVII,Rzeczowniki,Kraje,England,Anglia,I've never been to England.,Nigdy nie byłem w Anglii.
8785,1,Tom VII,Rozdział LXVII,Rzeczowniki,Kraje,English,Angielka; anglik,My teacher is English.,Moja nauczycielka jest Angielką.
8786,1,Tom VII,Rozdział LXVII,Rzeczowniki,Kraje,United kingdom,Zjednoczone królestwo,The United Kingdom has four nations.,Zjednoczone Królestwo ma cztery narody.
8787,1,Tom VII,Rozdział LXVII,Rzeczowniki,Kraje,Great britain,Wielka brytania,Great Britain is an island.,Wielka Brytania jest wyspą.
8788,1,Tom VII,Rozdział LXVII,Rzeczowniki,Kraje,British,Brytyjka; brytyjczyk,My colleague is British.,Moja koleżanka jest Brytyjką.
8789,1,Tom VII,Rozdział LXVII,Rzeczowniki,Kraje,China,Chiny,China has a huge population.,Chiny mają ogromną populację.
8790,1,Tom VII,Rozdział LXVII,Rzeczowniki,Kraje,Chinese,Chinka; chińczyk,My neighbor is Chinese.,Moja sąsiadka jest Chinką.
8791,1,Tom VII,Rozdział LXVII,Rzeczowniki,Kraje,France,Francja,We're flying to France in June.,Lecimy do Francji w czerwcu.
8792,1,Tom VII,Rozdział LXVII,Rzeczowniki,Kraje,French,Francuzka; francuz,My friend is French.,Moja przyjaciółka jest Francuzką.
8793,1,Tom VII,Rozdział LXVII,Rzeczowniki,Kraje,Country,Kraj,Which country are you from?,Z jakiego kraju jesteś?
8794,1,Tom VII,Rozdział LXVII,Rzeczowniki,Kraje,Poland,Polska,Poland is in central Europe.,Polska leży w środkowej Europie.
8795,1,Tom VII,Rozdział LXVII,Rzeczowniki,Kraje,Pole,Polka; polak,She's a proud Pole.,Ona jest dumną Polką.
8796,1,Tom VII,Rozdział LXVII,Rzeczowniki,Kraje,India,Indie,Spices from India are amazing.,Przyprawy z Indii są niesamowite.
8797,1,Tom VII,Rozdział LXVII,Rzeczowniki,Kraje,Indian,Hinduska; hindus,My colleague is Indian.,Moja koleżanka jest Hinduską.
8798,1,Tom VII,Rozdział LXVII,Rzeczowniki,Kraje,German,Niemka; niemiec,His wife is German.,Jego żona jest Niemką.
8799,4,Tom VII,Rozdział LXVII,Phrasale,Wzrost I spadek,Go down,Zmniejszyć się; obniżyć się,,
8800,4,Tom VII,Rozdział LXVII,Phrasale,Wzrost I spadek,Go up,Wzrastać; Iść w górę,,
8801,4,Tom VII,Rozdział LXVII,Phrasale,Wzrost I spadek,Be up,Wzrosnąć (o cenach),,
8802,4,Tom VII,Rozdział LXVII,Phrasale,Wzrost I spadek,Bring down,"Zmniejszać coś; obniżać coś (np. Koszty, wydatki)",,
8803,4,Tom VII,Rozdział LXVII,Phrasale,Wzrost I spadek,Come down,Spadać; obniżać się (np. Cena),,
8804,4,Tom VII,Rozdział LXVII,Phrasale,Wzrost I spadek,Warm up,Rozgrzać,,
8805,4,Tom VII,Rozdział LXVII,Phrasale,Wzrost I spadek,Cut down on,Ograniczyć,,
8806,4,Tom VII,Rozdział LXVII,Phrasale,Wzrost I spadek,Fall off,Zmniejszać się; maleć,,
8807,4,Tom VII,Rozdział LXVII,Phrasale,Wzrost I spadek,Blow up,Powiększać (np. Zdjęcie),,
8808,4,Tom VII,Rozdział LXVII,Phrasale,Wzrost I spadek,Keep sth down,"Utrzymać na niskim poziomie (np. Ceny, hałas)",,
8809,4,Tom VII,Rozdział LXVIII,Rzeczowniki,Transport,Speeding,Przekroczenie prędkości,,
8810,4,Tom VII,Rozdział LXVIII,Rzeczowniki,Transport,Overload,Przeładowanie (czegoś jest za dużo),,
8811,4,Tom VII,Rozdział LXVIII,Rzeczowniki,Transport,Aerospace,Przestrzeń powietrzna,,
8812,4,Tom VII,Rozdział LXVIII,Rzeczowniki,Transport,Trailer,Przyczepa,,
8813,4,Tom VII,Rozdział LXVIII,Rzeczowniki,Transport,Gearbox,Skrzynia biegów,,
8814,4,Tom VII,Rozdział LXVIII,Rzeczowniki,Transport,Rolling stock,Tabor,,
8815,4,Tom VII,Rozdział LXVIII,Rzeczowniki,Transport,One-way street,Ulica jednokierunkowa,,
8816,4,Tom VII,Rozdział LXVIII,Rzeczowniki,Transport,Bus shelter,Wiata przystankowa,,
8817,4,Tom VII,Rozdział LXVIII,Rzeczowniki,Transport,Wiper,Wycieraczka,,
8818,4,Tom VII,Rozdział LXVIII,Rzeczowniki,Transport,Overtaking,Wyprzedzanie,,
8819,4,Tom VII,Rozdział LXVIII,Rzeczowniki,Transport,No parking,Zakaz parkowania,,
8820,4,Tom VII,Rozdział LXVIII,Rzeczowniki,Transport,Anchor,Kotwica,,
8821,4,Tom VII,Rozdział LXVIII,Rzeczowniki,Transport,Runway,Pas startowy (samolotu); wybieg (np. Dla modelek),,
8822,4,Tom VII,Rozdział LXVIII,Rzeczowniki,Transport,Shuttle,Kursujący wahadłowo środek transportu,,
8823,4,Tom VII,Rozdział LXVIII,Rzeczowniki,Transport,Trailer,Przyczepa,,
8824,4,Tom VII,Rozdział LXVIII,Czasowniki,Natura,Blossom,Kwitnąć,,
8825,4,Tom VII,Rozdział LXVIII,Czasowniki,Natura,Breed,Hodować zwierzęta,,
8826,4,Tom VII,Rozdział LXVIII,Czasowniki,Natura,Buzz,Brzęczeć; bzyczeć,,
8827,4,Tom VII,Rozdział LXVIII,Czasowniki,Natura,Mature,Dojrzewać; dorośleć,,
8828,4,Tom VII,Rozdział LXVIII,Czasowniki,Natura,Tweet,Ćwierkać,,
8829,4,Tom VII,Rozdział LXVIII,Czasowniki,Natura,Crawl,Pełzać,,
8830,4,Tom VII,Rozdział LXVIII,Czasowniki,Natura,Cultivate,Hodować rośliny,,
8831,4,Tom VII,Rozdział LXVIII,Czasowniki,Natura,Reproduce,Rozmnażać się,,
8832,4,Tom VII,Rozdział LXVIII,Czasowniki,Natura,Adapt,Adaptować (się),,
8833,4,Tom VII,Rozdział LXVIII,Czasowniki,Natura,Bloom,Rozkwitać,,
8834,4,Tom VII,Rozdział LXVIII,Czasowniki,Natura,Fade,Blaknąć,,
8835,4,Tom VII,Rozdział LXVIII,Czasowniki,Natura,Fertilize,Nawozić,,
8836,4,Tom VII,Rozdział LXVIII,Czasowniki,Natura,Lurk,Czaić się,,
8837,4,Tom VII,Rozdział LXVIII,Czasowniki,Natura,Mow,Kosić kosiarką,,
8838,4,Tom VII,Rozdział LXVIII,Czasowniki,Natura,Paw,Skrobać; drapać (zwierzę w drzwi),,
8839,4,Tom VII,Rozdział LXVIII,Phrasale,Mile widziane,Bear up,Znosić dzielnie,,
8840,4,Tom VII,Rozdział LXVIII,Phrasale,Mile widziane,Grow on sb,Zaczynać się komuś coś podobać,,
8841,4,Tom VII,Rozdział LXVIII,Phrasale,Mile widziane,Break through,Przebijać się; przezwyciężać,,
8842,4,Tom VII,Rozdział LXVIII,Phrasale,Mile widziane,Get on with,Robić postęp; radzić sobie z czymś,,
8843,4,Tom VII,Rozdział LXVIII,Phrasale,Mile widziane,Look up to,Chcieć kogoś naśladować,,
8844,4,Tom VII,Rozdział LXVIII,Phrasale,Mile widziane,Come along,Robić postępy,,
8845,4,Tom VII,Rozdział LXVIII,Phrasale,Mile widziane,Come by sth,Zdobyć coś (co trudno zdobyć),,
8846,4,Tom VII,Rozdział LXVIII,Phrasale,Mile widziane,Come up to sth,Spełniać coś (np. Oczekiwania),,
8847,4,Tom VII,Rozdział LXVIII,Phrasale,Mile widziane,Get over with,Mieć coś (już) z głowy; za sobą,,
8848,4,Tom VII,Rozdział LXVIII,Phrasale,Mile widziane,Live up to sth,Żyć zgodnie z czymś; spełniać oczekiwania,,
8849,4,Tom VII,Rozdział LXVIII,Przymiotniki,Kolory,Black-and-white,Czarno-biały,,
8850,4,Tom VII,Rozdział LXVIII,Przymiotniki,Kolory,Red-hair,Rudy,,
8851,4,Tom VII,Rozdział LXVIII,Przymiotniki,Kolory,Purple,Fioletowy,,
8852,4,Tom VII,Rozdział LXVIII,Przymiotniki,Kolory,Colorful,Kolorowy,,
8853,4,Tom VII,Rozdział LXVIII,Przymiotniki,Kolory,Colorless,Bezbarwny,,
8854,4,Tom VII,Rozdział LXVIII,Przymiotniki,Kolory,Beige,Beżowy,,
8855,4,Tom VII,Rozdział LXVIII,Przymiotniki,Kolory,Multicolor,Wielokolorowy,,
8856,4,Tom VII,Rozdział LXVIII,Przymiotniki,Kolory,Radiant,Promienny,,
8857,4,Tom VII,Rozdział LXVIII,Przymiotniki,Kolory,Pale,Blady,,
8858,4,Tom VII,Rozdział LXVIII,Przymiotniki,Kolory,Claret,Bordo,,
8859,4,Tom VII,Rozdział LXVIII,Przymiotniki,Kolory,Magenta,W kolorze fuksji,,
8860,4,Tom VII,Rozdział LXVIII,Przymiotniki,Kolory,Cyan,Niebieskozielony,,
8861,4,Tom VII,Rozdział LXVIII,Przymiotniki,Kolory,Navy blue,Granatowy,,
8862,4,Tom VII,Rozdział LXVIII,Przymiotniki,Kolory,Vivid,Jaskrawy; żywy,,
8863,4,Tom VII,Rozdział LXVIII,Przymiotniki,Kolory,Faded,Wyblakły; spłowiały,,
8864,4,Tom VII,Rozdział LXVIII,Rzeczowniki,Ubrania,Bowler,Melonik,,
8865,4,Tom VII,Rozdział LXVIII,Rzeczowniki,Ubrania,Bow tie,Muszka,,
8866,4,Tom VII,Rozdział LXVIII,Rzeczowniki,Ubrania,Dungarees,Ogrodniczki,,
8867,4,Tom VII,Rozdział LXVIII,Rzeczowniki,Ubrania,Cape,Peleryna,,
8868,4,Tom VII,Rozdział LXVIII,Rzeczowniki,Ubrania,Knee-length sock,Podkolanówka,,
8869,4,Tom VII,Rozdział LXVIII,Rzeczowniki,Ubrania,Cardigan,Rozpinany sweter,,
8870,4,Tom VII,Rozdział LXVIII,Rzeczowniki,Ubrania,Sundress,Sukienka na ramiączkach,,
8871,4,Tom VII,Rozdział LXVIII,Rzeczowniki,Ubrania,Evening gown,Suknia wieczorowa,,
8872,4,Tom VII,Rozdział LXVIII,Rzeczowniki,Ubrania,Suspenders,Szelki,,
8873,4,Tom VII,Rozdział LXVIII,Rzeczowniki,Ubrania,Cords,Sztruksy,,
8874,4,Tom VII,Rozdział LXVIII,Rzeczowniki,Ubrania,Tunic,Tunika,,
8875,4,Tom VII,Rozdział LXVIII,Rzeczowniki,Ubrania,Outfit,Ubiór; strój,,
8876,4,Tom VII,Rozdział LXVIII,Rzeczowniki,Ubrania,Windcheater,Wiatrówka,,
8877,4,Tom VII,Rozdział LXVIII,Rzeczowniki,Ubrania,Beret,Beret,,
8878,4,Tom VII,Rozdział LXVIII,Rzeczowniki,Ubrania,Corset,Gorset,,
8879,4,Tom VII,Rozdział LXVIII,Zabronione,Najpiękniejsze słowa,Miraculous,Cudowny (odnoszący się do cudu),,
8880,4,Tom VII,Rozdział LXVIII,Zabronione,Najpiękniejsze słowa,Miscellaneous,Rozmaity,,
8881,4,Tom VII,Rozdział LXVIII,Zabronione,Najpiękniejsze słowa,Mischievous,Figlarny,,
8882,4,Tom VII,Rozdział LXVIII,Zabronione,Najpiękniejsze słowa,Opulence,Obfitość,,
8883,4,Tom VII,Rozdział LXVIII,Zabronione,Najpiękniejsze słowa,Perpetuate,Uwieczniać,,
8884,4,Tom VII,Rozdział LXVIII,Zabronione,Najpiękniejsze słowa,Perseverance,Wytrwałość,,
8885,4,Tom VII,Rozdział LXVIII,Zabronione,Najpiękniejsze słowa,Phantasmagorical,Fantasmagoryczny,,
8886,4,Tom VII,Rozdział LXVIII,Zabronione,Najpiękniejsze słowa,Pristine,Nieskazitelny,,
8887,4,Tom VII,Rozdział LXVIII,Zabronione,Najpiękniejsze słowa,Resourceful,Zaradny,,
8888,4,Tom VII,Rozdział LXVIII,Zabronione,Najpiękniejsze słowa,Accolade,Wyrazy uznania,,
8889,4,Tom VII,Rozdział LXVIII,Rzeczowniki,Części ciała,Belly button,Pępek,,
8890,4,Tom VII,Rozdział LXVIII,Rzeczowniki,Części ciała,Prostate,Prostata,,
8891,4,Tom VII,Rozdział LXVIII,Rzeczowniki,Części ciała,Esophagus,Przełyk,,
8892,4,Tom VII,Rozdział LXVIII,Rzeczowniki,Części ciała,Tendon,Ścięgno,,
8893,4,Tom VII,Rozdział LXVIII,Rzeczowniki,Części ciała,Thyroid,Tarczyca,,
8894,4,Tom VII,Rozdział LXVIII,Rzeczowniki,Części ciała,Larynx,Krtań,,
8895,4,Tom VII,Rozdział LXVIII,Rzeczowniki,Części ciała,Kneecap,Rzepka,,
8896,4,Tom VII,Rozdział LXVIII,Rzeczowniki,Części ciała,Ligaments,Więzadła,,
8897,4,Tom VII,Rozdział LXVIII,Rzeczowniki,Części ciała,Knuckle,Knykieć,,
8898,4,Tom VII,Rozdział LXVIII,Rzeczowniki,Części ciała,Limb,Kończyna,,
8899,4,Tom VII,Rozdział LXVIII,Rzeczowniki,Części ciała,Nerve,Nerw,,
8900,4,Tom VII,Rozdział LXVIII,Rzeczowniki,Części ciała,Buttocks,Pośladki,,
8901,4,Tom VII,Rozdział LXVIII,Rzeczowniki,Części ciała,Spine,Kręgosłup,,
8902,4,Tom VII,Rozdział LXVIII,Rzeczowniki,Części ciała,Eye,Oko,,
8903,4,Tom VII,Rozdział LXVIII,Rzeczowniki,Części ciała,Finger,Palec,,
8904,4,Tom VII,Rozdział LXVIII,Czasowniki,Złota rączka,Tinker,Majsterkować,,
8905,4,Tom VII,Rozdział LXVIII,Czasowniki,Złota rączka,Assemble,Składać; montować (coś z gotowych elementów),,
8906,4,Tom VII,Rozdział LXVIII,Czasowniki,Złota rączka,Fasten,Przymocować; zapinać (pasy),,
8907,4,Tom VII,Rozdział LXVIII,Czasowniki,Złota rączka,Bind,Wiązać; powiązywać; łączyć,,
8908,4,Tom VII,Rozdział LXVIII,Czasowniki,Złota rączka,Drill,Wiercić,,
8909,4,Tom VII,Rozdział LXVIII,Czasowniki,Złota rączka,Recreate,Odtworzyć (na nowo),,
8910,4,Tom VII,Rozdział LXVIII,Czasowniki,Złota rączka,Deepen,Pogłębiać,,
8911,4,Tom VII,Rozdział LXVIII,Czasowniki,Złota rączka,Frame,Oprawić; obramowywać,,
8912,4,Tom VII,Rozdział LXVIII,Czasowniki,Złota rączka,Hammer,Wbić młotkiem,,
8913,4,Tom VII,Rozdział LXVIII,Czasowniki,Złota rączka,Heighten,Podwyższyć coś,,
8914,4,Tom VII,Rozdział LXVIII,Czasowniki,Złota rączka,Plaster,Oklejać; przylepiać,,
8915,4,Tom VII,Rozdział LXVIII,Czasowniki,Złota rączka,Sew,Szyć,,
8916,4,Tom VII,Rozdział LXVIII,Czasowniki,Złota rączka,Smooth,Wygładzać,,
8917,4,Tom VII,Rozdział LXVIII,Czasowniki,Złota rączka,Stitch,Zszywać,,
8918,4,Tom VII,Rozdział LXVIII,Czasowniki,Złota rączka,Strap,"Podpinać; przywiązać (np. Paskiem, pasami)",,
8919,4,Tom VII,Rozdział LXVIII,Rzeczowniki,Higiena I wygląd,Hair conditioner,Odżywka do włosów,,
8920,4,Tom VII,Rozdział LXVIII,Rzeczowniki,Higiena I wygląd,Tweezers,Pęseta,,
8921,4,Tom VII,Rozdział LXVIII,Rzeczowniki,Higiena I wygląd,Care,Pielęgnacja,,
8922,4,Tom VII,Rozdział LXVIII,Rzeczowniki,Higiena I wygląd,Nail file,Pilnik do paznokci,,
8923,4,Tom VII,Rozdział LXVIII,Rzeczowniki,Higiena I wygląd,Mouthwash,Płyn do płukania ust,,
8924,4,Tom VII,Rozdział LXVIII,Rzeczowniki,Higiena I wygląd,Foundation,Podkład,,
8925,4,Tom VII,Rozdział LXVIII,Rzeczowniki,Higiena I wygląd,Pad,Podpaska,,
8926,4,Tom VII,Rozdział LXVIII,Rzeczowniki,Higiena I wygląd,Fondant,Lukier,,
8927,4,Tom VII,Rozdział LXVIII,Rzeczowniki,Higiena I wygląd,Powder box,Puderniczka,,
8928,4,Tom VII,Rozdział LXVIII,Rzeczowniki,Higiena I wygląd,Pumice,Pumeks,,
8929,4,Tom VII,Rozdział LXVIII,Rzeczowniki,Higiena I wygląd,Tampon,Tampon,,
8930,4,Tom VII,Rozdział LXVIII,Rzeczowniki,Higiena I wygląd,Mascara,Tusz do rzęs,,
8931,4,Tom VII,Rozdział LXVIII,Rzeczowniki,Higiena I wygląd,Cotton pad,Wacik,,
8932,4,Tom VII,Rozdział LXVIII,Rzeczowniki,Higiena I wygląd,Curler,Wałek do kręcenia włosów,,
8933,4,Tom VII,Rozdział LXVIII,Rzeczowniki,Higiena I wygląd,Cologne,Woda kolońska,,
8934,4,Tom VII,Rozdział LXVIII,Rzeczowniki,Pogoda,Cloudiness,Zachmurzenie,,
8935,4,Tom VII,Rozdział LXVIII,Rzeczowniki,Pogoda,Snow drift,Zaspa,,
8936,4,Tom VII,Rozdział LXVIII,Rzeczowniki,Pogoda,Sunray,Promień słoneczny,,
8937,4,Tom VII,Rozdział LXVIII,Rzeczowniki,Pogoda,Dew,Rosa,,
8938,4,Tom VII,Rozdział LXVIII,Rzeczowniki,Pogoda,Blizzard,Zamieć śnieżna,,
8939,4,Tom VII,Rozdział LXVIII,Rzeczowniki,Pogoda,Foul weather,Słota,,
8940,4,Tom VII,Rozdział LXVIII,Rzeczowniki,Pogoda,Slob,Plucha,,
8941,4,Tom VII,Rozdział LXVIII,Rzeczowniki,Pogoda,Sleet,Śnieg z deszczem,,
8942,4,Tom VII,Rozdział LXVIII,Rzeczowniki,Pogoda,Whirlwind,Trąba powietrzna,,
8943,4,Tom VII,Rozdział LXVIII,Rzeczowniki,Pogoda,Snowflake,Płatek śniegu,,
8944,4,Tom VII,Rozdział LXVIII,Rzeczowniki,Pogoda,Gust,Podmuch,,
8945,4,Tom VII,Rozdział LXVIII,Rzeczowniki,Pogoda,Gale,Wichura,,
8946,4,Tom VII,Rozdział LXVIII,Rzeczowniki,Pogoda,Blizzard,Zamieć śnieżna,,
8947,4,Tom VII,Rozdział LXVIII,Rzeczowniki,Pogoda,Thaw,Odwilż,,
8948,4,Tom VII,Rozdział LXVIII,Rzeczowniki,Pogoda,Black ice,Gołoledź,,
8949,4,Tom VII,Rozdział LXIX,Przymiotniki,Natura,Protected,Chroniony,,
8950,4,Tom VII,Rozdział LXIX,Przymiotniki,Natura,Cured,Wyleczony,,
8951,4,Tom VII,Rozdział LXIX,Przymiotniki,Natura,Extinct,Wymarły,,
8952,4,Tom VII,Rozdział LXIX,Przymiotniki,Natura,Feral,Zdziczały,,
8953,4,Tom VII,Rozdział LXIX,Przymiotniki,Natura,Furry,Futrzasty,,
8954,4,Tom VII,Rozdział LXIX,Przymiotniki,Natura,Burning,Płonący,,
8955,4,Tom VII,Rozdział LXIX,Przymiotniki,Natura,Fluffy,Puszysty (np. Zwierzę),,
8956,4,Tom VII,Rozdział LXIX,Przymiotniki,Natura,Solar,Słoneczny (związany ze słońcem),,
8957,4,Tom VII,Rozdział LXIX,Przymiotniki,Natura,Domesticated,Udomowiony,,
8958,4,Tom VII,Rozdział LXIX,Przymiotniki,Natura,Curable,Uleczalny,,
8959,4,Tom VII,Rozdział LXIX,Przymiotniki,Natura,Trained,Wytrenowany; wytresowany,,
8960,4,Tom VII,Rozdział LXIX,Przymiotniki,Natura,Agile,Zwinny,,
8961,4,Tom VII,Rozdział LXIX,Przymiotniki,Natura,Vicious,Okrutny; bezwzględny,,
8962,4,Tom VII,Rozdział LXIX,Przymiotniki,Natura,Ferocious,Dziki; brutalny,,
8963,4,Tom VII,Rozdział LXIX,Przymiotniki,Natura,Muddy,Błotnisty,,
8964,4,Tom VII,Rozdział LXIX,Slang,Praca,Gearhead,Złota rączka,,
8965,4,Tom VII,Rozdział LXIX,Slang,Praca,Geek out,Zacząć robić coś niszowego,,
8966,4,Tom VII,Rozdział LXIX,Slang,Praca,Jack of all trades,Dobry we wszystkim,,
8967,4,Tom VII,Rozdział LXIX,Slang,Praca,Yeet,Robić coś żwawo,,
8968,4,Tom VII,Rozdział LXIX,Slang,Praca,New kid on the block,Nowo przyjęty pracownik (żółtodziób),,
8969,4,Tom VII,Rozdział LXIX,Slang,Praca,Ambulance chaser,Papuga ubezpieczeniowy (prawnik),,
8970,4,Tom VII,Rozdział LXIX,Slang,Praca,Bag,"Zawód (fach, działka)",,
8971,4,Tom VII,Rozdział LXIX,Slang,Praca,Beat down,Zajechać kogoś,,
8972,4,Tom VII,Rozdział LXIX,Slang,Praca,Bombarded with sth,Bombardowany czymś,,
8973,4,Tom VII,Rozdział LXIX,Slang,Praca,Curve ball,Coś totalnie nieoczekiwanego,,
8974,4,Tom VII,Rozdział LXIX,Rzeczowniki,Kultura,Drum,Bęben,,
8975,4,Tom VII,Rozdział LXIX,Rzeczowniki,Kultura,Songwriting,Pisanie piosenek (tekstów I muzyki),,
8976,4,Tom VII,Rozdział LXIX,Rzeczowniki,Kultura,Portfolio,Portfolio; teczka,,
8977,4,Tom VII,Rozdział LXIX,Rzeczowniki,Kultura,Work of art,Dzieło sztuki,,
8978,4,Tom VII,Rozdział LXIX,Rzeczowniki,Kultura,Audience,Publiczność,,
8979,4,Tom VII,Rozdział LXIX,Rzeczowniki,Kultura,Main character,Rola główna,,
8980,4,Tom VII,Rozdział LXIX,Rzeczowniki,Kultura,Rhythm,Rytm (ogólnie w muzyce),,
8981,4,Tom VII,Rozdział LXIX,Rzeczowniki,Kultura,Groove,Rytm (ciała w odpowiedzi na muzykę),,
8982,4,Tom VII,Rozdział LXIX,Rzeczowniki,Kultura,Sculpture,Rzeźba; rzeźbiarstwo,,
8983,4,Tom VII,Rozdział LXIX,Rzeczowniki,Kultura,Sculptor,Rzeźbiarz,,
8984,4,Tom VII,Rozdział LXIX,Rzeczowniki,Kultura,Stage,Scena (deski teatru),,
8985,4,Tom VII,Rozdział LXIX,Rzeczowniki,Kultura,Screenplay,"Scenariusz (np. Do filmu, przedstawienia)",,
8986,4,Tom VII,Rozdział LXIX,Rzeczowniki,Kultura,Scenography,Scenografia,,
8987,4,Tom VII,Rozdział LXIX,Rzeczowniki,Kultura,Lineup,Skład; lista wykonawców,,
8988,4,Tom VII,Rozdział LXIX,Rzeczowniki,Kultura,Violin,Skrzypce,,
8989,4,Tom VII,Rozdział LXIX,Rzeczowniki,Zwierzęta,Hoof,Kopyto,,
8990,4,Tom VII,Rozdział LXIX,Rzeczowniki,Zwierzęta,Mole,Kret,,
8991,4,Tom VII,Rozdział LXIX,Rzeczowniki,Zwierzęta,Cougar,Puma,,
8992,4,Tom VII,Rozdział LXIX,Rzeczowniki,Zwierzęta,Marten,Kuna,,
8993,4,Tom VII,Rozdział LXIX,Rzeczowniki,Zwierzęta,Mongrel,Kundel,,
8994,4,Tom VII,Rozdział LXIX,Rzeczowniki,Zwierzęta,Leopard,Lampart,,
8995,4,Tom VII,Rozdział LXIX,Rzeczowniki,Zwierzęta,Rhinoceros,Nosorożec,,
8996,4,Tom VII,Rozdział LXIX,Rzeczowniki,Zwierzęta,Sheepdog,Owczarek,,
8997,4,Tom VII,Rozdział LXIX,Rzeczowniki,Zwierzęta,Panther,Pantera,,
8998,4,Tom VII,Rozdział LXIX,Rzeczowniki,Zwierzęta,Pedigree dog,Pies z rodowodem,,
8999,4,Tom VII,Rozdział LXIX,Rzeczowniki,Zwierzęta,Amphibian,Płaz,,
9000,4,Tom VII,Rozdział LXIX,Rzeczowniki,Zwierzęta,Piglet,Prosiaczek,,
9001,4,Tom VII,Rozdział LXIX,Rzeczowniki,Zwierzęta,Poodle,Pudel,,
9002,4,Tom VII,Rozdział LXIX,Rzeczowniki,Zwierzęta,Toad,Ropucha,,
9003,4,Tom VII,Rozdział LXIX,Rzeczowniki,Zwierzęta,Mammal,Ssak,,
9004,1,Tom VII,Rozdział LXIX,Rzeczowniki,Biznes,Company,Firma,I started my own company.,Założyłem własną firmę.
9005,1,Tom VII,Rozdział LXIX,Rzeczowniki,Biznes,Client,Klient,The client called this morning.,Klient dzwonił dziś rano.
9006,1,Tom VII,Rozdział LXIX,Rzeczowniki,Biznes,Plan,Plan,What's the plan for today?,Jaki jest plan na dziś?
9007,1,Tom VII,Rozdział LXIX,Rzeczowniki,Biznes,Product,Produkt,This product sells really well.,Ten produkt bardzo dobrze się sprzedaje.
9008,1,Tom VII,Rozdział LXIX,Rzeczowniki,Biznes,Bill,Rachunek,Can we get the bill?,Możemy prosić o rachunek?
9009,1,Tom VII,Rozdział LXIX,Rzeczowniki,Biznes,Chance,Szansa,Give me one more chance.,Daj mi jeszcze jedną szansę.
9010,1,Tom VII,Rozdział LXIX,Rzeczowniki,Biznes,Deal,Umowa (układ),We made a good deal.,Zrobiliśmy dobry interes.
9011,1,Tom VII,Rozdział LXIX,Rzeczowniki,Biznes,Result,Rezultat; efekt,The results were surprising.,Wyniki były zaskakujące.
9012,1,Tom VII,Rozdział LXIX,Rzeczowniki,Biznes,Sale,Wyprzedaż,Everything's on sale today.,Wszystko jest dziś na wyprzedaży.
9013,1,Tom VII,Rozdział LXIX,Rzeczowniki,Biznes,Discount,Zniżka,Can I get a discount?,Mogę dostać zniżkę?
9014,1,Tom VII,Rozdział LXIX,Rzeczowniki,Biznes,End,Kończyć; skończyć (się),How does the story end?,Jak kończy się ta historia?
9015,1,Tom VII,Rozdział LXIX,Rzeczowniki,Biznes,Happen,Wydarzać się; stać się,What happened here?,Co się tutaj wydarzyło?
9016,1,Tom VII,Rozdział LXIX,Rzeczowniki,Biznes,Mean,Znaczyć coś,What do you mean by that?,Co masz na myśli?
9017,1,Tom VII,Rozdział LXIX,Rzeczowniki,Biznes,Must,Musieć; trzeba (teraźniejszość),You must try this cake.,Musisz spróbować tego ciasta.
9018,1,Tom VII,Rozdział LXIX,Rzeczowniki,Biznes,Offer,Oferować; proponować,They offered me the job.,Zaoferowali mi tę pracę.
9019,4,Tom VII,Rozdział LXIX,Czasowniki,Higiena I wygląd,Comb,Czesać,,
9020,4,Tom VII,Rozdział LXIX,Czasowniki,Higiena I wygląd,Disguise,"Przebierać się za (kogoś, coś)",,
9021,4,Tom VII,Rozdział LXIX,Czasowniki,Higiena I wygląd,Expose,Eksponować; odkrywać,,
9022,4,Tom VII,Rozdział LXIX,Czasowniki,Higiena I wygląd,Groom,"Szczotkować (kota, fryzurę)",,
9023,4,Tom VII,Rozdział LXIX,Czasowniki,Higiena I wygląd,Shrink,Kurczyć się,,
9024,4,Tom VII,Rozdział LXIX,Czasowniki,Higiena I wygląd,Straighten,Wyprostować; rozprostować; naprostować,,
9025,4,Tom VII,Rozdział LXIX,Czasowniki,Higiena I wygląd,Thin,Przerzedzać; rozrzedzać,,
9026,4,Tom VII,Rozdział LXIX,Czasowniki,Higiena I wygląd,Lighten,Pojaśnieć; rozjaśnić (się),,
9027,4,Tom VII,Rozdział LXIX,Czasowniki,Higiena I wygląd,Brighten,Rozjaśnić,,
9028,4,Tom VII,Rozdział LXIX,Czasowniki,Higiena I wygląd,Freshen,Odświeżyć,,
9029,4,Tom VII,Rozdział LXIX,Czasowniki,Higiena I wygląd,Darken,Przyciemniać,,
9030,4,Tom VII,Rozdział LXIX,Czasowniki,Higiena I wygląd,Shorten,Skracać,,
9031,4,Tom VII,Rozdział LXIX,Czasowniki,Higiena I wygląd,Trim,Trymować; przycinać,,
9032,4,Tom VII,Rozdział LXIX,Czasowniki,Higiena I wygląd,Powder,Pudrować,,
9033,4,Tom VII,Rozdział LXIX,Czasowniki,Higiena I wygląd,Enrobe,Przyodziać,,
9034,4,Tom VII,Rozdział LXIX,Przymiotniki,Przestrzeń I położenie,Outdoor,Na świeżym powietrzu (na zew. Budynku),,
9035,4,Tom VII,Rozdział LXIX,Przymiotniki,Przestrzeń I położenie,Indoor,Domowy; kryty (wew. Budynku),,
9036,4,Tom VII,Rozdział LXIX,Przymiotniki,Przestrzeń I położenie,Internal,Wewnętrzny (związany z wnętrzem),,
9037,4,Tom VII,Rozdział LXIX,Przymiotniki,Przestrzeń I położenie,External,Zewnętrzny; zagraniczny,,
9038,4,Tom VII,Rozdział LXIX,Przymiotniki,Przestrzeń I położenie,Bordering,Graniczący,,
9039,4,Tom VII,Rozdział LXIX,Przymiotniki,Przestrzeń I położenie,Foremost,Czołowy,,
9040,4,Tom VII,Rozdział LXIX,Przymiotniki,Przestrzeń I położenie,Rear,Tylny,,
9041,4,Tom VII,Rozdział LXIX,Przymiotniki,Przestrzeń I położenie,Distant,Odległy; oddalony,,
9042,4,Tom VII,Rozdział LXIX,Przymiotniki,Przestrzeń I położenie,Inner,Wewnętrzny (będący blisko centrum czegoś),,
9043,4,Tom VII,Rozdział LXIX,Przymiotniki,Przestrzeń I położenie,Outer,Wierzchni; zewnętrzny,,
9044,4,Tom VII,Rozdział LXIX,Przymiotniki,Przestrzeń I położenie,Open-air,Na powietrzu,,
9045,4,Tom VII,Rozdział LXIX,Przymiotniki,Przestrzeń I położenie,Underwater,Podwodny,,
9046,4,Tom VII,Rozdział LXIX,Przymiotniki,Przestrzeń I położenie,Surrounding,Otaczający,,
9047,4,Tom VII,Rozdział LXIX,Przymiotniki,Przestrzeń I położenie,Located,Położony,,
9048,4,Tom VII,Rozdział LXIX,Przymiotniki,Przestrzeń I położenie,Spatial,Przestrzenny,,
9049,4,Tom VII,Rozdział LXIX,Przysłówki,Ilość,Several,Kilka,,
9050,4,Tom VII,Rozdział LXIX,Przysłówki,Ilość,Partly,Częściowo,,
9051,4,Tom VII,Rozdział LXIX,Przysłówki,Ilość,Scarcely,Zaledwie,,
9052,4,Tom VII,Rozdział LXIX,Przysłówki,Ilość,Approximately,"Około; w przybliżeniu (naukowo, formalnie)",,
9053,4,Tom VII,Rozdział LXIX,Przysłówki,Ilość,Thrice,Trzykrotnie,,
9054,4,Tom VII,Rozdział LXIX,Przysłówki,Ilość,Abundantly,Suto,,
9055,4,Tom VII,Rozdział LXIX,Przysłówki,Ilość,Individually,Jednostkowo; indywidualnie,,
9056,4,Tom VII,Rozdział LXIX,Przysłówki,Ilość,Partially,Po części,,
9057,4,Tom VII,Rozdział LXIX,Przysłówki,Ilość,Roughly,Mniej więcej; z grubsza,,
9058,4,Tom VII,Rozdział LXIX,Przysłówki,Ilość,Solely,Wyłącznie; jedynie,,
9059,4,Tom VII,Rozdział LXIX,Przysłówki,Ilość,Solo,Pojedynczo,,
9060,4,Tom VII,Rozdział LXIX,Przysłówki,Ilość,In bulk,Hurtowo,,
9061,4,Tom VII,Rozdział LXIX,Przysłówki,Ilość,Broadly,Z grubsza; ogólnie,,
9062,4,Tom VII,Rozdział LXIX,Przysłówki,Ilość,Plentifully,Obficie,,
9063,4,Tom VII,Rozdział LXIX,Przysłówki,Ilość,Profusely,Na bogato; hojnie,,
9064,4,Tom VII,Rozdział LXIX,Rzeczowniki,Sport,Tactics,Taktyka,,
9065,4,Tom VII,Rozdział LXIX,Rzeczowniki,Sport,Brawn,Tężyzna; krzepa,,
9066,4,Tom VII,Rozdział LXIX,Rzeczowniki,Sport,Hurdles,Bieg przez płotki,,
9067,4,Tom VII,Rozdział LXIX,Rzeczowniki,Sport,Cross-country,Biegi przełajowe,,
9068,4,Tom VII,Rozdział LXIX,Rzeczowniki,Sport,Decathlon,Dziesięciobój,,
9069,4,Tom VII,Rozdział LXIX,Rzeczowniki,Sport,Field hockey,Hokej na trawie,,
9070,4,Tom VII,Rozdział LXIX,Rzeczowniki,Sport,Equestrian,Jeździectwo,,
9071,4,Tom VII,Rozdział LXIX,Rzeczowniki,Sport,Canoeing,Kajakarstwo,,
9072,4,Tom VII,Rozdział LXIX,Rzeczowniki,Sport,Hang glider,Lotnia,,
9073,4,Tom VII,Rozdział LXIX,Rzeczowniki,Sport,Archery,Łucznictwo,,
9074,4,Tom VII,Rozdział LXIX,Rzeczowniki,Sport,Shot put,Pchnięcie kulą,,
9075,4,Tom VII,Rozdział LXIX,Rzeczowniki,Sport,Pentathlon,Pięciobój,,
9076,4,Tom VII,Rozdział LXIX,Rzeczowniki,Sport,Weight lifting,Podnoszenie ciężarów,,
9077,4,Tom VII,Rozdział LXIX,Rzeczowniki,Sport,Throw,Rzut,,
9078,4,Tom VII,Rozdział LXIX,Rzeczowniki,Sport,Discus,Rzut dyskiem,,
9079,4,Tom VII,Rozdział LXIX,Rzeczowniki,Społeczeństwo,Committee,Komitet,,
9080,4,Tom VII,Rozdział LXIX,Rzeczowniki,Społeczeństwo,Consumerism,Konsumpcjonizm,,
9081,4,Tom VII,Rozdział LXIX,Rzeczowniki,Społeczeństwo,Corruption,Korupcja,,
9082,4,Tom VII,Rozdział LXIX,Rzeczowniki,Społeczeństwo,Manifestation,Manifestacja,,
9083,4,Tom VII,Rozdział LXIX,Rzeczowniki,Społeczeństwo,Monarchy,Monarchia,,
9084,4,Tom VII,Rozdział LXIX,Rzeczowniki,Społeczeństwo,Independence,Niezależność,,
9085,4,Tom VII,Rozdział LXIX,Rzeczowniki,Społeczeństwo,Proceedings,Obrady; obchody,,
9086,4,Tom VII,Rozdział LXIX,Rzeczowniki,Społeczeństwo,Opposition,Opozycja,,
9087,4,Tom VII,Rozdział LXIX,Rzeczowniki,Społeczeństwo,Division,Podział; wydział,,
9088,4,Tom VII,Rozdział LXIX,Rzeczowniki,Społeczeństwo,Generation,Pokolenie,,
9089,4,Tom VII,Rozdział LXIX,Rzeczowniki,Społeczeństwo,Messenger,Posłaniec,,
9090,4,Tom VII,Rozdział LXIX,Rzeczowniki,Społeczeństwo,Provocation,Prowokacja,,
9091,4,Tom VII,Rozdział LXIX,Rzeczowniki,Społeczeństwo,Orphanage,Sierociniec,,
9092,4,Tom VII,Rozdział LXIX,Rzeczowniki,Społeczeństwo,Socialism,Socjalizm,,
9093,4,Tom VII,Rozdział LXIX,Rzeczowniki,Społeczeństwo,Civil society,Społeczeństwo obywatelskie,,
9094,4,Tom VII,Rozdział LXX,Slang,Szamka,Nom,Wsuwać; pychota,,
9095,4,Tom VII,Rozdział LXX,Slang,Szamka,Chow,Wyżera,,
9096,4,Tom VII,Rozdział LXX,Slang,Szamka,Pop,Lody na patyku,,
9097,4,Tom VII,Rozdział LXX,Slang,Szamka,Goodies,Cukierki (cuksy),,
9098,4,Tom VII,Rozdział LXX,Slang,Szamka,Mouthwatering,Smaczny (palce lizać); ślinka cieknie,,
9099,4,Tom VII,Rozdział LXX,Slang,Szamka,Munch,Pochłaniać żarcie; wsuwać,,
9100,4,Tom VII,Rozdział LXX,Slang,Szamka,Munchies,Gastrofaza,,
9101,4,Tom VII,Rozdział LXX,Slang,Szamka,Sweet tooth,Ochota na słodycze,,
9102,4,Tom VII,Rozdział LXX,Slang,Szamka,Grub,Żarełko,,
9103,4,Tom VII,Rozdział LXX,Slang,Szamka,Scarf out,"Jeść szybko I dużo (napychać się, żreć)",,
9104,4,Tom VII,Rozdział LXX,Przymiotniki,Złe,Incurable,Nieuleczalny,,
9105,4,Tom VII,Rozdział LXX,Przymiotniki,Złe,Poisonous,Trujący,,
9106,4,Tom VII,Rozdział LXX,Przymiotniki,Złe,Lethal,Zabójczy; śmiertelny,,
9107,4,Tom VII,Rozdział LXX,Przymiotniki,Złe,Contagious,Zaraźliwy,,
9108,4,Tom VII,Rozdział LXX,Przymiotniki,Złe,Possessed,Opętany (np. Przez demona),,
9109,4,Tom VII,Rozdział LXX,Przymiotniki,Złe,Horrifying,Budzący grozę,,
9110,4,Tom VII,Rozdział LXX,Przymiotniki,Złe,Starving,Głodujący (również bardzo głodny),,
9111,4,Tom VII,Rozdział LXX,Przymiotniki,Złe,Agonizing,W męczarniach; agonalny,,
9112,4,Tom VII,Rozdział LXX,Przymiotniki,Złe,Berserk,Oszalały; wściekły,,
9113,4,Tom VII,Rozdział LXX,Przymiotniki,Złe,Humiliating,Poniżający; upokarzający,,
9114,4,Tom VII,Rozdział LXX,Przymiotniki,Złe,Incapacitated,Ubezwłasnowolniony,,
9115,4,Tom VII,Rozdział LXX,Przymiotniki,Złe,Pitiful,Godny politowania,,
9116,4,Tom VII,Rozdział LXX,Przymiotniki,Złe,At-risk,Zagrożony,,
9117,4,Tom VII,Rozdział LXX,Przymiotniki,Złe,Deadly,Śmiercionośny; śmiertelny; zabójczy,,
9118,4,Tom VII,Rozdział LXX,Przymiotniki,Złe,Exhausting,Wyczerpujący,,
9119,4,Tom VII,Rozdział LXX,Phrasale,Agresja,Beat up,Pobić,,
9120,4,Tom VII,Rozdział LXX,Phrasale,Agresja,Scare off,Odstraszyć,,
9121,4,Tom VII,Rozdział LXX,Phrasale,Agresja,Get off sb,Odwalić się (od kogoś),,
9122,4,Tom VII,Rozdział LXX,Phrasale,Agresja,Fight back,Odpowiadać na atak,,
9123,4,Tom VII,Rozdział LXX,Phrasale,Agresja,Flip out,Dostać szału,,
9124,4,Tom VII,Rozdział LXX,Phrasale,Agresja,Knock down,Potrącić,,
9125,4,Tom VII,Rozdział LXX,Phrasale,Agresja,Knock out,Wytrącać coś (np. Komuś z ręki),,
9126,4,Tom VII,Rozdział LXX,Phrasale,Agresja,Stick up,Przeprowadzić napaść z bronią w ręku,,
9127,4,Tom VII,Rozdział LXX,Phrasale,Agresja,Take sth out on sb,Wyładować się na kimś,,
9128,4,Tom VII,Rozdział LXX,Phrasale,Agresja,Blow up,Wybuchnąć (gniewem); naskoczyć (na kogoś),,
9129,4,Tom VII,Rozdział LXX,Rzeczowniki,Materiały I substancje,Petroleum,Ropa naftowa,,
9130,4,Tom VII,Rozdział LXX,Rzeczowniki,Materiały I substancje,Asphalt,Asfalt,,
9131,4,Tom VII,Rozdział LXX,Rzeczowniki,Materiały I substancje,Sheet metal,Blacha,,
9132,4,Tom VII,Rozdział LXX,Rzeczowniki,Materiały I substancje,Bronze,Brąz,,
9133,4,Tom VII,Rozdział LXX,Rzeczowniki,Materiały I substancje,Ceramic,Ceramika,,
9134,4,Tom VII,Rozdział LXX,Rzeczowniki,Materiały I substancje,Clay,Glina,,
9135,4,Tom VII,Rozdział LXX,Rzeczowniki,Materiały I substancje,Cardboard,Karton; tektura,,
9136,4,Tom VII,Rozdział LXX,Rzeczowniki,Materiały I substancje,Ivory,Kość słoniowa,,
9137,4,Tom VII,Rozdział LXX,Rzeczowniki,Materiały I substancje,Copper,Miedź,,
9138,4,Tom VII,Rozdział LXX,Rzeczowniki,Materiały I substancje,Brass,Mosiądz,,
9139,4,Tom VII,Rozdział LXX,Rzeczowniki,Materiały I substancje,Rust,Rdza,,
9140,4,Tom VII,Rozdział LXX,Rzeczowniki,Materiały I substancje,Solvent,Rozpuszczalnik,,
9141,4,Tom VII,Rozdział LXX,Rzeczowniki,Materiały I substancje,Sulfur,Siarka,,
9142,4,Tom VII,Rozdział LXX,Rzeczowniki,Materiały I substancje,Iron,Żelazo,,
9143,4,Tom VII,Rozdział LXX,Rzeczowniki,Materiały I substancje,Platinum,Platyna,,
9144,4,Tom VII,Rozdział LXX,Rzeczowniki,Rośliny I ogród,Carnation,Goździk,,
9145,4,Tom VII,Rozdział LXX,Rzeczowniki,Rośliny I ogród,Rake,Grabie,,
9146,4,Tom VII,Rozdział LXX,Rzeczowniki,Rośliny I ogród,Lily of the valley,Konwalia,,
9147,4,Tom VII,Rozdział LXX,Rzeczowniki,Rośliny I ogród,Shovel,Łopata,,
9148,4,Tom VII,Rozdział LXX,Rzeczowniki,Rośliny I ogród,Fertilizer,Nawóz,,
9149,4,Tom VII,Rozdział LXX,Rzeczowniki,Rośliny I ogród,Forget-me-not,Niezapominajka,,
9150,4,Tom VII,Rozdział LXX,Rzeczowniki,Rośliny I ogród,Orchid,Orchidea,,
9151,4,Tom VII,Rozdział LXX,Rzeczowniki,Rośliny I ogród,Acacia,Akacja,,
9152,4,Tom VII,Rozdział LXX,Rzeczowniki,Rośliny I ogród,Hedge,Żywopłot,,
9153,4,Tom VII,Rozdział LXX,Rzeczowniki,Rośliny I ogród,Wheelbarrow,Taczka,,
9154,4,Tom VII,Rozdział LXX,Rzeczowniki,Rośliny I ogród,Flowerbed,Klomb,,
9155,4,Tom VII,Rozdział LXX,Rzeczowniki,Rośliny I ogród,Arbor,Pergola,,
9156,4,Tom VII,Rozdział LXX,Rzeczowniki,Rośliny I ogród,Landscaping,Projektowanie krajobrazu,,
9157,4,Tom VII,Rozdział LXX,Rzeczowniki,Rośliny I ogród,Floriculture,Kwiaciarstwo; florystyka,,
9158,4,Tom VII,Rozdział LXX,Rzeczowniki,Rośliny I ogród,Gazebo,Altanka,,
9159,4,Tom VII,Rozdział LXX,Czasowniki,Demolki małe I duże,Burst,Pękać; rozerwać,,
9160,4,Tom VII,Rozdział LXX,Czasowniki,Demolki małe I duże,Collapse,Runąć; zawalić się,,
9161,4,Tom VII,Rozdział LXX,Czasowniki,Demolki małe I duże,Crumble,Kruszyć; rozpadać się,,
9162,4,Tom VII,Rozdział LXX,Czasowniki,Demolki małe I duże,Demolish,Wyburzać,,
9163,4,Tom VII,Rozdział LXX,Czasowniki,Demolki małe I duże,Erase,Wymazywać,,
9164,4,Tom VII,Rozdział LXX,Czasowniki,Demolki małe I duże,Level,Wyrównywać; niwelować; równać z ziemią,,
9165,4,Tom VII,Rozdział LXX,Czasowniki,Demolki małe I duże,Pierce,Przekłuwać; przebijać,,
9166,4,Tom VII,Rozdział LXX,Czasowniki,Demolki małe I duże,Scatter,Rozsypać; rozpraszać,,
9167,4,Tom VII,Rozdział LXX,Czasowniki,Demolki małe I duże,Slam,Trzaskać (drzwiami),,
9168,4,Tom VII,Rozdział LXX,Czasowniki,Demolki małe I duże,Bash,Walić; grzmotać,,
9169,4,Tom VII,Rozdział LXX,Czasowniki,Demolki małe I duże,Batter,Łomotać; gruchotać; tłuc,,
9170,4,Tom VII,Rozdział LXX,Czasowniki,Demolki małe I duże,Curve,Zakrzywić; wyginać,,
9171,4,Tom VII,Rozdział LXX,Czasowniki,Demolki małe I duże,Dismantle,Rozmontować; rozbrajać,,
9172,4,Tom VII,Rozdział LXX,Czasowniki,Demolki małe I duże,Strike,Uderzać,,
9173,4,Tom VII,Rozdział LXX,Czasowniki,Demolki małe I duże,Wreck,Zniszczyć; topić (statek); skasować pojazd,,
9174,4,Tom VII,Rozdział LXX,Rzeczowniki,Zagrożenie,Robbery,Rabunek,,
9175,4,Tom VII,Rozdział LXX,Rzeczowniki,Zagrożenie,Shootout,Strzelanina,,
9176,4,Tom VII,Rozdział LXX,Rzeczowniki,Zagrożenie,Underworld,Świat przestępczy,,
9177,4,Tom VII,Rozdział LXX,Rzeczowniki,Zagrożenie,Terror,Terror,,
9178,4,Tom VII,Rozdział LXX,Rzeczowniki,Zagrożenie,Terrorist,Terrorysta,,
9179,4,Tom VII,Rozdział LXX,Rzeczowniki,Zagrożenie,Terrorism,Terroryzm,,
9180,4,Tom VII,Rozdział LXX,Rzeczowniki,Zagrożenie,Torture,Tortury,,
9181,4,Tom VII,Rozdział LXX,Rzeczowniki,Zagrożenie,Prison break,Ucieczka z więzienia,,
9182,4,Tom VII,Rozdział LXX,Rzeczowniki,Zagrożenie,Kidnapping,Uprowadzenie,,
9183,4,Tom VII,Rozdział LXX,Rzeczowniki,Zagrożenie,Burglary,Włamanie,,
9184,4,Tom VII,Rozdział LXX,Rzeczowniki,Zagrożenie,Breakout,Ucieczka,,
9185,4,Tom VII,Rozdział LXX,Rzeczowniki,Zagrożenie,Outlaw,Wyjęty spod prawa; kryminalista,,
9186,4,Tom VII,Rozdział LXX,Rzeczowniki,Zagrożenie,Killer,Zabójca,,
9187,4,Tom VII,Rozdział LXX,Rzeczowniki,Zagrożenie,Penitentiary,Zakład karny,,
9188,4,Tom VII,Rozdział LXX,Rzeczowniki,Zagrożenie,Terrorist attack,Zamach terrorystyczny,,
9189,4,Tom VII,Rozdział LXX,Przymiotniki,Technologia,Air-conditioned,Klimatyzowany,,
9190,4,Tom VII,Rozdział LXX,Przymiotniki,Technologia,High-tech,Najnowocześniejszy (z najlepszą technologią),,
9191,4,Tom VII,Rozdział LXX,Przymiotniki,Technologia,Groundbreaking,Przełomowy; pionierski; nowatorski,,
9192,4,Tom VII,Rozdział LXX,Przymiotniki,Technologia,Well-designed,Dobrze zaprojektowany,,
9193,4,Tom VII,Rozdział LXX,Przymiotniki,Technologia,Operational,Operacyjny; działający,,
9194,4,Tom VII,Rozdział LXX,Przymiotniki,Technologia,Semi-automatic,Półautomatyczny,,
9195,4,Tom VII,Rozdział LXX,Przymiotniki,Technologia,Serial,Seryjny,,
9196,4,Tom VII,Rozdział LXX,Przymiotniki,Technologia,Standalone,Samodzielny (działa sam); solowy,,
9197,4,Tom VII,Rozdział LXX,Przymiotniki,Technologia,Wireless,Bezprzewodowy,,
9198,4,Tom VII,Rozdział LXX,Przymiotniki,Technologia,Energy-efficient,Energooszczędny,,
9199,4,Tom VII,Rozdział LXX,Przymiotniki,Technologia,Airtight,Szczelny,,
9200,4,Tom VII,Rozdział LXX,Przymiotniki,Technologia,Compatible,Kompatybilny,,
9201,4,Tom VII,Rozdział LXX,Przymiotniki,Technologia,Bulletproof,Kuloodporny,,
9202,4,Tom VII,Rozdział LXX,Przymiotniki,Technologia,High-end,Najwyższej jakości; z górnej półki,,
9203,4,Tom VII,Rozdział LXX,Przymiotniki,Technologia,Cutting-edge,Nowatorski,,
9204,4,Tom VII,Rozdział LXX,Czasowniki,Złe,Bury,Grzebać; pochować,,
9205,4,Tom VII,Rozdział LXX,Czasowniki,Złe,Decapitate,Ściąć głowę,,
9206,4,Tom VII,Rozdział LXX,Czasowniki,Złe,Hijack,"Porwać; uprowadzać (np. Samochód, samolot)",,
9207,4,Tom VII,Rozdział LXX,Czasowniki,Złe,Molest,Molestować,,
9208,4,Tom VII,Rozdział LXX,Czasowniki,Złe,Overdose,Przedawkować; przejeść się,,
9209,4,Tom VII,Rozdział LXX,Czasowniki,Złe,Drown,Tonąć,,
9210,4,Tom VII,Rozdział LXX,Czasowniki,Złe,Stab,Dźgać; kłuć,,
9211,4,Tom VII,Rozdział LXX,Czasowniki,Złe,Stalk,Nachodzić; prześladować,,
9212,4,Tom VII,Rozdział LXX,Czasowniki,Złe,Strangle,Dusić kogoś,,
9213,4,Tom VII,Rozdział LXX,Czasowniki,Złe,Assassinate,Dokonać zamachu na życie; zamordować,,
9214,4,Tom VII,Rozdział LXX,Czasowniki,Złe,Cripple,Kaleczyć; uczynić kaleką; ograniczyć,,
9215,4,Tom VII,Rozdział LXX,Czasowniki,Złe,Dismember,Rozczłonkować,,
9216,4,Tom VII,Rozdział LXX,Czasowniki,Złe,Raid,Przeprowadzać atak; nalot; obławę,,
9217,4,Tom VII,Rozdział LXX,Czasowniki,Złe,Slaughter,Zarzynać; ubijać zwierzę,,
9218,4,Tom VII,Rozdział LXX,Czasowniki,Złe,Butcher,Zaszlachtować,,
9219,4,Tom VII,Rozdział LXX,Phrasale,Niefajne,Aim at,"Mierzyć do (kogoś, czegoś)",,
9220,4,Tom VII,Rozdział LXX,Phrasale,Niefajne,Break into sth,Włamać się gdzieś,,
9221,4,Tom VII,Rozdział LXX,Phrasale,Niefajne,Get back at sb,Odegrać się na kimś; odpłacić komuś za coś,,
9222,4,Tom VII,Rozdział LXX,Phrasale,Niefajne,Look down,Być przybitym,,
9223,4,Tom VII,Rozdział LXX,Phrasale,Niefajne,Pick on sb,Czepiać się kogoś; dokuczać komuś,,
9224,4,Tom VII,Rozdział LXX,Phrasale,Niefajne,Set sb off,Sprowokować kogoś,,
9225,4,Tom VII,Rozdział LXX,Phrasale,Niefajne,Stress sb out,Denerwować kogoś,,
9226,4,Tom VII,Rozdział LXX,Phrasale,Niefajne,Tell on sb,Nakablować; poskarżyć się,,
9227,4,Tom VII,Rozdział LXX,Phrasale,Niefajne,Tag along,Ciągnąć się za kimś,,
9228,4,Tom VII,Rozdział LXX,Phrasale,Niefajne,Answer back,Odszczeknąć; odpowiadać niegrzecznie,,
9229,4,Tom VIII,Rozdział LXXI,Czasowniki,Wymaga wysiłku,Dig,Kopać w czymś (np. W ziemi),,
9230,4,Tom VIII,Rozdział LXXI,Czasowniki,Wymaga wysiłku,Load,Ładować (coś gdzieś),,
9231,4,Tom VIII,Rozdział LXXI,Czasowniki,Wymaga wysiłku,Lift,Podnieść (dosłownie),,
9232,4,Tom VIII,Rozdział LXXI,Czasowniki,Wymaga wysiłku,Raise,Podnieść (dosłownie I w przenośni),,
9233,4,Tom VIII,Rozdział LXXI,Czasowniki,Wymaga wysiłku,Heave,Dźwigać,,
9234,4,Tom VIII,Rozdział LXXI,Czasowniki,Wymaga wysiłku,Haul,Wlec; ciągnąć coś (wolno I z trudnością),,
9235,4,Tom VIII,Rozdział LXXI,Czasowniki,Wymaga wysiłku,Chop,Rąbać,,
9236,4,Tom VIII,Rozdział LXXI,Czasowniki,Wymaga wysiłku,Jam,Upchać; stłaczać,,
9237,4,Tom VIII,Rozdział LXXI,Czasowniki,Wymaga wysiłku,Roll,Toczyć; zrolować,,
9238,4,Tom VIII,Rozdział LXXI,Czasowniki,Wymaga wysiłku,Struggle,Zmagać się; mieć trudności,,
9239,4,Tom VIII,Rozdział LXXI,Czasowniki,Wymaga wysiłku,Thrust,Wciskać; wpychać,,
9240,4,Tom VIII,Rozdział LXXI,Czasowniki,Wymaga wysiłku,Wrestle,Mocować się; zmagać się,,
9241,4,Tom VIII,Rozdział LXXI,Czasowniki,Wymaga wysiłku,Cram,Upychać,,
9242,4,Tom VIII,Rozdział LXXI,Czasowniki,Wymaga wysiłku,Drag,Wlec po ziemi; ciągnąć coś z trudem,,
9243,4,Tom VIII,Rozdział LXXI,Czasowniki,Wymaga wysiłku,Tighten,Zacieśniać (się); napinać (się),,
9244,4,Tom VIII,Rozdział LXXI,Rzeczowniki,Media,Airtime,Czas antenowy,,
9245,4,Tom VIII,Rozdział LXXI,Rzeczowniki,Media,Periodic,Czasopismo cykliczne; periodyk,,
9246,4,Tom VIII,Rozdział LXXI,Rzeczowniki,Media,Annual,Czasopismo regularne (rocznik),,
9247,4,Tom VIII,Rozdział LXXI,Rzeczowniki,Media,Technical journal,Czasopismo specjalistyczne,,
9248,4,Tom VIII,Rozdział LXXI,Rzeczowniki,Media,Drama,Dramat,,
9249,4,Tom VIII,Rozdział LXXI,Rzeczowniki,Media,Journalism,Dziennikarstwo,,
9250,4,Tom VIII,Rozdział LXXI,Rzeczowniki,Media,Broadcasting,Emisja programów,,
9251,4,Tom VIII,Rozdział LXXI,Rzeczowniki,Media,Press photographer,Fotoreporter,,
9252,4,Tom VIII,Rozdział LXXI,Rzeczowniki,Media,Hotline,Gorąca linia,,
9253,4,Tom VIII,Rozdział LXXI,Rzeczowniki,Media,Horror,Horror,,
9254,4,Tom VIII,Rozdział LXXI,Rzeczowniki,Media,Idol,Idol,,
9255,4,Tom VIII,Rozdział LXXI,Rzeczowniki,Media,Channel,Kanał tv,,
9256,4,Tom VIII,Rozdział LXXI,Rzeczowniki,Media,Casting,Casting,,
9257,4,Tom VIII,Rozdział LXXI,Rzeczowniki,Media,Comedy,Komedia,,
9258,4,Tom VIII,Rozdział LXXI,Rzeczowniki,Media,Press release,Komunikat prasowy,,
9259,4,Tom VIII,Rozdział LXXI,Rzeczowniki,Mile widziane,Enthusiasm,Entuzjazm; zapał,,
9260,4,Tom VIII,Rozdział LXXI,Rzeczowniki,Mile widziane,Goodness,Dobroć,,
9261,4,Tom VIII,Rozdział LXXI,Rzeczowniki,Mile widziane,Dignity,Godność,,
9262,4,Tom VIII,Rozdział LXXI,Rzeczowniki,Mile widziane,Dedication,Dedykacja; oddanie,,
9263,4,Tom VIII,Rozdział LXXI,Rzeczowniki,Mile widziane,Ease,Łatwość,,
9264,4,Tom VIII,Rozdział LXXI,Rzeczowniki,Mile widziane,Responsibility,Odpowiedzialność,,
9265,4,Tom VIII,Rozdział LXXI,Rzeczowniki,Mile widziane,Perfectionism,Perfekcjonizm,,
9266,4,Tom VIII,Rozdział LXXI,Rzeczowniki,Mile widziane,Prospect,Perspektywa (szansa na lepszą przyszłosć),,
9267,4,Tom VIII,Rozdział LXXI,Rzeczowniki,Mile widziane,Admiration,Podziw,,
9268,4,Tom VIII,Rozdział LXXI,Rzeczowniki,Mile widziane,Sacrifice,Poświęcenie,,
9269,4,Tom VIII,Rozdział LXXI,Rzeczowniki,Mile widziane,Belief,Przekonanie; wiara,,
9270,4,Tom VIII,Rozdział LXXI,Rzeczowniki,Mile widziane,Amusement,Rozbawienie; rozrywka,,
9271,4,Tom VIII,Rozdział LXXI,Rzeczowniki,Mile widziane,Modesty,Skromność,,
9272,4,Tom VIII,Rozdział LXXI,Rzeczowniki,Mile widziane,Sympathy,Sympatia; współczucie,,
9273,4,Tom VIII,Rozdział LXXI,Rzeczowniki,Mile widziane,Tact,Takt,,
9274,4,Tom VIII,Rozdział LXXI,Przymiotniki,Wykonane z czegoś,Tin,Blaszany,,
9275,4,Tom VIII,Rozdział LXXI,Przymiotniki,Wykonane z czegoś,Amber,Bursztynowy,,
9276,4,Tom VIII,Rozdział LXXI,Przymiotniki,Wykonane z czegoś,Earthen,Gliniany,,
9277,4,Tom VIII,Rozdział LXXI,Przymiotniki,Wykonane z czegoś,Granite,Granitowy,,
9278,4,Tom VIII,Rozdział LXXI,Przymiotniki,Wykonane z czegoś,Linen,Lniany,,
9279,4,Tom VIII,Rozdział LXXI,Przymiotniki,Wykonane z czegoś,Marbled,Marmurowy,,
9280,4,Tom VIII,Rozdział LXXI,Przymiotniki,Wykonane z czegoś,Copper,Miedziany,,
9281,4,Tom VIII,Rozdział LXXI,Przymiotniki,Wykonane z czegoś,Stainless,Nierdzewny,,
9282,4,Tom VIII,Rozdział LXXI,Przymiotniki,Wykonane z czegoś,Leaden,Ołowiany,,
9283,4,Tom VIII,Rozdział LXXI,Przymiotniki,Wykonane z czegoś,Leathern,Skórzany (w literaturze I poezji),,
9284,4,Tom VIII,Rozdział LXXI,Przymiotniki,Wykonane z czegoś,Cardboard,Tekturowy,,
9285,4,Tom VIII,Rozdział LXXI,Przymiotniki,Wykonane z czegoś,Woolen,Wełniany,,
9286,4,Tom VIII,Rozdział LXXI,Przymiotniki,Wykonane z czegoś,Textile,Włókienniczy,,
9287,4,Tom VIII,Rozdział LXXI,Przymiotniki,Wykonane z czegoś,Ivory,Wykonany z kości słoniowej,,
9288,4,Tom VIII,Rozdział LXXI,Przymiotniki,Wykonane z czegoś,Rusty,Zardzewiały,,
9289,4,Tom VIII,Rozdział LXXI,Rzeczowniki,Mentalne,Aptitude,Biegłość,,
9290,4,Tom VIII,Rozdział LXXI,Rzeczowniki,Mentalne,Dilemma,Dylemat,,
9291,4,Tom VIII,Rozdział LXXI,Rzeczowniki,Mentalne,Readiness,Gotowość,,
9292,4,Tom VIII,Rozdział LXXI,Rzeczowniki,Mentalne,Contemplation,Kontemplacja,,
9293,4,Tom VIII,Rozdział LXXI,Rzeczowniki,Mentalne,Stroke of genius,Olśnienie,,
9294,4,Tom VIII,Rozdział LXXI,Rzeczowniki,Mentalne,Penetration,Penetracja; wnikliwość,,
9295,4,Tom VIII,Rozdział LXXI,Rzeczowniki,Mentalne,Snap decision,Pochopna decyzja,,
9296,4,Tom VIII,Rozdział LXXI,Rzeczowniki,Mentalne,Acknowledgment,Przyznanie (zaakceptowanie); potwierdzenie,,
9297,4,Tom VIII,Rozdział LXXI,Rzeczowniki,Mentalne,Vocation,Powołanie,,
9298,4,Tom VIII,Rozdział LXXI,Rzeczowniki,Mentalne,Gut feeling,Przeczucie,,
9299,4,Tom VIII,Rozdział LXXI,Rzeczowniki,Mentalne,Dither,Rozterka,,
9300,4,Tom VIII,Rozdział LXXI,Rzeczowniki,Mentalne,Skepticism,Sceptycyzm,,
9301,4,Tom VIII,Rozdział LXXI,Rzeczowniki,Mentalne,Mentality,Mentalność,,
9302,4,Tom VIII,Rozdział LXXI,Rzeczowniki,Mentalne,Temper,Usposobienie; charakter,,
9303,4,Tom VIII,Rozdział LXXI,Rzeczowniki,Mentalne,Consideration,Zastanowienie,,
9304,4,Tom VIII,Rozdział LXXI,Czasowniki,Życie,Recover,"Zdrowieć; powrócić do dawnej postawy (podnieść się, oprzytomnieć)",,
9305,4,Tom VIII,Rozdział LXXI,Czasowniki,Życie,Irritate,Drażnić,,
9306,4,Tom VIII,Rozdział LXXI,Czasowniki,Życie,Cure,Leczyć,,
9307,4,Tom VIII,Rozdział LXXI,Czasowniki,Życie,Treat,Prowadzić leczenie,,
9308,4,Tom VIII,Rozdział LXXI,Czasowniki,Życie,Heal,Uzdrowić; goić się,,
9309,4,Tom VIII,Rozdział LXXI,Czasowniki,Życie,Age,Starzeć się; dojrzewać (wino I inne produkty),,
9310,4,Tom VIII,Rozdział LXXI,Czasowniki,Życie,Conceive,Począć dziecko,,
9311,4,Tom VIII,Rozdział LXXI,Czasowniki,Życie,Ease,Łagodzić; ulżyć,,
9312,4,Tom VIII,Rozdział LXXI,Czasowniki,Życie,Relieve,Przynieść ulgę,,
9313,4,Tom VIII,Rozdział LXXI,Czasowniki,Życie,Soothe,Uśmierzać (ból),,
9314,4,Tom VIII,Rozdział LXXI,Czasowniki,Życie,Undergo,Przejść (zabieg); poddać się (operacji),,
9315,4,Tom VIII,Rozdział LXXI,Czasowniki,Życie,Originate,Pochodzić (z jakiegoś wieku); zapoczątkować,,
9316,4,Tom VIII,Rozdział LXXI,Czasowniki,Życie,Beget,Spłodzić,,
9317,4,Tom VIII,Rozdział LXXI,Czasowniki,Życie,Cicatrize,Zabliźniać się,,
9318,4,Tom VIII,Rozdział LXXI,Czasowniki,Życie,Age,Starzeć się; dojrzewać (wino I inne produkty),,
9319,4,Tom VIII,Rozdział LXXI,Rzeczowniki,Warzywa I owoce,Artichoke,Karczoch,,
9320,4,Tom VIII,Rozdział LXXI,Rzeczowniki,Warzywa I owoce,Parsnip,Pasternak,,
9321,4,Tom VIII,Rozdział LXXI,Rzeczowniki,Warzywa I owoce,Quince,Pigwa,,
9322,4,Tom VIII,Rozdział LXXI,Rzeczowniki,Warzywa I owoce,Dragon fruit,Smoczy owoc (pitahaja),,
9323,4,Tom VIII,Rozdział LXXI,Rzeczowniki,Warzywa I owoce,Wild strawberry,Poziomka,,
9324,4,Tom VIII,Rozdział LXXI,Rzeczowniki,Warzywa I owoce,Rhubarb,Rabarbar,,
9325,4,Tom VIII,Rozdział LXXI,Rzeczowniki,Warzywa I owoce,Turnip,Rzepa,,
9326,4,Tom VIII,Rozdział LXXI,Rzeczowniki,Warzywa I owoce,Cress,Rzeżucha,,
9327,4,Tom VIII,Rozdział LXXI,Rzeczowniki,Warzywa I owoce,Lentil,Soczewica,,
9328,4,Tom VIII,Rozdział LXXI,Rzeczowniki,Warzywa I owoce,Prune,Suszona śliwka,,
9329,4,Tom VIII,Rozdział LXXI,Rzeczowniki,Warzywa I owoce,Kale,Jarmuż,,
9330,4,Tom VIII,Rozdział LXXI,Rzeczowniki,Warzywa I owoce,Passion fruit,Marakuja,,
9331,4,Tom VIII,Rozdział LXXI,Rzeczowniki,Warzywa I owoce,Apricot,Morela,,
9332,4,Tom VIII,Rozdział LXXI,Rzeczowniki,Warzywa I owoce,Lettuce,Sałata,,
9333,4,Tom VIII,Rozdział LXXI,Rzeczowniki,Warzywa I owoce,Cucumber,Ogórek,,
9334,4,Tom VIII,Rozdział LXXI,Slang,Slang 31,Laid back and chilling,Na maksa zrelaksowany,,
9335,4,Tom VIII,Rozdział LXXI,Slang,Slang 31,Buff,Miłośnik czegoś (zwłaszcza w muzyce); fan; znawca,,
9336,4,Tom VIII,Rozdział LXXI,Slang,Slang 31,Boombox,Przenośna wieża grająca,,
9337,4,Tom VIII,Rozdział LXXI,Slang,Slang 31,Craps,Kości (gra),,
9338,4,Tom VIII,Rozdział LXXI,Slang,Slang 31,Evergreen,"Stary kawałek, ale wciąż lubiany (stare, ale jare)",,
9339,4,Tom VIII,Rozdział LXXI,Slang,Slang 31,Fourth wall,Czwarta ściana (w filmie I sztuce),,
9340,4,Tom VIII,Rozdział LXXI,Slang,Slang 31,Tube,Tiwik; telewizor,,
9341,4,Tom VIII,Rozdział LXXI,Slang,Slang 31,Mosh,Tańczyć pogo,,
9342,4,Tom VIII,Rozdział LXXI,Slang,Slang 31,Mosh pit,Młyn (pod barierkami na koncercie),,
9343,4,Tom VIII,Rozdział LXXI,Slang,Slang 31,Rough'n'tumble,Igraszki,,
9344,4,Tom VIII,Rozdział LXXI,Slang,Gangsterka,Bail,Zwiać,,
9345,4,Tom VIII,Rozdział LXXI,Slang,Gangsterka,Crook,Oszust (kanciarz); zbir; oprych,,
9346,4,Tom VIII,Rozdział LXXI,Slang,Gangsterka,Goodfella,Mafiozo (usa); chłopak z ferajny,,
9347,4,Tom VIII,Rozdział LXXI,Slang,Gangsterka,Goon,Pomagier; zbir,,
9348,4,Tom VIII,Rozdział LXXI,Slang,Gangsterka,Hoodlum,Zbir,,
9349,4,Tom VIII,Rozdział LXXI,Slang,Gangsterka,Hustler,Kanciarz; cwaniaczek,,
9350,4,Tom VIII,Rozdział LXXI,Slang,Gangsterka,Merc,Najemnik,,
9351,4,Tom VIII,Rozdział LXXI,Slang,Gangsterka,Mugger,Rabuś,,
9352,4,Tom VIII,Rozdział LXXI,Slang,Gangsterka,Stan,Maniakalny fan,,
9353,4,Tom VIII,Rozdział LXXI,Slang,Gangsterka,Thug,Oprych,,
9354,4,Tom VIII,Rozdział LXXI,Phrasale,Praca,Do sth over,Powtórzyć; zrobić coś ponownie,,
9355,4,Tom VIII,Rozdział LXXI,Phrasale,Praca,Get down to sth,Wziąć się za coś,,
9356,4,Tom VIII,Rozdział LXXI,Phrasale,Praca,Slack off,Obijać się,,
9357,4,Tom VIII,Rozdział LXXI,Phrasale,Praca,Keep sth up,Dalej coś robić; kontynuować,,
9358,4,Tom VIII,Rozdział LXXI,Phrasale,Praca,Set out,Przystępować; zabierać się do czegoś,,
9359,4,Tom VIII,Rozdział LXXI,Phrasale,Praca,Clean sth up,Oczyszczać coś ,,
9360,4,Tom VIII,Rozdział LXXI,Phrasale,Praca,Wait on,Obsługiwać,,
9361,4,Tom VIII,Rozdział LXXI,Phrasale,Praca,Abide by,Przestrzegać,,
9362,4,Tom VIII,Rozdział LXXI,Phrasale,Praca,Adhere to sth,Trzymać się czegoś; stosować się do czegoś,,
9363,4,Tom VIII,Rozdział LXXI,Phrasale,Praca,Be in,Być na miejscu (np. W pracy),,
9364,4,Tom VIII,Rozdział LXXII,Przymiotniki,Substancje,Liquid,Ciekły (stan skupienia),,
9365,4,Tom VIII,Rozdział LXXII,Przymiotniki,Substancje,Explosive,Wybuchowy,,
9366,4,Tom VIII,Rozdział LXXII,Przymiotniki,Substancje,Contaminated,Skażony,,
9367,4,Tom VIII,Rozdział LXXII,Przymiotniki,Substancje,Impure,Zanieczyszczony,,
9368,4,Tom VIII,Rozdział LXXII,Przymiotniki,Substancje,Acid,Kwasowy; kwaśny (np. Deszcz),,
9369,4,Tom VIII,Rozdział LXXII,Przymiotniki,Substancje,Mixed,Mieszany,,
9370,4,Tom VIII,Rozdział LXXII,Przymiotniki,Substancje,Flammable,Łatwopalny,,
9371,4,Tom VIII,Rozdział LXXII,Przymiotniki,Substancje,Combustible,Palny,,
9372,4,Tom VIII,Rozdział LXXII,Przymiotniki,Substancje,Volatile,Niestabilny; niestały,,
9373,4,Tom VIII,Rozdział LXXII,Przymiotniki,Substancje,Compound,Złożony (substancja złożona z wielu części),,
9374,4,Tom VIII,Rozdział LXXII,Przymiotniki,Substancje,Contaminative,Zanieczyszczający; powodujący skażenie,,
9375,4,Tom VIII,Rozdział LXXII,Przymiotniki,Substancje,Soluble,Rozpuszczalny,,
9376,4,Tom VIII,Rozdział LXXII,Przymiotniki,Substancje,Alkaline,Zasadowy,,
9377,4,Tom VIII,Rozdział LXXII,Przymiotniki,Substancje,Oozy,Mulisty,,
9378,4,Tom VIII,Rozdział LXXII,Przymiotniki,Substancje,Acid,Kwasowy; kwaśny (np. Deszcz),,
9379,4,Tom VIII,Rozdział LXXII,Slang,It,Abandonware,"Programy, które nie są już chronione licencją",,
9380,4,Tom VIII,Rozdział LXXII,Slang,It,Ad,Reklama wyskakująca w apkach,,
9381,4,Tom VIII,Rozdział LXXII,Slang,It,Appz,Piraty (nielegalnie ściągnięte z netu),,
9382,4,Tom VIII,Rozdział LXXII,Slang,It,Black hat,"Haker, który łamie standardy etyczne w niecnych celach",,
9383,4,Tom VIII,Rozdział LXXII,Slang,It,Buggy,Program pełen błędów,,
9384,4,Tom VIII,Rozdział LXXII,Slang,It,Flame war,Zadyma w necie,,
9385,4,Tom VIII,Rozdział LXXII,Slang,It,Glitch,Błąd w systemie,,
9386,4,Tom VIII,Rozdział LXXII,Slang,It,Go-code,Rozkaz do rozpoczęcia akcji,,
9387,4,Tom VIII,Rozdział LXXII,Slang,It,Plug,Płatna reklama w mediach społecznościowych,,
9388,4,Tom VIII,Rozdział LXXII,Slang,It,White hat,Haker działający w dobrym interesie,,
9389,4,Tom VIII,Rozdział LXXII,Rzeczowniki,Majsterkowanie,Pincers,Obcęgi,,
9390,4,Tom VIII,Rozdział LXXII,Rzeczowniki,Majsterkowanie,Tiles,Płytki; kafelki,,
9391,4,Tom VIII,Rozdział LXXII,Rzeczowniki,Majsterkowanie,Spirit level,Poziomica,,
9392,4,Tom VIII,Rozdział LXXII,Rzeczowniki,Majsterkowanie,Pliers,Szczypce,,
9393,4,Tom VIII,Rozdział LXXII,Rzeczowniki,Majsterkowanie,Brush,Pędzel,,
9394,4,Tom VIII,Rozdział LXXII,Rzeczowniki,Majsterkowanie,Overhaul,Remont kapitalny,,
9395,4,Tom VIII,Rozdział LXXII,Rzeczowniki,Majsterkowanie,Box cutter,Nożyk tapicerski,,
9396,4,Tom VIII,Rozdział LXXII,Rzeczowniki,Majsterkowanie,Chisel,Dłuto,,
9397,4,Tom VIII,Rozdział LXXII,Rzeczowniki,Majsterkowanie,Sandpaper,Papier ścierny,,
9398,4,Tom VIII,Rozdział LXXII,Rzeczowniki,Majsterkowanie,Extension,Przedłużenie,,
9399,4,Tom VIII,Rozdział LXXII,Rzeczowniki,Majsterkowanie,Shortening,Skrócenie,,
9400,4,Tom VIII,Rozdział LXXII,Rzeczowniki,Majsterkowanie,Paint roller,Wałek malarski,,
9401,4,Tom VIII,Rozdział LXXII,Rzeczowniki,Majsterkowanie,Tape measure,Miarka,,
9402,4,Tom VIII,Rozdział LXXII,Rzeczowniki,Majsterkowanie,Allen key,Klucz imbusowy,,
9403,4,Tom VIII,Rozdział LXXII,Rzeczowniki,Majsterkowanie,Tongue-and-groove pliers,Żabka (klucz nastawny),,
9404,4,Tom VIII,Rozdział LXXII,Czasowniki,Widzenie,Peep,Podglądać,,
9405,4,Tom VIII,Rozdział LXXII,Czasowniki,Widzenie,Reveal,Ujawniać; odsłaniać,,
9406,4,Tom VIII,Rozdział LXXII,Czasowniki,Widzenie,Vanish,"Znikać (stać się niewidzialnym, zniknąć niezauważonym)",,
9407,4,Tom VIII,Rozdział LXXII,Czasowniki,Widzenie,View,Postrzegać jako; oglądać; przyglądać się,,
9408,4,Tom VIII,Rozdział LXXII,Czasowniki,Widzenie,Blur,Rozmazać; zamazać,,
9409,4,Tom VIII,Rozdział LXXII,Czasowniki,Widzenie,Oversee,Doglądać; nadzorować,,
9410,4,Tom VIII,Rozdział LXXII,Czasowniki,Widzenie,Peer,Przyglądać się; wytężać wzrok,,
9411,4,Tom VIII,Rozdział LXXII,Czasowniki,Widzenie,Spot,Dostrzegać; zauważać,,
9412,4,Tom VIII,Rozdział LXXII,Czasowniki,Widzenie,Squint,Mrużyć; zezować,,
9413,4,Tom VIII,Rozdział LXXII,Czasowniki,Widzenie,Eye,Mierzyć wzrokiem,,
9414,4,Tom VIII,Rozdział LXXII,Czasowniki,Widzenie,Glare,Rzucać ostre spojrzenie; razić,,
9415,4,Tom VIII,Rozdział LXXII,Czasowniki,Widzenie,Peek,Zerknąć; wyjrzeć,,
9416,4,Tom VIII,Rozdział LXXII,Czasowniki,Widzenie,Goggle,Wybałuszyć oczy,,
9417,4,Tom VIII,Rozdział LXXII,Czasowniki,Widzenie,Gaze,Wpatrywać się,,
9418,4,Tom VIII,Rozdział LXXII,Czasowniki,Widzenie,Ogle,Pożerać wzrokiem,,
9419,4,Tom VIII,Rozdział LXXII,Rzeczowniki,Książki I pisownia,Poem,Wiersz,,
9420,4,Tom VIII,Rozdział LXXII,Rzeczowniki,Książki I pisownia,Autobiography,Autobiografia,,
9421,4,Tom VIII,Rozdział LXXII,Rzeczowniki,Książki I pisownia,Bibliography,Bibliografia,,
9422,4,Tom VIII,Rozdział LXXII,Rzeczowniki,Książki I pisownia,Plot,Fabuła,,
9423,4,Tom VIII,Rozdział LXXII,Rzeczowniki,Książki I pisownia,Literature,Literatura,,
9424,4,Tom VIII,Rozdział LXXII,Rzeczowniki,Książki I pisownia,Villain,Czarny charakter,,
9425,4,Tom VIII,Rozdział LXXII,Rzeczowniki,Książki I pisownia,Dictation,Dyktando,,
9426,4,Tom VIII,Rozdział LXXII,Rzeczowniki,Książki I pisownia,Appendix,Aneks; załącznik,,
9427,4,Tom VIII,Rozdział LXXII,Rzeczowniki,Książki I pisownia,Wordplay,Gra słów,,
9428,4,Tom VIII,Rozdział LXXII,Rzeczowniki,Książki I pisownia,Reference,Odniesienie,,
9429,4,Tom VIII,Rozdział LXXII,Rzeczowniki,Książki I pisownia,Association,Skojarzenie; związek,,
9430,4,Tom VIII,Rozdział LXXII,Rzeczowniki,Książki I pisownia,Footnote,Przypis,,
9431,4,Tom VIII,Rozdział LXXII,Rzeczowniki,Książki I pisownia,Verse,Wers,,
9432,4,Tom VIII,Rozdział LXXII,Rzeczowniki,Książki I pisownia,Strophe,Strofa; zwrotka,,
9433,4,Tom VIII,Rozdział LXXII,Rzeczowniki,Książki I pisownia,Apostrophe,Apostrof,,
9434,4,Tom VIII,Rozdział LXXII,Rzeczowniki,Geografia,Glacier,Lodowiec,,
9435,4,Tom VIII,Rozdział LXXII,Rzeczowniki,Geografia,Estuary,Ujście,,
9436,4,Tom VIII,Rozdział LXXII,Rzeczowniki,Geografia,Heath,Wrzosowisko,,
9437,4,Tom VIII,Rozdział LXXII,Rzeczowniki,Geografia,Dune,Wydma,,
9438,4,Tom VIII,Rozdział LXXII,Rzeczowniki,Geografia,Topography,Topografia,,
9439,4,Tom VIII,Rozdział LXXII,Rzeczowniki,Geografia,The equator,Równik,,
9440,4,Tom VIII,Rozdział LXXII,Rzeczowniki,Geografia,Hemisphere,Półkula,,
9441,4,Tom VIII,Rozdział LXXII,Rzeczowniki,Geografia,Parallel,Równoleżnik,,
9442,4,Tom VIII,Rozdział LXXII,Rzeczowniki,Geografia,Slope,Zbocze,,
9443,4,Tom VIII,Rozdział LXXII,Rzeczowniki,Geografia,Seaside,Wybrzeże (tylko nad morzem),,
9444,4,Tom VIII,Rozdział LXXII,Rzeczowniki,Geografia,Glade,Polana,,
9445,4,Tom VIII,Rozdział LXXII,Rzeczowniki,Geografia,Heath,Wrzosowisko,,
9446,4,Tom VIII,Rozdział LXXII,Rzeczowniki,Geografia,Canyon,Kanion,,
9447,4,Tom VIII,Rozdział LXXII,Rzeczowniki,Geografia,Canal,Kanał,,
9448,4,Tom VIII,Rozdział LXXII,Rzeczowniki,Geografia,South,Południe (kierunek),,
9449,4,Tom VIII,Rozdział LXXII,Przymiotniki,Mile widziane,Beloved,Ukochany,,
9450,4,Tom VIII,Rozdział LXXII,Przymiotniki,Mile widziane,Grateful,Wdzięczny (że coś dobrego się wydarzyło),,
9451,4,Tom VIII,Rozdział LXXII,Przymiotniki,Mile widziane,Secure,Zabezpieczony; bezpieczny,,
9452,4,Tom VIII,Rozdział LXXII,Przymiotniki,Mile widziane,Talented,Utalentowany,,
9453,4,Tom VIII,Rozdział LXXII,Przymiotniki,Mile widziane,Trusted,Zaufany,,
9454,4,Tom VIII,Rozdział LXXII,Przymiotniki,Mile widziane,Accurate,Trafny; celny,,
9455,4,Tom VIII,Rozdział LXXII,Przymiotniki,Mile widziane,Able,Sprawny (o kimś); zdolny,,
9456,4,Tom VIII,Rozdział LXXII,Przymiotniki,Mile widziane,Welcoming,Powitalny; gościnny,,
9457,4,Tom VIII,Rozdział LXXII,Przymiotniki,Mile widziane,Gifted,Uzdolniony; utalentowany,,
9458,4,Tom VIII,Rozdział LXXII,Przymiotniki,Mile widziane,Amusing,Zabawny (wprawiający w rozbawienie),,
9459,4,Tom VIII,Rozdział LXXII,Przymiotniki,Mile widziane,Hilarious,Przezabawny,,
9460,4,Tom VIII,Rozdział LXXII,Przymiotniki,Mile widziane,Joyful,Pełen radości,,
9461,4,Tom VIII,Rozdział LXXII,Przymiotniki,Mile widziane,Trustworthy,Godny zaufania,,
9462,4,Tom VIII,Rozdział LXXII,Przymiotniki,Mile widziane,Beneficial,Korzystny,,
9463,4,Tom VIII,Rozdział LXXII,Przymiotniki,Mile widziane,Cautious,Ostrożny,,
9464,4,Tom VIII,Rozdział LXXII,Slang,Slang 32,Receipts,Dowody,,
9465,4,Tom VIII,Rozdział LXXII,Slang,Slang 32,Skrt,"Stój, prrr",,
9466,4,Tom VIII,Rozdział LXXII,Slang,Slang 32,Bogart,Skitrać coś dla siebie,,
9467,4,Tom VIII,Rozdział LXXII,Slang,Slang 32,Code 9,Rodzice w pobliżu,,
9468,4,Tom VIII,Rozdział LXXII,Slang,Slang 32,Fo' rizzle,Na serio,,
9469,4,Tom VIII,Rozdział LXXII,Slang,Slang 32,Here is the tea,Nadchodzą plotki,,
9470,4,Tom VIII,Rozdział LXXII,Slang,Slang 32,High key,Niezaprzeczalna prawda,,
9471,4,Tom VIII,Rozdział LXXII,Slang,Slang 32,Plead the fifth,Odmówić składania zeznań,,
9472,4,Tom VIII,Rozdział LXXII,Slang,Slang 32,Knuckle up,Zapnij pasy; przygotuj się,,
9473,4,Tom VIII,Rozdział LXXII,Slang,Slang 32,Let's blow this popsicle stand,Spadajmy stąd,,
9474,4,Tom VIII,Rozdział LXXII,Przymiotniki,Unikać,Fruitless,Bezowocny (nieudany),,
9475,4,Tom VIII,Rozdział LXXII,Przymiotniki,Unikać,Narrow-minded,Ograniczony umysłowo,,
9476,4,Tom VIII,Rozdział LXXII,Przymiotniki,Unikać,Dizzy,Cierpiący na zawroty głowy,,
9477,4,Tom VIII,Rozdział LXXII,Przymiotniki,Unikać,Exasperating,Nieznośny,,
9478,4,Tom VIII,Rozdział LXXII,Przymiotniki,Unikać,Dreadful,Fatalny; okropny; straszny,,
9479,4,Tom VIII,Rozdział LXXII,Przymiotniki,Unikać,Shameful,Niegodziwy (czyn),,
9480,4,Tom VIII,Rozdział LXXII,Przymiotniki,Unikać,Impetuous,Krewki; nieokrzesany; porywczy,,
9481,4,Tom VIII,Rozdział LXXII,Przymiotniki,Unikać,Short-sighted,Krótkowzroczny,,
9482,4,Tom VIII,Rozdział LXXII,Przymiotniki,Unikać,Heartbreaking,Łamiący serce,,
9483,4,Tom VIII,Rozdział LXXII,Przymiotniki,Unikać,Gullible,Łatwowierny,,
9484,4,Tom VIII,Rozdział LXXII,Przymiotniki,Unikać,Gruesome,Makabryczny; okropny,,
9485,4,Tom VIII,Rozdział LXXII,Przymiotniki,Unikać,Petty,Małostkowy; drobiazgowy,,
9486,4,Tom VIII,Rozdział LXXII,Przymiotniki,Unikać,Feeble,Marny; słaby; nikły,,
9487,4,Tom VIII,Rozdział LXXII,Przymiotniki,Unikać,Vengeful,Mściwy,,
9488,4,Tom VIII,Rozdział LXXII,Przymiotniki,Unikać,Negligent,Niedbały; pomijający szczegóły,,
9489,4,Tom VIII,Rozdział LXXII,Czasowniki,Woda wszędzie,Rinse,Przemywać; spłukiwać,,
9490,4,Tom VIII,Rozdział LXXII,Czasowniki,Woda wszędzie,Spurt,Wytryskać,,
9491,4,Tom VIII,Rozdział LXXII,Czasowniki,Woda wszędzie,Squirt,Tryskać; spryskać,,
9492,4,Tom VIII,Rozdział LXXII,Czasowniki,Woda wszędzie,Submerge,Zanurzyć się,,
9493,4,Tom VIII,Rozdział LXXII,Czasowniki,Woda wszędzie,Drain,Odsączać,,
9494,4,Tom VIII,Rozdział LXXII,Czasowniki,Woda wszędzie,Drench,Namoczyć,,
9495,4,Tom VIII,Rozdział LXXII,Czasowniki,Woda wszędzie,Drip,Kapać,,
9496,4,Tom VIII,Rozdział LXXII,Czasowniki,Woda wszędzie,Float,Unosić się na wodzie,,
9497,4,Tom VIII,Rozdział LXXII,Czasowniki,Woda wszędzie,Inflate,Wypełniać (się) powietrzem lub gazem; napompowywać,,
9498,4,Tom VIII,Rozdział LXXII,Czasowniki,Woda wszędzie,Moisten,Nawilżać,,
9499,4,Tom VIII,Rozdział LXXII,Czasowniki,Woda wszędzie,Shower,Brać prysznic,,
9500,4,Tom VIII,Rozdział LXXII,Czasowniki,Woda wszędzie,Shower,Padać przelotnie,,
9501,4,Tom VIII,Rozdział LXXII,Czasowniki,Woda wszędzie,Soak,Przemoczyć; namoczyć,,
9502,4,Tom VIII,Rozdział LXXII,Czasowniki,Woda wszędzie,Plunge,Wpaść do wody; zanurzyć się,,
9503,4,Tom VIII,Rozdział LXXII,Czasowniki,Woda wszędzie,Seep,Przeciekać; wyciekać,,
9504,4,Tom VIII,Rozdział LXXIII,Rzeczowniki,Gdy musisz coś zmierzyć,Ell,Łokieć (miara),,
9505,4,Tom VIII,Rozdział LXXIII,Rzeczowniki,Gdy musisz coś zmierzyć,Nautical mile,Mila morska,,
9506,4,Tom VIII,Rozdział LXXIII,Rzeczowniki,Gdy musisz coś zmierzyć,Minute of arc,Minuta kątowa,,
9507,4,Tom VIII,Rozdział LXXIII,Rzeczowniki,Gdy musisz coś zmierzyć,Mole,Mol,,
9508,4,Tom VIII,Rozdział LXXIII,Rzeczowniki,Gdy musisz coś zmierzyć,Newton,Niuton,,
9509,4,Tom VIII,Rozdział LXXIII,Rzeczowniki,Gdy musisz coś zmierzyć,Ohm,Om,,
9510,4,Tom VIII,Rozdział LXXIII,Rzeczowniki,Gdy musisz coś zmierzyć,Pascal,Paskal,,
9511,4,Tom VIII,Rozdział LXXIII,Rzeczowniki,Gdy musisz coś zmierzyć,Capacity,Pojemność,,
9512,4,Tom VIII,Rozdział LXXIII,Rzeczowniki,Gdy musisz coś zmierzyć,Fathom,Sążeń,,
9513,4,Tom VIII,Rozdział LXXIII,Rzeczowniki,Gdy musisz coś zmierzyć,Foot,Stopa (miara),,
9514,4,Tom VIII,Rozdział LXXIII,Rzeczowniki,Gdy musisz coś zmierzyć,Watt,Wat,,
9515,4,Tom VIII,Rozdział LXXIII,Rzeczowniki,Gdy musisz coś zmierzyć,Knot,Węzeł,,
9516,4,Tom VIII,Rozdział LXXIII,Rzeczowniki,Gdy musisz coś zmierzyć,Volt,Wolt,,
9517,4,Tom VIII,Rozdział LXXIII,Rzeczowniki,Gdy musisz coś zmierzyć,Span,Piędź,,
9518,4,Tom VIII,Rozdział LXXIII,Rzeczowniki,Gdy musisz coś zmierzyć,Light-years,Lata świetlne,,
9519,4,Tom VIII,Rozdział LXXIII,Rzeczowniki,Unikać,Disgrace,Hańba,,
9520,4,Tom VIII,Rozdział LXXIII,Rzeczowniki,Unikać,Isolation,Izolacja,,
9521,4,Tom VIII,Rozdział LXXIII,Rzeczowniki,Unikać,Foolishness,"Nierozumność; lekkomyślność, głupota",,
9522,4,Tom VIII,Rozdział LXXIII,Rzeczowniki,Unikać,Bone idle,Leń patentowany,,
9523,4,Tom VIII,Rozdział LXXIII,Rzeczowniki,Unikać,Dread,Lęk,,
9524,4,Tom VIII,Rozdział LXXIII,Rzeczowniki,Unikać,Gullibility,Łatwowierność,,
9525,4,Tom VIII,Rozdział LXXIII,Rzeczowniki,Unikać,Naivety,Naiwność,,
9526,4,Tom VIII,Rozdział LXXIII,Rzeczowniki,Unikać,Grousing,Narzekanie,,
9527,4,Tom VIII,Rozdział LXXIII,Rzeczowniki,Unikać,Shyness,Nieśmiałość,,
9528,4,Tom VIII,Rozdział LXXIII,Rzeczowniki,Unikać,Inconvenience,Niewygoda,,
9529,4,Tom VIII,Rozdział LXXIII,Rzeczowniki,Unikać,Indifference,Obojętność,,
9530,4,Tom VIII,Rozdział LXXIII,Rzeczowniki,Unikać,Shabbiness,Podłość; nikczemność,,
9531,4,Tom VIII,Rozdział LXXIII,Rzeczowniki,Unikać,Contempt,Pogarda,,
9532,4,Tom VIII,Rozdział LXXIII,Rzeczowniki,Unikać,Idleness,Próżniactwo,,
9533,4,Tom VIII,Rozdział LXXIII,Rzeczowniki,Unikać,Vanity,Próżność,,
9534,4,Tom VIII,Rozdział LXXIII,Przysłówki,Nagle,Right away,Zaraz; niezwłocznie,,
9535,4,Tom VIII,Rozdział LXXIII,Przysłówki,Nagle,Straight away,Natychmiast; od razu,,
9536,4,Tom VIII,Rozdział LXXIII,Przysłówki,Nagle,Suddenly,Nagle,,
9537,4,Tom VIII,Rozdział LXXIII,Przysłówki,Nagle,All of a sudden,Nagle; niespodziewanie,,
9538,4,Tom VIII,Rozdział LXXIII,Przysłówki,Nagle,Immediately,Natychmiast,,
9539,4,Tom VIII,Rozdział LXXIII,Przysłówki,Nagle,In a flash,W sekundę; błyskawicznie,,
9540,4,Tom VIII,Rozdział LXXIII,Przysłówki,Nagle,Forthwith,Bezzwłocznie,,
9541,4,Tom VIII,Rozdział LXXIII,Przysłówki,Nagle,Surprisingly,Niespodziewanie,,
9542,4,Tom VIII,Rozdział LXXIII,Przysłówki,Nagle,Unexpectedly,Nieoczekiwanie,,
9543,4,Tom VIII,Rozdział LXXIII,Przysłówki,Nagle,Abruptly,Gwałtownie,,
9544,4,Tom VIII,Rozdział LXXIII,Przysłówki,Nagle,Promptly,Niezwłocznie,,
9545,4,Tom VIII,Rozdział LXXIII,Przysłówki,Nagle,Spontaneously,Spontanicznie,,
9546,4,Tom VIII,Rozdział LXXIII,Przysłówki,Nagle,Instantaneously,Natychmiastowo,,
9547,4,Tom VIII,Rozdział LXXIII,Przysłówki,Nagle,At once,Od razu,,
9548,4,Tom VIII,Rozdział LXXIII,Przysłówki,Nagle,Overnight,Z dnia na dzień,,
9549,4,Tom VIII,Rozdział LXXIII,Przymiotniki,Przymiotniki 33,Flamboyant,Krzykliwy (ubiór); ekstrawagancki,,
9550,4,Tom VIII,Rozdział LXXIII,Przymiotniki,Przymiotniki 33,Masculine,Męski,,
9551,4,Tom VIII,Rozdział LXXIII,Przymiotniki,Przymiotniki 33,Flashy,Na pokaz; szpanerski,,
9552,4,Tom VIII,Rozdział LXXIII,Przymiotniki,Przymiotniki 33,Scruffy,Niechlujny,,
9553,4,Tom VIII,Rozdział LXXIII,Przymiotniki,Przymiotniki 33,Passe,Niemodny,,
9554,4,Tom VIII,Rozdział LXXIII,Przymiotniki,Przymiotniki 33,Baggy,Workowaty (o ubraniu),,
9555,4,Tom VIII,Rozdział LXXIII,Przymiotniki,Przymiotniki 33,Dingy,Poplamiony,,
9556,4,Tom VIII,Rozdział LXXIII,Przymiotniki,Przymiotniki 33,Graceless,Pozbawiony wdzięku; niezdarny,,
9557,4,Tom VIII,Rozdział LXXIII,Przymiotniki,Przymiotniki 33,Snappy,Szykowny; modny,,
9558,4,Tom VIII,Rozdział LXXIII,Przymiotniki,Przymiotniki 33,Ravishing,Porażająco piękny; zjawiskowy,,
9559,4,Tom VIII,Rozdział LXXIII,Przymiotniki,Przymiotniki 33,Worn-out,Znoszony,,
9560,4,Tom VIII,Rozdział LXXIII,Przymiotniki,Przymiotniki 33,Worn,Zużyty; znoszony,,
9561,4,Tom VIII,Rozdział LXXIII,Przymiotniki,Przymiotniki 33,Stiff,Zesztywniały; sztywny,,
9562,4,Tom VIII,Rozdział LXXIII,Przymiotniki,Przymiotniki 33,Garish,Krzykliwy,,
9563,4,Tom VIII,Rozdział LXXIII,Przymiotniki,Przymiotniki 24,Outdated,Przestarzały,,
9564,4,Tom VIII,Rozdział LXXIII,Czasowniki,Przemysł,Secure,"Zabezpieczać (np. Przyszłość, miejsce)",,
9565,4,Tom VIII,Rozdział LXXIII,Czasowniki,Przemysł,Operate,Obsługiwać (np. Sprzęt),,
9566,4,Tom VIII,Rozdział LXXIII,Czasowniki,Przemysł,Gain,Nabierać; przybierać,,
9567,4,Tom VIII,Rozdział LXXIII,Czasowniki,Przemysł,Drain,"Wyczerpywać (energię, siłę)",,
9568,4,Tom VIII,Rozdział LXXIII,Czasowniki,Przemysł,Manufacture,Fabrykować; produkować,,
9569,4,Tom VIII,Rozdział LXXIII,Czasowniki,Przemysł,Mine,Wydobywać surowce; kopać,,
9570,4,Tom VIII,Rozdział LXXIII,Czasowniki,Przemysł,Pollute,"Zanieczyścić (środowisko, powietrze)",,
9571,4,Tom VIII,Rozdział LXXIII,Czasowniki,Przemysł,Puff,Wypuszczać dym,,
9572,4,Tom VIII,Rozdział LXXIII,Czasowniki,Przemysł,Recycle,Recyklingować,,
9573,4,Tom VIII,Rozdział LXXIII,Czasowniki,Przemysł,Utilize,Użytkować; eksploatować,,
9574,4,Tom VIII,Rozdział LXXIII,Czasowniki,Przemysł,Contaminate,Skazić; zanieczyścić (o płynie),,
9575,4,Tom VIII,Rozdział LXXIII,Czasowniki,Przemysł,Extract,Wydobywać,,
9576,4,Tom VIII,Rozdział LXXIII,Czasowniki,Przemysł,Mechanize,Zmechanizować,,
9577,4,Tom VIII,Rozdział LXXIII,Czasowniki,Przemysł,Automate,Zautomatyzować,,
9578,4,Tom VIII,Rozdział LXXIII,Czasowniki,Przemysł,Industrialize,Uprzemysłowić,,
9579,4,Tom VIII,Rozdział LXXIII,Rzeczowniki,Dolegliwości,Inflammation,Zapalenie,,
9580,4,Tom VIII,Rozdział LXXIII,Rzeczowniki,Dolegliwości,First-aid kit,Apteczka,,
9581,4,Tom VIII,Rozdział LXXIII,Rzeczowniki,Dolegliwości,Heart attack,Atak serca,,
9582,4,Tom VIII,Rozdział LXXIII,Rzeczowniki,Dolegliwości,Blister,Pęcherz; odcisk,,
9583,4,Tom VIII,Rozdział LXXIII,Rzeczowniki,Dolegliwości,Insomnia,Bezsenność,,
9584,4,Tom VIII,Rozdział LXXIII,Rzeczowniki,Dolegliwości,Side effect,Efekt uboczny,,
9585,4,Tom VIII,Rozdział LXXIII,Rzeczowniki,Dolegliwości,Syndrome,Syndrom,,
9586,4,Tom VIII,Rozdział LXXIII,Rzeczowniki,Dolegliwości,Food poisoning,Zatrucie pokarmowe,,
9587,4,Tom VIII,Rozdział LXXIII,Rzeczowniki,Dolegliwości,Travel sickness,Choroba lokomocyjna,,
9588,4,Tom VIII,Rozdział LXXIII,Rzeczowniki,Dolegliwości,Gauze,Gaza,,
9589,4,Tom VIII,Rozdział LXXIII,Rzeczowniki,Dolegliwości,Tuberculosis,Gruźlica,,
9590,4,Tom VIII,Rozdział LXXIII,Rzeczowniki,Dolegliwości,Hospitalization,Hospitalizacja,,
9591,4,Tom VIII,Rozdział LXXIII,Rzeczowniki,Dolegliwości,Indigestion,Niestrawność,,
9592,4,Tom VIII,Rozdział LXXIII,Rzeczowniki,Dolegliwości,Paralysis,Paraliż,,
9593,4,Tom VIII,Rozdział LXXIII,Rzeczowniki,Dolegliwości,Decay,Próchnica,,
9594,4,Tom VIII,Rozdział LXXIII,Rzeczowniki,Śmierć,Deceased,Nieboszczyk,,
9595,4,Tom VIII,Rozdział LXXIII,Rzeczowniki,Śmierć,Patricide,Ojcobójstwo,,
9596,4,Tom VIII,Rozdział LXXIII,Rzeczowniki,Śmierć,Interment,Pochówek,,
9597,4,Tom VIII,Rozdział LXXIII,Rzeczowniki,Śmierć,Autopsy,Sekcja zwłok,,
9598,4,Tom VIII,Rozdział LXXIII,Rzeczowniki,Śmierć,Devisor,Spadkodawca,,
9599,4,Tom VIII,Rozdział LXXIII,Rzeczowniki,Śmierć,Remains,Szczątki,,
9600,4,Tom VIII,Rozdział LXXIII,Rzeczowniki,Śmierć,Beheading,Ścięcie głowy,,
9601,4,Tom VIII,Rozdział LXXIII,Rzeczowniki,Śmierć,Stoning,Ukamienowanie,,
9602,4,Tom VIII,Rozdział LXXIII,Rzeczowniki,Śmierć,Urn,Urna,,
9603,4,Tom VIII,Rozdział LXXIII,Rzeczowniki,Śmierć,Wreath,Wieniec,,
9604,4,Tom VIII,Rozdział LXXIII,Rzeczowniki,Śmierć,Homicide,Zabójstwo,,
9605,4,Tom VIII,Rozdział LXXIII,Rzeczowniki,Śmierć,Decapitation,Dekapitacja,,
9606,4,Tom VIII,Rozdział LXXIII,Rzeczowniki,Śmierć,Euthanasia,Eutanazja,,
9607,4,Tom VIII,Rozdział LXXIII,Rzeczowniki,Śmierć,Cremation,Kremacja,,
9608,4,Tom VIII,Rozdział LXXIII,Rzeczowniki,Śmierć,Funeral reception,Stypa,,
9609,4,Tom VIII,Rozdział LXXIII,Phrasale,Phrasale 6,Cool off,Ochłoń,,
9610,4,Tom VIII,Rozdział LXXIII,Phrasale,Phrasale 6,Pull yourself together,Weź się w garść,,
9611,4,Tom VIII,Rozdział LXXIII,Phrasale,Phrasale 6,Back off,Odczep się; odwal się,,
9612,4,Tom VIII,Rozdział LXXIII,Phrasale,Phrasale 6,Come off it,Daruj sobie; nie wygłupiaj się,,
9613,4,Tom VIII,Rozdział LXXIII,Phrasale,Phrasale 6,Walk sth off,"Rozchodzić coś (np. Ból, cierpienie)",,
9614,4,Tom VIII,Rozdział LXXIII,Phrasale,Phrasale 6,Back down,Odsuń się,,
9615,4,Tom VIII,Rozdział LXXIII,Phrasale,Phrasale 6,Stand down,Opuścić broń,,
9616,4,Tom VIII,Rozdział LXXIII,Phrasale,Phrasale 6,Buckle up,Zapnij pasy,,
9617,4,Tom VIII,Rozdział LXXIII,Phrasale,Phrasale 6,Man up,Zmężniej,,
9618,4,Tom VIII,Rozdział LXXIII,Phrasale,Phrasale 6,Word up,No a jak,,
9619,4,Tom VIII,Rozdział LXXIII,Przymiotniki,Języki,Kazakh,Kazachski,,
9620,4,Tom VIII,Rozdział LXXIII,Przymiotniki,Języki,Latvian,Łotewski,,
9621,4,Tom VIII,Rozdział LXXIII,Przymiotniki,Języki,Malagasy,Malgaski,,
9622,4,Tom VIII,Rozdział LXXIII,Przymiotniki,Języki,Malaysian,Malajski,,
9623,4,Tom VIII,Rozdział LXXIII,Przymiotniki,Języki,Afrikaans,Afrikaans,,
9624,4,Tom VIII,Rozdział LXXIII,Przymiotniki,Języki,Somalian,Somalijski,,
9625,4,Tom VIII,Rozdział LXXIII,Przymiotniki,Języki,Khmer,Język khmerski (kambodżański),,
9626,4,Tom VIII,Rozdział LXXIII,Przymiotniki,Języki,Turkmen,Turkmeński,,
9627,4,Tom VIII,Rozdział LXXIII,Przymiotniki,Języki,Vietnamese,Wietnamski,,
9628,4,Tom VIII,Rozdział LXXIII,Przymiotniki,Języki,Icelandic,Islandzki,,
9629,4,Tom VIII,Rozdział LXXIII,Przymiotniki,Języki,Hebrew,Hebrajski,,
9630,4,Tom VIII,Rozdział LXXIII,Przymiotniki,Języki,Polish,Polski,,
9631,4,Tom VIII,Rozdział LXXIII,Przymiotniki,Języki,Spanish,Hiszpański,,
9632,4,Tom VIII,Rozdział LXXIII,Przymiotniki,Języki,Indonesian,Indonezyjski,,
9633,4,Tom VIII,Rozdział LXXIII,Przymiotniki,Języki,Hindi,Hindi,,
9634,4,Tom VIII,Rozdział LXXIII,Czasowniki,Komunikacja,Mumble,Mamrotać,,
9635,4,Tom VIII,Rozdział LXXIII,Czasowniki,Komunikacja,Nod,Skinąć głową,,
9636,4,Tom VIII,Rozdział LXXIII,Czasowniki,Komunikacja,Oppose,Być przeciw; sprzeciwiać się,,
9637,4,Tom VIII,Rozdział LXXIII,Czasowniki,Komunikacja,Outline,Przedstawić zarys; naszkicować,,
9638,4,Tom VIII,Rozdział LXXIII,Czasowniki,Komunikacja,Overhear,Usłyszeć przypadkiem,,
9639,4,Tom VIII,Rozdział LXXIII,Czasowniki,Komunikacja,Stress,Podkreślać coś (emfaza),,
9640,4,Tom VIII,Rozdział LXXIII,Czasowniki,Komunikacja,Bash,Wyrażać się nieprzychylnie,,
9641,4,Tom VIII,Rozdział LXXIII,Czasowniki,Komunikacja,Confide,Zwierzać; powierzać,,
9642,4,Tom VIII,Rozdział LXXIII,Czasowniki,Komunikacja,Eavesdrop,Podsłuchać,,
9643,4,Tom VIII,Rozdział LXXIII,Czasowniki,Komunikacja,Imitate,Imitować; naśladować,,
9644,4,Tom VIII,Rozdział LXXIII,Czasowniki,Komunikacja,Instill,Wpajać,,
9645,4,Tom VIII,Rozdział LXXIII,Czasowniki,Komunikacja,Prompt,Podpowiadać; sugerować,,
9646,4,Tom VIII,Rozdział LXXIII,Czasowniki,Komunikacja,Reconcile,Pojednać się; godzić się,,
9647,4,Tom VIII,Rozdział LXXIII,Czasowniki,Komunikacja,Urge,Nakłaniać; zachęcać; apelować,,
9648,4,Tom VIII,Rozdział LXXIII,Czasowniki,Komunikacja,Dwell,Rozwodzić się (nad czymś); rozpamiętywać,,
9649,4,Tom VIII,Rozdział LXXIV,Slang,Niefajne,Flakey,Niekonsekwentny,,
9650,4,Tom VIII,Rozdział LXXIV,Slang,Niefajne,Flop sth,Dać ciała,,
9651,4,Tom VIII,Rozdział LXXIV,Slang,Niefajne,Gutted,Zniszczony psychicznie,,
9652,4,Tom VIII,Rozdział LXXIV,Slang,Niefajne,Jump the gun,Zrobić coś za wcześnie; falstart,,
9653,4,Tom VIII,Rozdział LXXIV,Slang,Niefajne,Knackered,Wyczerpany,,
9654,4,Tom VIII,Rozdział LXXIV,Slang,Niefajne,Muck,Syf,,
9655,4,Tom VIII,Rozdział LXXIV,Slang,Niefajne,Throw shade,Obrazić kogoś; przezywać,,
9656,4,Tom VIII,Rozdział LXXIV,Slang,Niefajne,Whack,Słabe,,
9657,4,Tom VIII,Rozdział LXXIV,Slang,Niefajne,Bummer,Porażka,,
9658,4,Tom VIII,Rozdział LXXIV,Slang,Niefajne,Can of worms,Trudna sytuacja,,
9659,4,Tom VIII,Rozdział LXXIV,Rzeczowniki,Drzewa,Yew,Cis,,
9660,4,Tom VIII,Rozdział LXXIV,Rzeczowniki,Drzewa,Branch,Gałąź,,
9661,4,Tom VIII,Rozdział LXXIV,Rzeczowniki,Drzewa,Rowan,Jarzębina,,
9662,4,Tom VIII,Rozdział LXXIV,Rzeczowniki,Drzewa,Ash,Jesion,,
9663,4,Tom VIII,Rozdział LXXIV,Rzeczowniki,Drzewa,Fir,Jodła,,
9664,4,Tom VIII,Rozdział LXXIV,Rzeczowniki,Drzewa,Bark,Kora,,
9665,4,Tom VIII,Rozdział LXXIV,Rzeczowniki,Drzewa,Hazel,Leszczyna,,
9666,4,Tom VIII,Rozdział LXXIV,Rzeczowniki,Drzewa,Linden,Lipa,,
9667,4,Tom VIII,Rozdział LXXIV,Rzeczowniki,Drzewa,Larch,Modrzew,,
9668,4,Tom VIII,Rozdział LXXIV,Rzeczowniki,Drzewa,Sequoia,Sekwoja,,
9669,4,Tom VIII,Rozdział LXXIV,Rzeczowniki,Drzewa,Cone,Szyszka; stożek,,
9670,4,Tom VIII,Rozdział LXXIV,Rzeczowniki,Drzewa,Acorn,Żołądź,,
9671,4,Tom VIII,Rozdział LXXIV,Rzeczowniki,Drzewa,Elm,Wiąz,,
9672,4,Tom VIII,Rozdział LXXIV,Rzeczowniki,Drzewa,Poplar,Topola,,
9673,4,Tom VIII,Rozdział LXXIV,Rzeczowniki,Drzewa,Rowan,Jarząb,,
9674,4,Tom VIII,Rozdział LXXIV,Rzeczowniki,Sądownicze,Objection,Sprzeciw,,
9675,4,Tom VIII,Rozdział LXXIV,Rzeczowniki,Sądownicze,Statute,Statut,,
9676,4,Tom VIII,Rozdział LXXIV,Rzeczowniki,Sądownicze,Agreement,Ugoda,,
9677,4,Tom VIII,Rozdział LXXIV,Rzeczowniki,Sądownicze,Parole,Zwolnienie warunkowe,,
9678,4,Tom VIII,Rozdział LXXIV,Rzeczowniki,Sądownicze,Fingerprint,Odcisk palca,,
9679,4,Tom VIII,Rozdział LXXIV,Rzeczowniki,Sądownicze,Footprint,Odcisk stopy,,
9680,4,Tom VIII,Rozdział LXXIV,Rzeczowniki,Sądownicze,Statement,Oświadczenie,,
9681,4,Tom VIII,Rozdział LXXIV,Rzeczowniki,Sądownicze,Suspect,Podejrzany (osoba),,
9682,4,Tom VIII,Rozdział LXXIV,Rzeczowniki,Sądownicze,Criminal,Przestępca,,
9683,4,Tom VIII,Rozdział LXXIV,Rzeczowniki,Sądownicze,Criminality,Przestępczość,,
9684,4,Tom VIII,Rozdział LXXIV,Rzeczowniki,Sądownicze,Investigation,Dochodzenie,,
9685,4,Tom VIII,Rozdział LXXIV,Rzeczowniki,Sądownicze,Warrant,Nakaz sądowy,,
9686,4,Tom VIII,Rozdział LXXIV,Rzeczowniki,Sądownicze,Jurisprudence,Prawoznawstwo; oczecznictwo,,
9687,4,Tom VIII,Rozdział LXXIV,Rzeczowniki,Sądownicze,Statutory interpretation,Wykładnia prawa,,
9688,4,Tom VIII,Rozdział LXXIV,Rzeczowniki,Sądownicze,Crown witness,Świadek koronny,,
9689,4,Tom VIII,Rozdział LXXIV,Rzeczowniki,Wieś,Dung,Łajno,,
9690,4,Tom VIII,Rozdział LXXIV,Rzeczowniki,Wieś,Cultivation,Hodowla (roślin); uprawa,,
9691,4,Tom VIII,Rozdział LXXIV,Rzeczowniki,Wieś,Livestock,Inwentarz,,
9692,4,Tom VIII,Rozdział LXXIV,Rzeczowniki,Wieś,Barley,Jęczmień,,
9693,4,Tom VIII,Rozdział LXXIV,Rzeczowniki,Wieś,Mud floor,Klepisko,,
9694,4,Tom VIII,Rozdział LXXIV,Rzeczowniki,Wieś,Harvester,Kombajn,,
9695,4,Tom VIII,Rozdział LXXIV,Rzeczowniki,Wieś,Molehill,Kretowisko,,
9696,4,Tom VIII,Rozdział LXXIV,Rzeczowniki,Wieś,Henhouse,Kurnik,,
9697,4,Tom VIII,Rozdział LXXIV,Rzeczowniki,Wieś,Thresher,Młockarnia,,
9698,4,Tom VIII,Rozdział LXXIV,Rzeczowniki,Wieś,Cowshed,Obora,,
9699,4,Tom VIII,Rozdział LXXIV,Rzeczowniki,Wieś,Manure,Obornik,,
9700,4,Tom VIII,Rozdział LXXIV,Rzeczowniki,Wieś,Strain,Szczep; odmiana,,
9701,4,Tom VIII,Rozdział LXXIV,Rzeczowniki,Wieś,Oat,Owies,,
9702,4,Tom VIII,Rozdział LXXIV,Rzeczowniki,Wieś,Shepherd,Pasterz,,
9703,4,Tom VIII,Rozdział LXXIV,Rzeczowniki,Wieś,Pasture,Pastwisko,,
9704,4,Tom VIII,Rozdział LXXIV,Przymiotniki,Sukces,Glorious,Chwalebny; wspaniały,,
9705,4,Tom VIII,Rozdział LXXIV,Przymiotniki,Sukces,High-flying,Głodny sukcesu,,
9706,4,Tom VIII,Rozdział LXXIV,Przymiotniki,Sukces,Godlike,Niczym bóstwo; boski,,
9707,4,Tom VIII,Rozdział LXXIV,Przymiotniki,Sukces,Unbeaten,"Niepobity (np. Wynik, gracz); niepokonany",,
9708,4,Tom VIII,Rozdział LXXIV,Przymiotniki,Sukces,Undefeated,Niepokonany,,
9709,4,Tom VIII,Rozdział LXXIV,Przymiotniki,Sukces,Invincible,Niezwyciężony,,
9710,4,Tom VIII,Rozdział LXXIV,Przymiotniki,Sukces,Mighty,Waleczny; potężny,,
9711,4,Tom VIII,Rozdział LXXIV,Przymiotniki,Sukces,Breakthrough,Przełomowy,,
9712,4,Tom VIII,Rozdział LXXIV,Przymiotniki,Sukces,World-famous,Sławny na całym świecie,,
9713,4,Tom VIII,Rozdział LXXIV,Przymiotniki,Sukces,Triumphant,Triumfalny,,
9714,4,Tom VIII,Rozdział LXXIV,Przymiotniki,Sukces,Perseverant,Wytrwały,,
9715,4,Tom VIII,Rozdział LXXIV,Przymiotniki,Sukces,Exquisite,Wyborny,,
9716,4,Tom VIII,Rozdział LXXIV,Przymiotniki,Sukces,Uncanny,Niesamowity; osobliwy,,
9717,4,Tom VIII,Rozdział LXXIV,Przymiotniki,Sukces,Win-win,"Sytuacja, w której nie ma przegranych",,
9718,4,Tom VIII,Rozdział LXXIV,Przymiotniki,Sukces,Flawless,Bez skazy,,
9719,4,Tom VIII,Rozdział LXXIV,Przymiotniki,Słaby moment,Frantic,Gorączkowy; oszalały,,
9720,4,Tom VIII,Rozdział LXXIV,Przymiotniki,Słaby moment,Troublesome,Kłopotliwy,,
9721,4,Tom VIII,Rozdział LXXIV,Przymiotniki,Słaby moment,Tense,Napięty; spięty,,
9722,4,Tom VIII,Rozdział LXXIV,Przymiotniki,Słaby moment,Reluctant,Niechętny; ociągający się,,
9723,4,Tom VIII,Rozdział LXXIV,Przymiotniki,Słaby moment,Uneasy,Nieswój; niespokojny,,
9724,4,Tom VIII,Rozdział LXXIV,Przymiotniki,Słaby moment,Faint,Nikły; słaby,,
9725,4,Tom VIII,Rozdział LXXIV,Przymiotniki,Słaby moment,Bewildered,Oszołomiony; zdumiony,,
9726,4,Tom VIII,Rozdział LXXIV,Przymiotniki,Słaby moment,Irritated,Podrażniony (np. Skóra); rozdrażniony,,
9727,4,Tom VIII,Rozdział LXXIV,Przymiotniki,Słaby moment,Startled,Spłoszony,,
9728,4,Tom VIII,Rozdział LXXIV,Przymiotniki,Słaby moment,Puzzled,Zdezorientowany; zmieszany,,
9729,4,Tom VIII,Rozdział LXXIV,Przymiotniki,Słaby moment,Breathless,Zdyszany; zasapany,,
9730,4,Tom VIII,Rozdział LXXIV,Przymiotniki,Słaby moment,Edgy,Podenerwowany; na skraju,,
9731,4,Tom VIII,Rozdział LXXIV,Przymiotniki,Słaby moment,Tedious,Żmudny; monotonny,,
9732,4,Tom VIII,Rozdział LXXIV,Przymiotniki,Słaby moment,Conflicted,Skłócony,,
9733,4,Tom VIII,Rozdział LXXIV,Przymiotniki,Słaby moment,Swollen,Opuchnięty,,
9734,4,Tom VIII,Rozdział LXXIV,Rzeczowniki,Nauki ścisłe,Laboratory,Laboratorium,,
9735,4,Tom VIII,Rozdział LXXIV,Rzeczowniki,Nauki ścisłe,Paradox,Paradoks,,
9736,4,Tom VIII,Rozdział LXXIV,Rzeczowniki,Nauki ścisłe,Parameter,Parametr,,
9737,4,Tom VIII,Rozdział LXXIV,Rzeczowniki,Nauki ścisłe,Probability,Prawdopodobieństwo,,
9738,4,Tom VIII,Rozdział LXXIV,Rzeczowniki,Nauki ścisłe,Expansion,Rozszerzenie,,
9739,4,Tom VIII,Rozdział LXXIV,Rzeczowniki,Nauki ścisłe,Equation,Równanie,,
9740,4,Tom VIII,Rozdział LXXIV,Rzeczowniki,Nauki ścisłe,Force,Siła; moc,,
9741,4,Tom VIII,Rozdział LXXIV,Rzeczowniki,Nauki ścisłe,Immersion,Zanurzenie; imersja,,
9742,4,Tom VIII,Rozdział LXXIV,Rzeczowniki,Nauki ścisłe,Expression,Wyrażenie,,
9743,4,Tom VIII,Rozdział LXXIV,Rzeczowniki,Nauki ścisłe,Atom,Atom,,
9744,4,Tom VIII,Rozdział LXXIV,Rzeczowniki,Nauki ścisłe,Integration,Całkowanie,,
9745,4,Tom VIII,Rozdział LXXIV,Rzeczowniki,Nauki ścisłe,Cell,Komórka,,
9746,4,Tom VIII,Rozdział LXXIV,Rzeczowniki,Nauki ścisłe,Acid,Kwas,,
9747,4,Tom VIII,Rozdział LXXIV,Rzeczowniki,Nauki ścisłe,Inversion,Odwrotność,,
9748,4,Tom VIII,Rozdział LXXIV,Rzeczowniki,Nauki ścisłe,Element,Pierwiastek,,
9749,4,Tom VIII,Rozdział LXXIV,Rzeczowniki,Ptaki,Flock,Stado ptaków,,
9750,4,Tom VIII,Rozdział LXXIV,Rzeczowniki,Ptaki,Clutches,Szpony,,
9751,4,Tom VIII,Rozdział LXXIV,Rzeczowniki,Ptaki,Crow,Wrona,,
9752,4,Tom VIII,Rozdział LXXIV,Rzeczowniki,Ptaki,Sparrow,Wróbel,,
9753,4,Tom VIII,Rozdział LXXIV,Rzeczowniki,Ptaki,Goose,Gęś,,
9754,4,Tom VIII,Rozdział LXXIV,Rzeczowniki,Ptaki,Pigeon,Gołąb,,
9755,4,Tom VIII,Rozdział LXXIV,Rzeczowniki,Ptaki,Canary,Kanarek,,
9756,4,Tom VIII,Rozdział LXXIV,Rzeczowniki,Ptaki,Swan,Łabędź,,
9757,4,Tom VIII,Rozdział LXXIV,Rzeczowniki,Ptaki,Pheasant,Bażant,,
9758,4,Tom VIII,Rozdział LXXIV,Rzeczowniki,Ptaki,Heron,Czapla,,
9759,4,Tom VIII,Rozdział LXXIV,Rzeczowniki,Ptaki,Hoopoe,Dudek,,
9760,4,Tom VIII,Rozdział LXXIV,Rzeczowniki,Ptaki,Beak,Dziób,,
9761,4,Tom VIII,Rozdział LXXIV,Rzeczowniki,Ptaki,Flamingo,Flaming,,
9762,4,Tom VIII,Rozdział LXXIV,Rzeczowniki,Ptaki,Hawk,Jastrząb,,
9763,4,Tom VIII,Rozdział LXXIV,Rzeczowniki,Ptaki,Peacock,Paw,,
9764,4,Tom VIII,Rozdział LXXIV,Czasowniki,Czasowniki 24,Conspire,Konspirować; spiskować,,
9765,4,Tom VIII,Rozdział LXXIV,Czasowniki,Czasowniki 24,Evacuate,Ewakuować,,
9766,4,Tom VIII,Rozdział LXXIV,Czasowniki,Czasowniki 24,Discipline,Dyscyplinować,,
9767,4,Tom VIII,Rozdział LXXIV,Czasowniki,Czasowniki 24,Idealize,Idealizować,,
9768,4,Tom VIII,Rozdział LXXIV,Czasowniki,Czasowniki 24,Inspect,Przeprowadzać inspekcję; badać z bliska,,
9769,4,Tom VIII,Rozdział LXXIV,Czasowniki,Czasowniki 24,Intensify,Intensyfikować,,
9770,4,Tom VIII,Rozdział LXXIV,Czasowniki,Czasowniki 24,Privatize,Prywatyzować,,
9771,4,Tom VIII,Rozdział LXXIV,Czasowniki,Czasowniki 24,Prosper,Prosperować,,
9772,4,Tom VIII,Rozdział LXXIV,Czasowniki,Czasowniki 24,Recite,Recytować,,
9773,4,Tom VIII,Rozdział LXXIV,Czasowniki,Czasowniki 24,Supplement,Suplementować,,
9774,4,Tom VIII,Rozdział LXXIV,Czasowniki,Czasowniki 24,Accumulate,Akumulować,,
9775,4,Tom VIII,Rozdział LXXIV,Czasowniki,Czasowniki 24,Adopt,Adoptować,,
9776,4,Tom VIII,Rozdział LXXIV,Czasowniki,Czasowniki 24,Authorize,Autoryzować; dawać przyzwolenie (oficjalnie),,
9777,4,Tom VIII,Rozdział LXXIV,Czasowniki,Czasowniki 24,Balance,Balansować; bilansować,,
9778,4,Tom VIII,Rozdział LXXIV,Czasowniki,Czasowniki 24,Campaign,Prowadzić kampanię,,
9779,4,Tom VIII,Rozdział LXXIV,Phrasale,Wakacje,Check in,Zameldować się (w hotelu); odprawić bagaż (na lotnisku),,
9780,4,Tom VIII,Rozdział LXXIV,Phrasale,Wakacje,Check out,Wymeldować się (z hotelu),,
9781,4,Tom VIII,Rozdział LXXIV,Phrasale,Wakacje,Fool around,Wydurniać się; wygłupiać się,,
9782,4,Tom VIII,Rozdział LXXIV,Phrasale,Wakacje,Kick back,Wyluzować się,,
9783,4,Tom VIII,Rozdział LXXIV,Phrasale,Wakacje,Camp out,Obozować; spędzać czas pod namiotem,,
9784,4,Tom VIII,Rozdział LXXIV,Phrasale,Wakacje,Play around,Bawić się; zabawiać się,,
9785,4,Tom VIII,Rozdział LXXIV,Phrasale,Wakacje,Wind down,Odprężyć się,,
9786,4,Tom VIII,Rozdział LXXIV,Phrasale,Wakacje,Crack up,Rozśmieszać,,
9787,4,Tom VIII,Rozdział LXXIV,Phrasale,Wakacje,Goof around,Wygłupiać się; pajacować,,
9788,4,Tom VIII,Rozdział LXXIV,Phrasale,Wakacje,Book into sth,Zameldować się gdzieś,,
9789,4,Tom VIII,Rozdział LXXV,Rzeczowniki,Ryby,Piranha,Pirania,,
9790,4,Tom VIII,Rozdział LXXV,Rzeczowniki,Ryby,Fin,Płetwa,,
9791,4,Tom VIII,Rozdział LXXV,Rzeczowniki,Ryby,Zander,Sandacz,,
9792,4,Tom VIII,Rozdział LXXV,Rzeczowniki,Ryby,Sardine,Sardynka,,
9793,4,Tom VIII,Rozdział LXXV,Rzeczowniki,Ryby,Whitefish,Sieja,,
9794,4,Tom VIII,Rozdział LXXV,Rzeczowniki,Ryby,Vendace,Sielawa,,
9795,4,Tom VIII,Rozdział LXXV,Rzeczowniki,Ryby,Gills,Skrzela,,
9796,4,Tom VIII,Rozdział LXXV,Rzeczowniki,Ryby,Catfish,Sum,,
9797,4,Tom VIII,Rozdział LXXV,Rzeczowniki,Ryby,Pike,Szczupak,,
9798,4,Tom VIII,Rozdział LXXV,Rzeczowniki,Ryby,Sprat,Szprot,,
9799,4,Tom VIII,Rozdział LXXV,Rzeczowniki,Ryby,Herring,Śledź,,
9800,4,Tom VIII,Rozdział LXXV,Rzeczowniki,Ryby,Eel,Węgorz,,
9801,4,Tom VIII,Rozdział LXXV,Rzeczowniki,Ryby,Goldfish,Złota rybka,,
9802,4,Tom VIII,Rozdział LXXV,Rzeczowniki,Ryby,Crucian,Karaś,,
9803,4,Tom VIII,Rozdział LXXV,Rzeczowniki,Ryby,Guppy,Gupik,,
9804,4,Tom VIII,Rozdział LXXV,Przymiotniki,Przymiotniki 34,Superstitious,Przesądny,,
9805,4,Tom VIII,Rozdział LXXV,Przymiotniki,Przymiotniki 34,Predictable,Przewidywalny,,
9806,4,Tom VIII,Rozdział LXXV,Przymiotniki,Przymiotniki 34,Wary,Przezorny; ostrożny,,
9807,4,Tom VIII,Rozdział LXXV,Przymiotniki,Przymiotniki 34,Accustomed,Przyzwyczajony; znający zwyczaje,,
9808,4,Tom VIII,Rozdział LXXV,Przymiotniki,Przymiotniki 34,Cocky,Pyszałkowaty; pewny siebie,,
9809,4,Tom VIII,Rozdział LXXV,Przymiotniki,Przymiotniki 34,Puzzling,Zagadkowy; niezrozumiały,,
9810,4,Tom VIII,Rozdział LXXV,Przymiotniki,Przymiotniki 34,Painstaking,Skrupulatny,,
9811,4,Tom VIII,Rozdział LXXV,Przymiotniki,Przymiotniki 34,Secretive,Skryty; tajny,,
9812,4,Tom VIII,Rozdział LXXV,Przymiotniki,Przymiotniki 34,Bizarre,Cudaczny; osobliwy,,
9813,4,Tom VIII,Rozdział LXXV,Przymiotniki,Przymiotniki 34,Indifferent,Obojętny; neutralny (w opinii),,
9814,4,Tom VIII,Rozdział LXXV,Przymiotniki,Przymiotniki 34,Frivolous,Frywolny,,
9815,4,Tom VIII,Rozdział LXXV,Przymiotniki,Przymiotniki 34,Goofy,Głupkowaty,,
9816,4,Tom VIII,Rozdział LXXV,Przymiotniki,Przymiotniki 34,Obsessed,Mający obsesję na punkcie czegoś; opętany (myślą),,
9817,4,Tom VIII,Rozdział LXXV,Przymiotniki,Przymiotniki 34,Uptight,Spięty,,
9818,4,Tom VIII,Rozdział LXXV,Przymiotniki,Przymiotniki 34,Freaky,Zakręcony; dziwaczny,,
9819,4,Tom VIII,Rozdział LXXV,Rzeczowniki,Fantasy,Magic wand,Magiczna różdżka,,
9820,4,Tom VIII,Rozdział LXXV,Rzeczowniki,Fantasy,Magician,Magik,,
9821,4,Tom VIII,Rozdział LXXV,Rzeczowniki,Fantasy,Manuscript,Manuskrypt,,
9822,4,Tom VIII,Rozdział LXXV,Rzeczowniki,Fantasy,Medusa,Meduza (mitologiczna),,
9823,4,Tom VIII,Rozdział LXXV,Rzeczowniki,Fantasy,Sword,Miecz,,
9824,4,Tom VIII,Rozdział LXXV,Rzeczowniki,Fantasy,Minotaur,Minotaur,,
9825,4,Tom VIII,Rozdział LXXV,Rzeczowniki,Fantasy,Mystic,Mistyk,,
9826,4,Tom VIII,Rozdział LXXV,Rzeczowniki,Fantasy,Mummy,Mumia,,
9827,4,Tom VIII,Rozdział LXXV,Rzeczowniki,Fantasy,Undead,Nieumarły,,
9828,4,Tom VIII,Rozdział LXXV,Rzeczowniki,Fantasy,Occultism,Okultyzm,,
9829,4,Tom VIII,Rozdział LXXV,Rzeczowniki,Fantasy,Orc,Ork,,
9830,4,Tom VIII,Rozdział LXXV,Rzeczowniki,Fantasy,Pegasus,Pegaz,,
9831,4,Tom VIII,Rozdział LXXV,Rzeczowniki,Fantasy,Pentagram,Pentagram,,
9832,4,Tom VIII,Rozdział LXXV,Rzeczowniki,Fantasy,Portal,Portal; brama,,
9833,4,Tom VIII,Rozdział LXXV,Rzeczowniki,Fantasy,Curse,Przekleństwo; klątwa,,
9834,4,Tom VIII,Rozdział LXXV,Phrasale,Demolki małe I duże,Cut off,Wyłączyć (np. Ogrzewanie); odciąć coś,,
9835,4,Tom VIII,Rozdział LXXV,Phrasale,Demolki małe I duże,Blow out,Zdmuchnąć,,
9836,4,Tom VIII,Rozdział LXXV,Phrasale,Demolki małe I duże,Fall off sth,Odpaść; oderwać się; spaść z czegoś,,
9837,4,Tom VIII,Rozdział LXXV,Phrasale,Demolki małe I duże,Fall apart,Rozpadać się,,
9838,4,Tom VIII,Rozdział LXXV,Phrasale,Demolki małe I duże,Take down,Zburzyć coś,,
9839,4,Tom VIII,Rozdział LXXV,Phrasale,Demolki małe I duże,Blow away,Rozwalać; powalać,,
9840,4,Tom VIII,Rozdział LXXV,Phrasale,Demolki małe I duże,Break off,Ułamać; oderwać się,,
9841,4,Tom VIII,Rozdział LXXV,Phrasale,Demolki małe I duże,Blow sth up,Wysadzić (w powietrze),,
9842,4,Tom VIII,Rozdział LXXV,Phrasale,Demolki małe I duże,Go off,Wybuchnąć; eksplodować,,
9843,4,Tom VIII,Rozdział LXXV,Phrasale,Demolki małe I duże,Pull down,Rozebrać; zburzyć (budynek),,
9844,4,Tom VIII,Rozdział LXXV,Przymiotniki,Przymiotniki 35,Diverse,Różnorodny; rozmaity; niejednakowy,,
9845,4,Tom VIII,Rozdział LXXV,Przymiotniki,Przymiotniki 35,Dummy,Sztuczny; fikcyjny; zastępczy,,
9846,4,Tom VIII,Rozdział LXXV,Przymiotniki,Przymiotniki 35,Preliminary,Wstępny; przygotowawczy,,
9847,4,Tom VIII,Rozdział LXXV,Przymiotniki,Przymiotniki 35,Stuck,Zablokowany; przykuty do miejsca,,
9848,4,Tom VIII,Rozdział LXXV,Przymiotniki,Przymiotniki 35,Changeable,Zmienny,,
9849,4,Tom VIII,Rozdział LXXV,Przymiotniki,Przymiotniki 35,Rising,Powstający; wschodzący,,
9850,4,Tom VIII,Rozdział LXXV,Przymiotniki,Przymiotniki 35,Profound,"Dogłębny; głęboki (myśl, stwierdzenie)",,
9851,4,Tom VIII,Rozdział LXXV,Przymiotniki,Przymiotniki 35,Plain,Jednolity; gładki (np. Materiał),,
9852,4,Tom VIII,Rozdział LXXV,Przymiotniki,Przymiotniki 35,Utter,Kompletny; totalny (np. Kompletny głupiec),,
9853,4,Tom VIII,Rozdział LXXV,Przymiotniki,Przymiotniki 35,Would-be,Niedoszły (np. Mąż); rzekomy,,
9854,4,Tom VIII,Rozdział LXXV,Przymiotniki,Przymiotniki 35,Invaluable,Nieoceniony,,
9855,4,Tom VIII,Rozdział LXXV,Przymiotniki,Przymiotniki 35,Dreamlike,Zjawiskowy,,
9856,4,Tom VIII,Rozdział LXXV,Przymiotniki,Przymiotniki 35,Sketchy,Pobieżny; podejrzany,,
9857,4,Tom VIII,Rozdział LXXV,Przymiotniki,Przymiotniki 35,Apparent,Pozorny; widoczny;oczywisty,,
9858,4,Tom VIII,Rozdział LXXV,Przymiotniki,Przymiotniki 35,Remaining,Pozostały,,
9859,4,Tom VIII,Rozdział LXXV,Rzeczowniki,Jedzenie,Cinnamon,Cynamon,,
9860,4,Tom VIII,Rozdział LXXV,Rzeczowniki,Jedzenie,Dip,Dip (sos),,
9861,4,Tom VIII,Rozdział LXXV,Rzeczowniki,Jedzenie,Yeast,Drożdże,,
9862,4,Tom VIII,Rozdział LXXV,Rzeczowniki,Jedzenie,Lobster,Homar,,
9863,4,Tom VIII,Rozdział LXXV,Rzeczowniki,Jedzenie,Caviar,Kawior,,
9864,4,Tom VIII,Rozdział LXXV,Rzeczowniki,Jedzenie,Bite,Kęs,,
9865,4,Tom VIII,Rozdział LXXV,Rzeczowniki,Jedzenie,Coriander,Kolendra,,
9866,4,Tom VIII,Rozdział LXXV,Rzeczowniki,Jedzenie,Crab,Krab,,
9867,4,Tom VIII,Rozdział LXXV,Rzeczowniki,Jedzenie,Shrimp,Krewetka,,
9868,4,Tom VIII,Rozdział LXXV,Rzeczowniki,Jedzenie,Fudge,Krówka,,
9869,4,Tom VIII,Rozdział LXXV,Rzeczowniki,Jedzenie,Hard candies,Landrynki,,
9870,4,Tom VIII,Rozdział LXXV,Rzeczowniki,Jedzenie,Bay leaf,Liść laurowy,,
9871,4,Tom VIII,Rozdział LXXV,Rzeczowniki,Jedzenie,Mint,Mięta,,
9872,4,Tom VIII,Rozdział LXXV,Rzeczowniki,Jedzenie,Filling,Nadzienie; farsz,,
9873,4,Tom VIII,Rozdział LXXV,Rzeczowniki,Jedzenie,Hazelnut,Orzech laskowy,,
9874,4,Tom VIII,Rozdział LXXV,Rzeczowniki,Kraje,Guatemalan,Gwatemalka; gwatemalczyk,,
9875,4,Tom VIII,Rozdział LXXV,Rzeczowniki,Kraje,Honduran,Honduranka; honduranin,,
9876,4,Tom VIII,Rozdział LXXV,Rzeczowniki,Kraje,Honduras,Honduras,,
9877,4,Tom VIII,Rozdział LXXV,Rzeczowniki,Kraje,Iraq,Irak,,
9878,4,Tom VIII,Rozdział LXXV,Rzeczowniki,Kraje,Iraqi,Irakijka; irakijczyk,,
9879,4,Tom VIII,Rozdział LXXV,Rzeczowniki,Kraje,Jamaican,Jamajczyk; jamajka,,
9880,4,Tom VIII,Rozdział LXXV,Rzeczowniki,Kraje,Jordan,Jordania,,
9881,4,Tom VIII,Rozdział LXXV,Rzeczowniki,Kraje,Jordanian,Jordanka; jordańczyk,,
9882,4,Tom VIII,Rozdział LXXV,Rzeczowniki,Kraje,Cameroon,Kamerun,,
9883,4,Tom VIII,Rozdział LXXV,Rzeczowniki,Kraje,Cameroonian,Kamerunka; kameruńczyk,,
9884,4,Tom VIII,Rozdział LXXV,Rzeczowniki,Kraje,Kenya,Kenia,,
9885,4,Tom VIII,Rozdział LXXV,Rzeczowniki,Kraje,Kenyan,Kenijka; kenijczyk,,
9886,4,Tom VIII,Rozdział LXXV,Rzeczowniki,Kraje,Colombia,Kolumbia,,
9887,4,Tom VIII,Rozdział LXXV,Rzeczowniki,Kraje,Colombian,Kolumbijka; kolumbijczyk,,
9888,4,Tom VIII,Rozdział LXXV,Rzeczowniki,Kraje,Congolese,Kongijka; kongijczyk,,
9889,4,Tom VIII,Rozdział LXXV,Rzeczowniki,Higiena I wygląd,Aftershave,Woda po goleniu,,
9890,4,Tom VIII,Rozdział LXXV,Rzeczowniki,Higiena I wygląd,Wax,Wosk,,
9891,4,Tom VIII,Rozdział LXXV,Rzeczowniki,Higiena I wygląd,Nail polish remover,Zmywacz,,
9892,4,Tom VIII,Rozdział LXXV,Rzeczowniki,Higiena I wygląd,Complexion,Cera; karnacja,,
9893,4,Tom VIII,Rozdział LXXV,Rzeczowniki,Higiena I wygląd,Hair removal,Depilacja,,
9894,4,Tom VIII,Rozdział LXXV,Rzeczowniki,Higiena I wygląd,Hair dye,Farba do włosów,,
9895,4,Tom VIII,Rozdział LXXV,Rzeczowniki,Higiena I wygląd,Make-up bag,Kosmetyczka (torba),,
9896,4,Tom VIII,Rozdział LXXV,Rzeczowniki,Higiena I wygląd,Baldness,Łysina,,
9897,4,Tom VIII,Rozdział LXXV,Rzeczowniki,Higiena I wygląd,Face expression,Wyraz twarzy,,
9898,4,Tom VIII,Rozdział LXXV,Rzeczowniki,Higiena I wygląd,Stretch mark,Rozstęp,,
9899,4,Tom VIII,Rozdział LXXV,Rzeczowniki,Higiena I wygląd,Ugliness,Brzydota,,
9900,4,Tom VIII,Rozdział LXXV,Rzeczowniki,Higiena I wygląd,Silhouette,Sylwetka,,
9901,4,Tom VIII,Rozdział LXXV,Rzeczowniki,Higiena I wygląd,High forehead,Wysokie czoło,,
9902,4,Tom VIII,Rozdział LXXV,Rzeczowniki,Higiena I wygląd,Sideburns,Bokobrody,,
9903,4,Tom VIII,Rozdział LXXV,Rzeczowniki,Higiena I wygląd,Blemish,Krosta,,
9904,4,Tom VIII,Rozdział LXXV,Czasowniki,Czasowniki 25,Refer,Nawiązywać do czegoś,,
9905,4,Tom VIII,Rozdział LXXV,Czasowniki,Czasowniki 25,Situate,Usadowić; znaleźć się na pozycji,,
9906,4,Tom VIII,Rozdział LXXV,Czasowniki,Czasowniki 25,Sustain,Podtrzymywać; wspierać (konstrukcję),,
9907,4,Tom VIII,Rozdział LXXV,Czasowniki,Czasowniki 25,Withstand,"Wytrzymać (opór, wiatr); być odpornym na",,
9908,4,Tom VIII,Rozdział LXXV,Czasowniki,Czasowniki 25,Complement,Uzupełniać; dopełniać,,
9909,4,Tom VIII,Rozdział LXXV,Czasowniki,Czasowniki 25,Comprise,Składać się z czegoś (formalnie),,
9910,4,Tom VIII,Rozdział LXXV,Czasowniki,Czasowniki 25,Deaden,Tłumić; przytępiać,,
9911,4,Tom VIII,Rozdział LXXV,Czasowniki,Czasowniki 25,Map,"Wyznaczyć (trasę, ścieżkę)",,
9912,4,Tom VIII,Rozdział LXXV,Czasowniki,Czasowniki 25,Mingle,"Mieszać (się); zmieszać (się np. Zapachy, w tłumie)",,
9913,4,Tom VIII,Rozdział LXXV,Czasowniki,Czasowniki 25,Necessitate,Wymuszać; wymagać,,
9914,4,Tom VIII,Rozdział LXXV,Czasowniki,Czasowniki 25,Pursue,Dążyć do celu; podążać,,
9915,4,Tom VIII,Rozdział LXXV,Czasowniki,Czasowniki 25,Resemble,"Być podobnym; przypominać (kogoś, coś)",,
9916,4,Tom VIII,Rozdział LXXV,Czasowniki,Czasowniki 25,Exemplify,Stanowić przykład; odzwierciedlać,,
9917,4,Tom VIII,Rozdział LXXV,Czasowniki,Czasowniki 25,Strive,Dążyć; zabiegać; dokładać starań,,
9918,4,Tom VIII,Rozdział LXXV,Czasowniki,Czasowniki 25,Unfold,"Rozwijać się (sytuacja, fabuła)",,
9919,4,Tom VIII,Rozdział LXXV,Przymiotniki,Przymiotniki 36,Egoistic,Egoistyczny (samolubny),,
9920,4,Tom VIII,Rozdział LXXV,Przymiotniki,Przymiotniki 36,Exotic,Egzotyczny,,
9921,4,Tom VIII,Rozdział LXXV,Przymiotniki,Przymiotniki 36,Expert,Ekspercki; biegły w jakiejś dziedzinie,,
9922,4,Tom VIII,Rozdział LXXV,Przymiotniki,Przymiotniki 36,Experimental,Eksperymentalny,,
9923,4,Tom VIII,Rozdział LXXV,Przymiotniki,Przymiotniki 36,Extreme,Ekstremalny,,
9924,4,Tom VIII,Rozdział LXXV,Przymiotniki,Przymiotniki 36,Elastic,Elastyczny (tylko materiał),,
9925,4,Tom VIII,Rozdział LXXV,Przymiotniki,Przymiotniki 36,Elementary,Elementarny,,
9926,4,Tom VIII,Rozdział LXXV,Przymiotniki,Przymiotniki 36,Energetic,Energiczny; pełen energii,,
9927,4,Tom VIII,Rozdział LXXV,Przymiotniki,Przymiotniki 36,Enthusiastic,Entuzjastyczny,,
9928,4,Tom VIII,Rozdział LXXV,Przymiotniki,Przymiotniki 36,Evident,Ewidentny; oczywisty,,
9929,4,Tom VIII,Rozdział LXXV,Przymiotniki,Przymiotniki 36,Financial,Finansowy,,
9930,4,Tom VIII,Rozdział LXXV,Przymiotniki,Przymiotniki 36,Physical,Fizyczny; cielesny,,
9931,4,Tom VIII,Rozdział LXXV,Przymiotniki,Przymiotniki 36,Photographic,Fotograficzny,,
9932,4,Tom VIII,Rozdział LXXV,Przymiotniki,Przymiotniki 36,Gigantic,Gigantyczny;ogromny,,
9933,4,Tom VIII,Rozdział LXXV,Przymiotniki,Przymiotniki 36,Hygienic,Higieniczny,,
9934,4,Tom VIII,Rozdział LXXVI,Rzeczowniki,Kultura,Critic,Krytyk (recenzent),,
9935,4,Tom VIII,Rozdział LXXVI,Rzeczowniki,Kultura,Spectacle,Spektakl; widowisko,,
9936,4,Tom VIII,Rozdział LXXVI,Rzeczowniki,Kultura,Statue,Statua; posąg,,
9937,4,Tom VIII,Rozdział LXXVI,Rzeczowniki,Kultura,Singing,Śpiew,,
9938,4,Tom VIII,Rozdział LXXVI,Rzeczowniki,Kultura,Beat,Takt; uderzenie,,
9939,4,Tom VIII,Rozdział LXXVI,Rzeczowniki,Kultura,Lyrics,Tekst (słowa),,
9940,4,Tom VIII,Rozdział LXXVI,Rzeczowniki,Kultura,Pace,Tempo,,
9941,4,Tom VIII,Rozdział LXXVI,Rzeczowniki,Kultura,Trumpet,Trąbka,,
9942,4,Tom VIII,Rozdział LXXVI,Rzeczowniki,Kultura,Creator,Twórca,,
9943,4,Tom VIII,Rozdział LXXVI,Rzeczowniki,Kultura,Piece of music,Utwór muzyczny,,
9944,4,Tom VIII,Rozdział LXXVI,Rzeczowniki,Kultura,Vocalist,Wokalista,,
9945,4,Tom VIII,Rozdział LXXVI,Rzeczowniki,Kultura,Adaptation,Adaptacja,,
9946,4,Tom VIII,Rozdział LXXVI,Rzeczowniki,Kultura,Masterpiece,Arcydzieło,,
9947,4,Tom VIII,Rozdział LXXVI,Rzeczowniki,Kultura,Ballet,Balet,,
9948,4,Tom VIII,Rozdział LXXVI,Rzeczowniki,Kultura,Bass,Bas; basista,,
9949,4,Tom VIII,Rozdział LXXVI,Rzeczowniki,Zwierzęta,Herd,Stado,,
9950,4,Tom VIII,Rozdział LXXVI,Rzeczowniki,Zwierzęta,Hornet,Szerszeń,,
9951,4,Tom VIII,Rozdział LXXVI,Rzeczowniki,Zwierzęta,Bumblebee,Trzmiel,,
9952,4,Tom VIII,Rozdział LXXVI,Rzeczowniki,Zwierzęta,Dragonfly,Ważka,,
9953,4,Tom VIII,Rozdział LXXVI,Rzeczowniki,Zwierzęta,Otter,Wydra,,
9954,4,Tom VIII,Rozdział LXXVI,Rzeczowniki,Zwierzęta,Viper,Żmija,,
9955,4,Tom VIII,Rozdział LXXVI,Rzeczowniki,Zwierzęta,Beaver,Bóbr,,
9956,4,Tom VIII,Rozdział LXXVI,Rzeczowniki,Zwierzęta,Moth,Ćma,,
9957,4,Tom VIII,Rozdział LXXVI,Rzeczowniki,Zwierzęta,Platypus,Dziobak,,
9958,4,Tom VIII,Rozdział LXXVI,Rzeczowniki,Zwierzęta,Seal,Foka,,
9959,4,Tom VIII,Rozdział LXXVI,Rzeczowniki,Zwierzęta,Dachshund,Jamnik,,
9960,4,Tom VIII,Rozdział LXXVI,Rzeczowniki,Zwierzęta,Pony,Kucyk,,
9961,4,Tom VIII,Rozdział LXXVI,Rzeczowniki,Zwierzęta,Sloth,Leniwiec,,
9962,4,Tom VIII,Rozdział LXXVI,Rzeczowniki,Zwierzęta,Foal,Źrebak,,
9963,4,Tom VIII,Rozdział LXXVI,Rzeczowniki,Zwierzęta,Herd,Stado,,
9964,4,Tom VIII,Rozdział LXXVI,Czasowniki,Niefajne,Enforce,Wymuszać; narzucać,,
9965,4,Tom VIII,Rozdział LXXVI,Czasowniki,Niefajne,Fine,Karać finansowo,,
9966,4,Tom VIII,Rozdział LXXVI,Czasowniki,Niefajne,Grope,Obmacywać; obłapiać,,
9967,4,Tom VIII,Rozdział LXXVI,Czasowniki,Niefajne,Grumble,Narzekać; zrzędzić,,
9968,4,Tom VIII,Rozdział LXXVI,Czasowniki,Niefajne,Hinder,Utrudniać; przeszkadzać w czymś,,
9969,4,Tom VIII,Rozdział LXXVI,Czasowniki,Niefajne,Humiliate,Upokarzać,,
9970,4,Tom VIII,Rozdział LXXVI,Czasowniki,Niefajne,Implicate,Pociągać za sobą; wrabiać (kogoś),,
9971,4,Tom VIII,Rozdział LXXVI,Czasowniki,Niefajne,Lack,Mieć braki,,
9972,4,Tom VIII,Rozdział LXXVI,Czasowniki,Niefajne,Mislead,Mylić; wprowadzać w błąd,,
9973,4,Tom VIII,Rozdział LXXVI,Czasowniki,Niefajne,Overwhelm,Przytłaczać,,
9974,4,Tom VIII,Rozdział LXXVI,Czasowniki,Niefajne,Rage,Wściekać się,,
9975,4,Tom VIII,Rozdział LXXVI,Czasowniki,Niefajne,Resent,Gniewać; obrażać się,,
9976,4,Tom VIII,Rozdział LXXVI,Czasowniki,Niefajne,Scar,Pokiereszować; zostawić bliznę,,
9977,4,Tom VIII,Rozdział LXXVI,Czasowniki,Niefajne,Sob,Szlochać,,
9978,4,Tom VIII,Rozdział LXXVI,Czasowniki,Niefajne,Starve,Głodzić,,
9979,4,Tom VIII,Rozdział LXXVI,Rzeczowniki,Biznes,Stock,Akcja na giełdzie,,
9980,4,Tom VIII,Rozdział LXXVI,Rzeczowniki,Biznes,Omnichannel marketing,Marketing wielokanałowy,,
9981,4,Tom VIII,Rozdział LXXVI,Rzeczowniki,Biznes,Supervisory board member,Członek rady nadzorczej,,
9982,4,Tom VIII,Rozdział LXXVI,Rzeczowniki,Biznes,Dividend,Dywidenda,,
9983,4,Tom VIII,Rozdział LXXVI,Rzeczowniki,Biznes,Leasing,Dzierżawa; leasing,,
9984,4,Tom VIII,Rozdział LXXVI,Rzeczowniki,Biznes,Leverage,Dźwignia finansowa (atut w negocjacjach),,
9985,4,Tom VIII,Rozdział LXXVI,Rzeczowniki,Biznes,Establishment,Ustanowienie; ustalony porządek,,
9986,4,Tom VIII,Rozdział LXXVI,Rzeczowniki,Biznes,Boom,Hossa,,
9987,4,Tom VIII,Rozdział LXXVI,Rzeczowniki,Biznes,Shutdown,Likwidacja (biznesu); zamknięcie (systemu),,
9988,4,Tom VIII,Rozdział LXXVI,Rzeczowniki,Biznes,Lobby,Lobby,,
9989,4,Tom VIII,Rozdział LXXVI,Rzeczowniki,Biznes,Profit margin,Marża zysku,,
9990,4,Tom VIII,Rozdział LXXVI,Rzeczowniki,Biznes,Downtime,Okres przestoju,,
9991,4,Tom VIII,Rozdział LXXVI,Rzeczowniki,Biznes,Subsidiary,Pomocnik; filia; oddział firmy,,
9992,4,Tom VIII,Rozdział LXXVI,Rzeczowniki,Biznes,Submission,Przedłożenie dokumentów; przesłanie materiałów,,
9993,4,Tom VIII,Rozdział LXXVI,Rzeczowniki,Biznes,Undertaking,Przedsięwzięcie,,
9994,4,Tom VIII,Rozdział LXXVI,Przysłówki,Skala I intensywność,Considerably,Znacznie,,
9995,4,Tom VIII,Rozdział LXXVI,Przysłówki,Skala I intensywność,Drastically,Drastycznie,,
9996,4,Tom VIII,Rozdział LXXVI,Przysłówki,Skala I intensywność,Extremely,Niezwykle,,
9997,4,Tom VIII,Rozdział LXXVI,Przysłówki,Skala I intensywność,Intensely,Intensywnie,,
9998,4,Tom VIII,Rozdział LXXVI,Przysłówki,Skala I intensywność,Urgently,Pilnie,,
9999,4,Tom VIII,Rozdział LXXVI,Przysłówki,Skala I intensywność,Exceptionally,Wyjątkowo; nadzwyczajnie,,
10000,4,Tom VIII,Rozdział LXXVI,Przysłówki,Skala I intensywność,Insanely,Szaleńczo; obłędnie,,
10001,4,Tom VIII,Rozdział LXXVI,Przysłówki,Skala I intensywność,Nationwide,Ogólnonarodowo,,
10002,4,Tom VIII,Rozdział LXXVI,Przysłówki,Skala I intensywność,Statistically,Statystycznie,,
10003,4,Tom VIII,Rozdział LXXVI,Przysłówki,Skala I intensywność,Substantially,Znacznie; w znacznym stopniu,,
10004,4,Tom VIII,Rozdział LXXVI,Przysłówki,Skala I intensywność,Utterly,Całkowicie; zupełnie,,
10005,4,Tom VIII,Rozdział LXXVI,Przysłówki,Skala I intensywność,Wildly,Dziko,,
10006,4,Tom VIII,Rozdział LXXVI,Przysłówki,Skala I intensywność,Faintly,Nieznacznie,,
10007,4,Tom VIII,Rozdział LXXVI,Przysłówki,Skala I intensywność,Exhaustively,Wyczerpująco,,
10008,4,Tom VIII,Rozdział LXXVI,Przysłówki,Skala I intensywność,Comprehensively,Gruntownie,,
10009,4,Tom VIII,Rozdział LXXVI,Phrasale,Złota rączka,Put sth up,Wznosić coś; wybudować coś; stawiać coś,,
10010,4,Tom VIII,Rozdział LXXVI,Phrasale,Złota rączka,Put sth together,Składać (z części),,
10011,4,Tom VIII,Rozdział LXXVI,Phrasale,Złota rączka,Go up,Wznieść (budynek),,
10012,4,Tom VIII,Rozdział LXXVI,Phrasale,Złota rączka,Work up,Poprawić coś,,
10013,4,Tom VIII,Rozdział LXXVI,Phrasale,Złota rączka,Build in,Wbudować; wkomponować,,
10014,4,Tom VIII,Rozdział LXXVI,Phrasale,Złota rączka,Do sth up,Podreperować,,
10015,4,Tom VIII,Rozdział LXXVI,Phrasale,Złota rączka,Let down,Przedłużyć (spodnie),,
10016,4,Tom VIII,Rozdział LXXVI,Phrasale,Złota rączka,Let sth out,Poszerzyć (o ubraniu),,
10017,4,Tom VIII,Rozdział LXXVI,Phrasale,Złota rączka,Take sth apart,Rozłożyć coś na części,,
10018,4,Tom VIII,Rozdział LXXVI,Phrasale,Złota rączka,Break down,Rozłożyć na części pierwsze,,
10019,4,Tom VIII,Rozdział LXXVI,Przymiotniki,Społeczeństwo,Industrial,Przemysłowy; fabryczny,,
10020,4,Tom VIII,Rozdział LXXVI,Przymiotniki,Społeczeństwo,Overcrowded,Przepełniony (tłumem),,
10021,4,Tom VIII,Rozdział LXXVI,Przymiotniki,Społeczeństwo,Eco-friendly,Przyjazny środowisku,,
10022,4,Tom VIII,Rozdział LXXVI,Przymiotniki,Społeczeństwo,Widespread,Rozpowszechniony; powszechny,,
10023,4,Tom VIII,Rozdział LXXVI,Przymiotniki,Społeczeństwo,Developed,Rozwinięty,,
10024,4,Tom VIII,Rozdział LXXVI,Przymiotniki,Społeczeństwo,Environmental,Środowiskowy,,
10025,4,Tom VIII,Rozdział LXXVI,Przymiotniki,Społeczeństwo,Worldwide,Światowy,,
10026,4,Tom VIII,Rozdział LXXVI,Przymiotniki,Społeczeństwo,Established,Ustanowiony; ustalony,,
10027,4,Tom VIII,Rozdział LXXVI,Przymiotniki,Społeczeństwo,Reported,Zgłoszony; odnotowany,,
10028,4,Tom VIII,Rozdział LXXVI,Przymiotniki,Społeczeństwo,Anti-war,Anty-wojenny,,
10029,4,Tom VIII,Rozdział LXXVI,Przymiotniki,Społeczeństwo,Contraceptive,Antykoncepcyjny,,
10030,4,Tom VIII,Rozdział LXXVI,Przymiotniki,Społeczeństwo,Ethnic,Etniczny,,
10031,4,Tom VIII,Rozdział LXXVI,Przymiotniki,Społeczeństwo,Corporate,Korporacyjny; wspólny,,
10032,4,Tom VIII,Rozdział LXXVI,Przymiotniki,Społeczeństwo,Residential,Mieszkaniowy; willowy,,
10033,4,Tom VIII,Rozdział LXXVI,Przymiotniki,Społeczeństwo,Non-native,Niebędący językiem ojczystym,,
10034,4,Tom VIII,Rozdział LXXVI,Rzeczowniki,Sport,Hammer throw,Rzut młotem,,
10035,4,Tom VIII,Rozdział LXXVI,Rzeczowniki,Sport,Javelin throw,Rzut oszczepem,,
10036,4,Tom VIII,Rozdział LXXVI,Rzeczowniki,Sport,Luge,Saneczkarstwo,,
10037,4,Tom VIII,Rozdział LXXVI,Rzeczowniki,Sport,Umpire,Sędzia (w tenisie),,
10038,4,Tom VIII,Rozdział LXXVI,Rzeczowniki,Sport,Pole vault,Skok o tyczce,,
10039,4,Tom VIII,Rozdział LXXVI,Rzeczowniki,Sport,Long jump,Skok w dal,,
10040,4,Tom VIII,Rozdział LXXVI,Rzeczowniki,Sport,High jump,Skok wzwyż,,
10041,4,Tom VIII,Rozdział LXXVI,Rzeczowniki,Sport,Shooting sports,Strzelectwo,,
10042,4,Tom VIII,Rozdział LXXVI,Rzeczowniki,Sport,Fencing,Szermierka,,
10043,4,Tom VIII,Rozdział LXXVI,Rzeczowniki,Sport,Relay,Sztafeta,,
10044,4,Tom VIII,Rozdział LXXVI,Rzeczowniki,Sport,Glider,Szybowiec,,
10045,4,Tom VIII,Rozdział LXXVI,Rzeczowniki,Sport,Triple jump,Trójskok,,
10046,4,Tom VIII,Rozdział LXXVI,Rzeczowniki,Sport,Rowing,Wioślarstwo,,
10047,4,Tom VIII,Rozdział LXXVI,Rzeczowniki,Sport,Runner-up,Zdobywca drugiego miejsca,,
10048,4,Tom VIII,Rozdział LXXVI,Rzeczowniki,Sport,Hit,Trafiać,,
10049,2,Tom VIII,Rozdział LXXVI,Rzeczowniki,Społeczeństwo,Retirement,Emerytura (czas po zakończeniu pracy),,
10050,2,Tom VIII,Rozdział LXXVI,Rzeczowniki,Społeczeństwo,Flag,Flaga,,
10051,2,Tom VIII,Rozdział LXXVI,Rzeczowniki,Społeczeństwo,Line,Kolejka,,
10052,2,Tom VIII,Rozdział LXXVI,Rzeczowniki,Społeczeństwo,King,Król,,
10053,2,Tom VIII,Rozdział LXXVI,Rzeczowniki,Społeczeństwo,Queen,Królowa,,
10054,2,Tom VIII,Rozdział LXXVI,Rzeczowniki,Społeczeństwo,State,Państwo; stan usa,,
10055,2,Tom VIII,Rozdział LXXVI,Rzeczowniki,Społeczeństwo,Peace,Pokój,,
10056,2,Tom VIII,Rozdział LXXVI,Rzeczowniki,Społeczeństwo,Politics,Polityka (dziedzina),,
10057,2,Tom VIII,Rozdział LXXVI,Rzeczowniki,Społeczeństwo,Law,Prawo; ustawa,,
10058,2,Tom VIII,Rozdział LXXVI,Rzeczowniki,Społeczeństwo,Prime minister,Premier,,
10059,2,Tom VIII,Rozdział LXXVI,Rzeczowniki,Społeczeństwo,Freedom,Wolność,,
10060,2,Tom VIII,Rozdział LXXVI,Rzeczowniki,Społeczeństwo,President,Prezydent; prezes,,
10061,2,Tom VIII,Rozdział LXXVI,Rzeczowniki,Społeczeństwo,Rule,Przepis; zasada; rządy (prawa),,
10062,2,Tom VIII,Rozdział LXXVI,Rzeczowniki,Społeczeństwo,Government,Rząd,,
10063,2,Tom VIII,Rozdział LXXVI,Rzeczowniki,Społeczeństwo,Society,Społeczeństwo,,
10064,4,Tom VIII,Rozdział LXXVI,Czasowniki,Umysłowe,Reckon,Uważać; sądzić,,
10065,4,Tom VIII,Rozdział LXXVI,Czasowniki,Umysłowe,Acknowledge,Przyznać (że coś jest prawdą); zwracać uwagę na,,
10066,4,Tom VIII,Rozdział LXXVI,Czasowniki,Umysłowe,Adopt,"Przyjąć (teorię, założenie)",,
10067,4,Tom VIII,Rozdział LXXVI,Czasowniki,Umysłowe,Anticipate,Oczekiwać,,
10068,4,Tom VIII,Rozdział LXXVI,Czasowniki,Umysłowe,Distinguish,Odróżniać,,
10069,4,Tom VIII,Rozdział LXXVI,Czasowniki,Umysłowe,Embrace,Przyjmować; akceptować entuzjastycznie (np. Siebie; nowe idee),,
10070,4,Tom VIII,Rozdział LXXVI,Czasowniki,Umysłowe,Exaggerate,Wyolbrzymiać,,
10071,4,Tom VIII,Rozdział LXXVI,Czasowniki,Umysłowe,Foresee,Przewidywać,,
10072,4,Tom VIII,Rozdział LXXVI,Czasowniki,Umysłowe,Intend,Zamierzać; mieć zamiar,,
10073,4,Tom VIII,Rozdział LXXVI,Czasowniki,Umysłowe,Misjudge,Źle ocenić,,
10074,4,Tom VIII,Rozdział LXXVI,Czasowniki,Umysłowe,Picture,Obrazować (wyobrażać sobie),,
10075,4,Tom VIII,Rozdział LXXVI,Czasowniki,Umysłowe,Plot,Kreślić (plan); spiskować,,
10076,4,Tom VIII,Rozdział LXXVI,Czasowniki,Umysłowe,Ponder,Rozmyślać (nad); dumać,,
10077,4,Tom VIII,Rozdział LXXVI,Czasowniki,Umysłowe,Presume,Uznawać (kogoś za np. Zaginionego); zakładać,,
10078,4,Tom VIII,Rozdział LXXVI,Czasowniki,Umysłowe,Underline,Podkreślać,,
10079,4,Tom VIII,Rozdział LXXVII,Przysłówki,Pogoda,Rainy,Deszczowo,,
10080,4,Tom VIII,Rozdział LXXVII,Przysłówki,Pogoda,Sunny,Słonecznie,,
10081,4,Tom VIII,Rozdział LXXVII,Przysłówki,Pogoda,Windy,Wietrznie,,
10082,4,Tom VIII,Rozdział LXXVII,Przysłówki,Pogoda,Cloudy,Pochmurno,,
10083,4,Tom VIII,Rozdział LXXVII,Przysłówki,Pogoda,Chilly,Mroźnie,,
10084,4,Tom VIII,Rozdział LXXVII,Przysłówki,Pogoda,Cloudlessly,Bezchmurnie,,
10085,4,Tom VIII,Rozdział LXXVII,Przysłówki,Pogoda,Damply,Mokro,,
10086,4,Tom VIII,Rozdział LXXVII,Przysłówki,Pogoda,Foggy,Mgliście,,
10087,4,Tom VIII,Rozdział LXXVII,Przysłówki,Pogoda,Freezing,Mrożąco,,
10088,4,Tom VIII,Rozdział LXXVII,Przysłówki,Pogoda,Gloomy,Ponuro,,
10089,4,Tom VIII,Rozdział LXXVII,Przysłówki,Pogoda,Gustily,Wietrzyście,,
10090,4,Tom VIII,Rozdział LXXVII,Przysłówki,Pogoda,Icily,Lodowato,,
10091,4,Tom VIII,Rozdział LXXVII,Przysłówki,Pogoda,Moistly,Wilgotno,,
10092,4,Tom VIII,Rozdział LXXVII,Przysłówki,Pogoda,Searingly,Piekąco,,
10093,4,Tom VIII,Rozdział LXXVII,Przysłówki,Pogoda,Warmly,Ciepło,,
10094,4,Tom VIII,Rozdział LXXVII,Rzeczowniki,Zagrożenie,Bomber,Zamachowiec,,
10095,4,Tom VIII,Rozdział LXXVII,Rzeczowniki,Zagrożenie,Ambush,Zasadzka,,
10096,4,Tom VIII,Rozdział LXXVII,Rzeczowniki,Zagrożenie,Shoplifting,Kradzież sklepowa,,
10097,4,Tom VIII,Rozdział LXXVII,Rzeczowniki,Zagrożenie,Pirate,Pirat,,
10098,4,Tom VIII,Rozdział LXXVII,Rzeczowniki,Zagrożenie,Devastation,Spustoszenie; dewastacja,,
10099,4,Tom VIII,Rozdział LXXVII,Rzeczowniki,Zagrożenie,Blackmail,Szantaż,,
10100,4,Tom VIII,Rozdział LXXVII,Rzeczowniki,Zagrożenie,Hostage,Zakładnik,,
10101,4,Tom VIII,Rozdział LXXVII,Rzeczowniki,Zagrożenie,Defect,Defekt,,
10102,4,Tom VIII,Rozdział LXXVII,Rzeczowniki,Zagrożenie,Fallout,Opad (promieniotwórczy),,
10103,4,Tom VIII,Rozdział LXXVII,Rzeczowniki,Zagrożenie,Blackout,Przerwa w dostawie prądu; utrata przytomności,,
10104,4,Tom VIII,Rozdział LXXVII,Rzeczowniki,Zagrożenie,Obstacle,Przeszkoda,,
10105,4,Tom VIII,Rozdział LXXVII,Rzeczowniki,Zagrożenie,Threat,Groźba,,
10106,4,Tom VIII,Rozdział LXXVII,Rzeczowniki,Zagrożenie,Stick,Kij; rózga,,
10107,4,Tom VIII,Rozdział LXXVII,Rzeczowniki,Zagrożenie,Killer,Zabójca,,
10108,4,Tom VIII,Rozdział LXXVII,Rzeczowniki,Zagrożenie,Hostage,Zakładnik,,
10109,4,Tom VIII,Rozdział LXXVII,Slang,Slang 33,Dry ice,Sztuczna biżuteria (dla frajerów),,
10110,4,Tom VIII,Rozdział LXXVII,Slang,Slang 33,Fashion roadkill,Tandetne ciuchy,,
10111,4,Tom VIII,Rozdział LXXVII,Slang,Slang 33,Man purse,Piterek; nerka,,
10112,4,Tom VIII,Rozdział LXXVII,Slang,Slang 33,Off the heezy,Prosto z butiku,,
10113,4,Tom VIII,Rozdział LXXVII,Slang,Slang 33,Duds,Łachy,,
10114,4,Tom VIII,Rozdział LXXVII,Slang,Slang 33,Face paint,Tapeta (makijaż),,
10115,4,Tom VIII,Rozdział LXXVII,Slang,Slang 33,Ensemble,Wdzianko; zestaw ubrań,,
10116,4,Tom VIII,Rozdział LXXVII,Slang,Slang 33,Vogue,Top trendy,,
10117,4,Tom VIII,Rozdział LXXVII,Slang,Slang 33,Fresh,Świetnie wyglądający,,
10118,4,Tom VIII,Rozdział LXXVII,Slang,Slang 33,Fad,Chwilowa moda,,
10119,4,Tom VIII,Rozdział LXXVII,Przymiotniki,Rozkmina,Comprehensive,Wszechstronny; wyczerpujący,,
10120,4,Tom VIII,Rozdział LXXVII,Przymiotniki,Rozkmina,Questionable,Sporny; wątpliwy,,
10121,4,Tom VIII,Rozdział LXXVII,Przymiotniki,Rozkmina,Contradictory,Sprzeczny,,
10122,4,Tom VIII,Rozdział LXXVII,Przymiotniki,Rozkmina,Peculiar,Osobliwy,,
10123,4,Tom VIII,Rozdział LXXVII,Przymiotniki,Rozkmina,Coherent,Spójny; konsekwentny,,
10124,4,Tom VIII,Rozdział LXXVII,Przymiotniki,Rozkmina,Worthwhile,Wart zachodu; opłacalny,,
10125,4,Tom VIII,Rozdział LXXVII,Przymiotniki,Rozkmina,Doubtful,Wątpliwy,,
10126,4,Tom VIII,Rozdział LXXVII,Przymiotniki,Rozkmina,Explicable,Wytłumaczalny,,
10127,4,Tom VIII,Rozdział LXXVII,Przymiotniki,Rozkmina,Mind-boggling,Wprawiający o zawrót głowy,,
10128,4,Tom VIII,Rozdział LXXVII,Przymiotniki,Rozkmina,Acquainted,Zapoznany,,
10129,4,Tom VIII,Rozdział LXXVII,Przymiotniki,Rozkmina,Coincident,Zbieżny,,
10130,4,Tom VIII,Rozdział LXXVII,Przymiotniki,Rozkmina,Hesitant,Niezdecydowany,,
10131,4,Tom VIII,Rozdział LXXVII,Przymiotniki,Rozkmina,Misleading,Mylny; wprowadzający w błąd,,
10132,4,Tom VIII,Rozdział LXXVII,Przymiotniki,Rozkmina,Computable,Obliczalny,,
10133,4,Tom VIII,Rozdział LXXVII,Przymiotniki,Rozkmina,Solvable,Mający rozwiązanie; dający się rozwiązać,,
10134,4,Tom VIII,Rozdział LXXVII,Przymiotniki,Biznes,Enclosed,Dołączony; załączony,,
10135,4,Tom VIII,Rozdział LXXVII,Przymiotniki,Biznes,Door-to-door,Domokrążny,,
10136,4,Tom VIII,Rozdział LXXVII,Przymiotniki,Biznes,Wholesale,Hurtowy,,
10137,4,Tom VIII,Rozdział LXXVII,Przymiotniki,Biznes,Competitive,Konkurencyjny,,
10138,4,Tom VIII,Rozdział LXXVII,Przymiotniki,Biznes,Counterproductive,Dający odwrotny skutek; bezcelowy; jałowy,,
10139,4,Tom VIII,Rozdział LXXVII,Przymiotniki,Biznes,Full-scale,Na szeroką skalę; duży,,
10140,4,Tom VIII,Rozdział LXXVII,Przymiotniki,Biznes,Non-profit,Nie dla zysku (organizacja),,
10141,4,Tom VIII,Rozdział LXXVII,Przymiotniki,Biznes,Middle-income,O średnich dochodach,,
10142,4,Tom VIII,Rozdział LXXVII,Przymiotniki,Biznes,Prepaid,Opłacony z góry,,
10143,4,Tom VIII,Rozdział LXXVII,Przymiotniki,Biznes,Confidential,Poufny,,
10144,4,Tom VIII,Rozdział LXXVII,Przymiotniki,Biznes,Thriving,Prężnie rozwijający się,,
10145,4,Tom VIII,Rozdział LXXVII,Przymiotniki,Biznes,Superior,Przełożony,,
10146,4,Tom VIII,Rozdział LXXVII,Przymiotniki,Biznes,Assigned,Przypisany (np. Do zadania),,
10147,4,Tom VIII,Rozdział LXXVII,Przymiotniki,Biznes,Well-to-do,Dobrze sobie radzący; zamożny,,
10148,4,Tom VIII,Rozdział LXXVII,Przymiotniki,Biznes,Working-class,Robotniczy,,
10149,4,Tom VIII,Rozdział LXXVII,Phrasale,To już (prawie) koniec,Pass out,Mdleć; stracić przytomność,,
10150,4,Tom VIII,Rozdział LXXVII,Phrasale,To już (prawie) koniec,Pass away,Umrzeć; przeminąć,,
10151,4,Tom VIII,Rozdział LXXVII,Phrasale,To już (prawie) koniec,Do sb in,Zabić; wykończyć kogoś,,
10152,4,Tom VIII,Rozdział LXXVII,Phrasale,To już (prawie) koniec,Knock off,Sprzątnąć kogoś; zabić kogoś,,
10153,4,Tom VIII,Rozdział LXXVII,Phrasale,To już (prawie) koniec,Knock out,Pozbawić kogoś przytomności,,
10154,4,Tom VIII,Rozdział LXXVII,Phrasale,To już (prawie) koniec,Black out,Zemdleć; odpłynąć,,
10155,4,Tom VIII,Rozdział LXXVII,Phrasale,To już (prawie) koniec,Cut sb out,Wyeliminować kogoś,,
10156,4,Tom VIII,Rozdział LXXVII,Phrasale,To już (prawie) koniec,Die out,Wymierać; zanikać (np. Dynastia),,
10157,4,Tom VIII,Rozdział LXXVII,Phrasale,To już (prawie) koniec,Put down,Uśpić (np. Zwierzę),,
10158,4,Tom VIII,Rozdział LXXVII,Phrasale,To już (prawie) koniec,Keel over,Przekręcić się; umrzeć nagle,,
10159,4,Tom VIII,Rozdział LXXVII,Rzeczowniki,Media,Controversy,Kontrowersja,,
10160,4,Tom VIII,Rozdział LXXVII,Rzeczowniki,Media,Correspondent,Korespondent,,
10161,4,Tom VIII,Rozdział LXXVII,Rzeczowniki,Media,Footage,Materiał (filmowy),,
10162,4,Tom VIII,Rozdział LXXVII,Rzeczowniki,Media,Headline,Nagłówek,,
10163,4,Tom VIII,Rozdział LXXVII,Rzeczowniki,Media,Recording,Nagranie,,
10164,4,Tom VIII,Rozdział LXXVII,Rzeczowniki,Media,Subtitles,Napisy,,
10165,4,Tom VIII,Rozdział LXXVII,Rzeczowniki,Media,Cast,Obsada,,
10166,4,Tom VIII,Rozdział LXXVII,Rzeczowniki,Media,Spectator,Oglądający; widz,,
10167,4,Tom VIII,Rozdział LXXVII,Rzeczowniki,Media,Announcement,Ogłoszenie,,
10168,4,Tom VIII,Rozdział LXXVII,Rzeczowniki,Media,Operator,Operator,,
10169,4,Tom VIII,Rozdział LXXVII,Rzeczowniki,Media,Paparazzi,Paparazzi,,
10170,4,Tom VIII,Rozdział LXXVII,Rzeczowniki,Media,Preview,"Podgląd; zapowiedź (np. Filmu, serialu)",,
10171,4,Tom VIII,Rozdział LXXVII,Rzeczowniki,Media,Showcase,Pokaz,,
10172,4,Tom VIII,Rozdział LXXVII,Rzeczowniki,Media,Showroom,Pokój wystawowy; showroom,,
10173,4,Tom VIII,Rozdział LXXVII,Rzeczowniki,Media,Popularity,Popularność,,
10174,4,Tom VIII,Rozdział LXXVII,Rzeczowniki,Mile widziane,Honesty,Uczciwość,,
10175,4,Tom VIII,Rozdział LXXVII,Rzeczowniki,Mile widziane,Relief,Ulga,,
10176,4,Tom VIII,Rozdział LXXVII,Rzeczowniki,Mile widziane,Liking,Upodobanie,,
10177,4,Tom VIII,Rozdział LXXVII,Rzeczowniki,Mile widziane,Gratitude,Wdzięczność; podziękowanie,,
10178,4,Tom VIII,Rozdział LXXVII,Rzeczowniki,Mile widziane,Fidelity,Wierność,,
10179,4,Tom VIII,Rozdział LXXVII,Rzeczowniki,Mile widziane,Charm,Wdzięk,,
10180,4,Tom VIII,Rozdział LXXVII,Rzeczowniki,Mile widziane,Engagement,Zaangażowanie,,
10181,4,Tom VIII,Rozdział LXXVII,Rzeczowniki,Mile widziane,Fascination,Zachwyt; fascynacja,,
10182,4,Tom VIII,Rozdział LXXVII,Rzeczowniki,Mile widziane,Confidence,Zaufanie; wiara; ufność,,
10183,4,Tom VIII,Rozdział LXXVII,Rzeczowniki,Mile widziane,Commitment,Zobowiązanie; oddanie (sprawie),,
10184,4,Tom VIII,Rozdział LXXVII,Rzeczowniki,Mile widziane,Goodwill,Dobra wola,,
10185,4,Tom VIII,Rozdział LXXVII,Rzeczowniki,Mile widziane,Kindness,Życzliwość; uprzejmość,,
10186,4,Tom VIII,Rozdział LXXVII,Rzeczowniki,Mile widziane,Curiosity,Ciekawość,,
10187,4,Tom VIII,Rozdział LXXVII,Rzeczowniki,Mile widziane,Patience,Cierpliwość,,
10188,4,Tom VIII,Rozdział LXXVII,Rzeczowniki,Mile widziane,Flexibility,Elastyczność,,
10189,4,Tom VIII,Rozdział LXXVII,Slang,Slang 34,Lucre,Mamona,,
10190,4,Tom VIII,Rozdział LXXVII,Slang,Slang 34,Plastic,Hajs na karcie,,
10191,4,Tom VIII,Rozdział LXXVII,Slang,Slang 34,Shin,1 dolarowy banknot,,
10192,4,Tom VIII,Rozdział LXXVII,Slang,Slang 34,Big ones,Pajda w tysiakach,,
10193,4,Tom VIII,Rozdział LXXVII,Slang,Slang 34,Bills,Pliki (banknotów),,
10194,4,Tom VIII,Rozdział LXXVII,Slang,Slang 34,C-note,100 dolarowy banknot; stówka,,
10195,4,Tom VIII,Rozdział LXXVII,Slang,Slang 34,Dead presidents,Forsa (martwi prezydenci),,
10196,4,Tom VIII,Rozdział LXXVII,Slang,Slang 34,Franklins,100 dolarów,,
10197,4,Tom VIII,Rozdział LXXVII,Slang,Slang 34,Grace,Łapówa,,
10198,4,Tom VIII,Rozdział LXXVII,Slang,Slang 34,Milk,Szmal,,
10199,4,Tom VIII,Rozdział LXXVII,Przysłówki,Przysłówki 6,Alike,Jednakowo; tak samo,,
10200,4,Tom VIII,Rozdział LXXVII,Przysłówki,Przysłówki 6,Randomly,Losowo,,
10201,4,Tom VIII,Rozdział LXXVII,Przysłówki,Przysłówki 6,Traditionally,Tradycyjnie,,
10202,4,Tom VIII,Rozdział LXXVII,Przysłówki,Przysłówki 6,Casually,Swobodnie; mimochodem,,
10203,4,Tom VIII,Rozdział LXXVII,Przysłówki,Przysłówki 6,Evenly,Równomiernie; równo,,
10204,4,Tom VIII,Rozdział LXXVII,Przysłówki,Przysłówki 6,Appropriately,Odpowiednio,,
10205,4,Tom VIII,Rozdział LXXVII,Przysłówki,Przysłówki 6,Consistently,Konsekwentnie (w sposób spójny),,
10206,4,Tom VIII,Rozdział LXXVII,Przysłówki,Przysłówki 6,Superficially,Powierzchownie,,
10207,4,Tom VIII,Rozdział LXXVII,Przysłówki,Przysłówki 6,Accidentally,Przypadkowo,,
10208,4,Tom VIII,Rozdział LXXVII,Przysłówki,Przysłówki 6,Artificially,Sztucznie (nienaturalnie),,
10209,4,Tom VIII,Rozdział LXXVII,Przysłówki,Przysłówki 6,Categorically,Kategorycznie,,
10210,4,Tom VIII,Rozdział LXXVII,Przysłówki,Przysłówki 6,Remarkably,Wybitnie,,
10211,4,Tom VIII,Rozdział LXXVII,Przysłówki,Przysłówki 6,Steadily,Stale; stabilnie,,
10212,4,Tom VIII,Rozdział LXXVII,Przysłówki,Przysłówki 6,Usefully,Użytecznie,,
10213,4,Tom VIII,Rozdział LXXVII,Przysłówki,Przysłówki 6,Uselessly,Bezużytecznie,,
10214,4,Tom VIII,Rozdział LXXVIII,Rzeczowniki,Unikać,Exaggeration,Przesada,,
10215,4,Tom VIII,Rozdział LXXVIII,Rzeczowniki,Unikać,Despondency,Przygnębienie; poczucie bezradności,,
10216,4,Tom VIII,Rozdział LXXVIII,Rzeczowniki,Unikać,Distraction,Roztargnienie,,
10217,4,Tom VIII,Rozdział LXXVIII,Rzeczowniki,Unikać,Selfishness,Samolubstwo,,
10218,4,Tom VIII,Rozdział LXXVIII,Rzeczowniki,Unikać,Daydream,Sen na jawie,,
10219,4,Tom VIII,Rozdział LXXVIII,Rzeczowniki,Unikać,Stinginess,Skąpstwo,,
10220,4,Tom VIII,Rozdział LXXVIII,Rzeczowniki,Unikać,Cowardice,Tchórzostwo,,
10221,4,Tom VIII,Rozdział LXXVIII,Rzeczowniki,Unikać,Homesickness,Tęsknota za domem,,
10222,4,Tom VIII,Rozdział LXXVIII,Rzeczowniki,Unikać,Hardship,"Trud, niedola",,
10223,4,Tom VIII,Rozdział LXXVIII,Rzeczowniki,Unikać,Grudge,Uraza,,
10224,4,Tom VIII,Rozdział LXXVIII,Rzeczowniki,Unikać,Mental block,Zaćmienie umysłu,,
10225,4,Tom VIII,Rozdział LXXVIII,Rzeczowniki,Unikać,Conceitedness,Zarozumiałość,,
10226,4,Tom VIII,Rozdział LXXVIII,Rzeczowniki,Unikać,Spite,Złośliwość,,
10227,4,Tom VIII,Rozdział LXXVIII,Rzeczowniki,Unikać,Setback,Niepowodzenie,,
10228,4,Tom VIII,Rozdział LXXVIII,Rzeczowniki,Unikać,Burden,Obciążenie; brzemię,,
10229,4,Tom VIII,Rozdział LXXVIII,Rzeczowniki,Dolegliwości,Operating room,Sala operacyjna,,
10230,4,Tom VIII,Rozdział LXXVIII,Rzeczowniki,Dolegliwości,Itch,Świąd,,
10231,4,Tom VIII,Rozdział LXXVIII,Rzeczowniki,Dolegliwości,Tranquilizer,Środek uspokajający,,
10232,4,Tom VIII,Rozdział LXXVIII,Rzeczowniki,Dolegliwości,Blackhead,Wągier,,
10233,4,Tom VIII,Rozdział LXXVIII,Rzeczowniki,Dolegliwości,Exhaustion,Wyczerpanie,,
10234,4,Tom VIII,Rozdział LXXVIII,Rzeczowniki,Dolegliwości,Cross-eyes,Zez,,
10235,4,Tom VIII,Rozdział LXXVIII,Rzeczowniki,Dolegliwości,Tiredness,Zmęczenie,,
10236,4,Tom VIII,Rozdział LXXVIII,Rzeczowniki,Dolegliwości,Anesthesia,Znieczulenie,,
10237,4,Tom VIII,Rozdział LXXVIII,Rzeczowniki,Dolegliwości,Dislocation,Zwichnięcie,,
10238,4,Tom VIII,Rozdział LXXVIII,Rzeczowniki,Dolegliwości,Tonsillitis,Angina,,
10239,4,Tom VIII,Rozdział LXXVIII,Rzeczowniki,Dolegliwości,Gauze,Gaza,,
10240,4,Tom VIII,Rozdział LXXVIII,Rzeczowniki,Dolegliwości,X-ray,Prześwietlenie,,
10241,4,Tom VIII,Rozdział LXXVIII,Rzeczowniki,Dolegliwości,Vaccine,Szczepionka,,
10242,4,Tom VIII,Rozdział LXXVIII,Rzeczowniki,Dolegliwości,Virus,Wirus,,
10243,4,Tom VIII,Rozdział LXXVIII,Rzeczowniki,Dolegliwości,Treatment,Zabieg; leczenie,,
10244,4,Tom VIII,Rozdział LXXVIII,Phrasale,Światło,Light up,Oświetlać coś; zaświecić; zapalić się,,
10245,4,Tom VIII,Rozdział LXXVIII,Phrasale,Światło,Clear up,Przejaśniać się,,
10246,4,Tom VIII,Rozdział LXXVIII,Phrasale,Światło,Turn down,Przygaszać (światło),,
10247,4,Tom VIII,Rozdział LXXVIII,Phrasale,Światło,Put out sth,Zgasić coś; ugasić coś,,
10248,4,Tom VIII,Rozdział LXXVIII,Phrasale,Światło,Go out,Zgasnąć,,
10249,4,Tom VIII,Rozdział LXXVIII,Phrasale,Światło,Go up,Rozjaśniać się (światła),,
10250,4,Tom VIII,Rozdział LXXVIII,Phrasale,Światło,Let out,"Wydawać; emitować (np. Światło, dźwięk)",,
10251,4,Tom VIII,Rozdział LXXVIII,Phrasale,Światło,Burn out,Wypalać się,,
10252,4,Tom VIII,Rozdział LXXVIII,Phrasale,Światło,Block sth out,"Zablokować (np. Światło, wspomnienia); odciąć się od czegoś",,
10253,4,Tom VIII,Rozdział LXXVIII,Phrasale,Światło,Flare up,Rozbłysnąć,,
10254,4,Tom VIII,Rozdział LXXVIII,Rzeczowniki,Wieś,Plow,Pług,,
10255,4,Tom VIII,Rozdział LXXVIII,Rzeczowniki,Wieś,Yard,Podwórze,,
10256,4,Tom VIII,Rozdział LXXVIII,Rzeczowniki,Wieś,Farmland,Pole uprawne,,
10257,4,Tom VIII,Rozdział LXXVIII,Rzeczowniki,Wieś,Hay,Siano,,
10258,4,Tom VIII,Rozdział LXXVIII,Rzeczowniki,Wieś,Straw,Słoma,,
10259,4,Tom VIII,Rozdział LXXVIII,Rzeczowniki,Wieś,Village administrator,Sołtys,,
10260,4,Tom VIII,Rozdział LXXVIII,Rzeczowniki,Wieś,Well,Studnia,,
10261,4,Tom VIII,Rozdział LXXVIII,Rzeczowniki,Wieś,Shed,Szopa,,
10262,4,Tom VIII,Rozdział LXXVIII,Rzeczowniki,Wieś,Spade,Szpadel,,
10263,4,Tom VIII,Rozdział LXXVIII,Rzeczowniki,Wieś,Rail,Sztacheta,,
10264,4,Tom VIII,Rozdział LXXVIII,Rzeczowniki,Wieś,Swine,Trzoda chlewna,,
10265,4,Tom VIII,Rozdział LXXVIII,Rzeczowniki,Wieś,Pitchfork,Widły,,
10266,4,Tom VIII,Rozdział LXXVIII,Rzeczowniki,Wieś,Croft,Małe gospodarstwo rolne,,
10267,4,Tom VIII,Rozdział LXXVIII,Rzeczowniki,Wieś,Harvest,Żniwa; zbiory,,
10268,4,Tom VIII,Rozdział LXXVIII,Rzeczowniki,Wieś,Rye,Żyto,,
10269,4,Tom VIII,Rozdział LXXVIII,Czasowniki,Ruch I bezczynność,Dodge,Unikać (robić unik),,
10270,4,Tom VIII,Rozdział LXXVIII,Czasowniki,Ruch I bezczynność,Emerge,Wynurzać się,,
10271,4,Tom VIII,Rozdział LXXVIII,Czasowniki,Ruch I bezczynność,Freeze,Stać w bezruchu,,
10272,4,Tom VIII,Rozdział LXXVIII,Czasowniki,Ruch I bezczynność,Leap,Przeskakiwać (nad czymś),,
10273,4,Tom VIII,Rozdział LXXVIII,Czasowniki,Ruch I bezczynność,Pop,Wyskakiwać; pękać; rozerwać,,
10274,4,Tom VIII,Rozdział LXXVIII,Czasowniki,Ruch I bezczynność,Slump,Spadać gwałtownie,,
10275,4,Tom VIII,Rozdział LXXVIII,Czasowniki,Ruch I bezczynność,Stagger,Zataczać się; oszałamiać,,
10276,4,Tom VIII,Rozdział LXXVIII,Czasowniki,Ruch I bezczynność,Track,Śledzić; tropić,,
10277,4,Tom VIII,Rozdział LXXVIII,Czasowniki,Ruch I bezczynność,Whirl,Wirować,,
10278,4,Tom VIII,Rozdział LXXVIII,Czasowniki,Ruch I bezczynność,Circulate,Krążyć,,
10279,4,Tom VIII,Rozdział LXXVIII,Czasowniki,Ruch I bezczynność,Pursue,Ścigać,,
10280,4,Tom VIII,Rozdział LXXVIII,Czasowniki,Ruch I bezczynność,Revolve,Obracać się wokół własnej osi,,
10281,4,Tom VIII,Rozdział LXXVIII,Czasowniki,Ruch I bezczynność,Seat,Posadzić; sadzać,,
10282,4,Tom VIII,Rozdział LXXVIII,Czasowniki,Ruch I bezczynność,Straddle,Siedzieć okrakiem,,
10283,4,Tom VIII,Rozdział LXXVIII,Czasowniki,Ruch I bezczynność,Swirl,Kręcić (się) w koło,,
10284,4,Tom VIII,Rozdział LXXVIII,Przymiotniki,Natura,Ripe,Dojrzały (np. Owoc); gotowy,,
10285,4,Tom VIII,Rozdział LXXVIII,Przymiotniki,Natura,Venomous,Jadowity,,
10286,4,Tom VIII,Rozdział LXXVIII,Przymiotniki,Natura,Carnivorous,Mięsożerny,,
10287,4,Tom VIII,Rozdział LXXVIII,Przymiotniki,Natura,Nocturnal,Nocny (zwierzę),,
10288,4,Tom VIII,Rozdział LXXVIII,Przymiotniki,Natura,Immune,Odporny; niewrażliwy (na choroby),,
10289,4,Tom VIII,Rozdział LXXVIII,Przymiotniki,Natura,Tame,Oswojony,,
10290,4,Tom VIII,Rozdział LXXVIII,Przymiotniki,Natura,Fertile,Płodny; żyzny,,
10291,4,Tom VIII,Rozdział LXXVIII,Przymiotniki,Natura,Maggoty,Robaczywy,,
10292,4,Tom VIII,Rozdział LXXVIII,Przymiotniki,Natura,Herbivorous,Roślinożerny,,
10293,4,Tom VIII,Rozdział LXXVIII,Przymiotniki,Natura,Omnivorous,Wszystkożerny,,
10294,4,Tom VIII,Rozdział LXXVIII,Przymiotniki,Natura,Smooth-haired,Gładkowłosy,,
10295,4,Tom VIII,Rozdział LXXVIII,Przymiotniki,Natura,Wire-haired,Szorstkowłosy,,
10296,4,Tom VIII,Rozdział LXXVIII,Przymiotniki,Natura,Steep,Stromy; ostry,,
10297,4,Tom VIII,Rozdział LXXVIII,Przymiotniki,Natura,Extinct,Wymarły,,
10298,4,Tom VIII,Rozdział LXXVIII,Przymiotniki,Natura,Venomous,Jadowity,,
10299,4,Tom VIII,Rozdział LXXVIII,Phrasale,Komunikacja,Put sb on,Dać kogoś do telefonu,,
10300,4,Tom VIII,Rozdział LXXVIII,Phrasale,Komunikacja,Get through to,Połączyć się (przez telefon),,
10301,4,Tom VIII,Rozdział LXXVIII,Phrasale,Komunikacja,Follow up on,"Kontynuować; wrócić (do wątku, rozmowy); nawiązać do",,
10302,4,Tom VIII,Rozdział LXXVIII,Phrasale,Komunikacja,Get sb in,Zawołać kogoś; wezwać kogoś,,
10303,4,Tom VIII,Rozdział LXXVIII,Phrasale,Komunikacja,Get sth out of sb,Wyciągnąć coś z kogoś,,
10304,4,Tom VIII,Rozdział LXXVIII,Phrasale,Komunikacja,Put sb through,Przekierować rozmowę do kogoś,,
10305,4,Tom VIII,Rozdział LXXVIII,Phrasale,Komunikacja,Choke up,Mieć ściśnięte gardło z powodu silnych emocji; bardzo się wzruszać,,
10306,4,Tom VIII,Rozdział LXXVIII,Phrasale,Komunikacja,Open up,Otworzyć się przed kimś,,
10307,4,Tom VIII,Rozdział LXXVIII,Phrasale,Komunikacja,Bang on,Gadać bez przerwy; przynudzać,,
10308,4,Tom VIII,Rozdział LXXVIII,Phrasale,Komunikacja,Go against,Sprzeciwiać się czemuś,,
10309,4,Tom VIII,Rozdział LXXVIII,Slang,Slang 35,Swipe left,Olać to,,
10310,4,Tom VIII,Rozdział LXXVIII,Slang,Slang 35,That's what she said,Twoja laska powiedziała wczoraj to samo,,
10311,4,Tom VIII,Rozdział LXXVIII,Slang,Slang 35,Whatshisface,Ten jak mu tam,,
10312,4,Tom VIII,Rozdział LXXVIII,Slang,Slang 35,Sus,Podejrzane,,
10313,4,Tom VIII,Rozdział LXXVIII,Slang,Slang 35,Black flag,Koniec z tym,,
10314,4,Tom VIII,Rozdział LXXVIII,Slang,Slang 35,Five-o,Policja idzie!,,
10315,4,Tom VIII,Rozdział LXXVIII,Slang,Slang 35,Your mom,Twoja stara,,
10316,4,Tom VIII,Rozdział LXXVIII,Slang,Slang 35,Rain on one's parade,Zgasić kogoś,,
10317,4,Tom VIII,Rozdział LXXVIII,Slang,Slang 35,That's bull,Chrzanienie,,
10318,4,Tom VIII,Rozdział LXXVIII,Slang,Slang 35,Scram,Spadaj,,
10319,4,Tom VIII,Rozdział LXXVIII,Rzeczowniki,Nauki ścisłe,Extraction of a root,Pierwiastkowanie,,
10320,4,Tom VIII,Rozdział LXXVIII,Rzeczowniki,Nauki ścisłe,Contradiction,Sprzeczność,,
10321,4,Tom VIII,Rozdział LXXVIII,Rzeczowniki,Nauki ścisłe,Differentiation,Różniczkowanie,,
10322,4,Tom VIII,Rozdział LXXVIII,Rzeczowniki,Nauki ścisłe,Terminology,Terminologia,,
10323,4,Tom VIII,Rozdział LXXVIII,Rzeczowniki,Nauki ścisłe,Coefficient,Współczynnik,,
10324,4,Tom VIII,Rozdział LXXVIII,Rzeczowniki,Nauki ścisłe,Loop,Zapętlenie,,
10325,4,Tom VIII,Rozdział LXXVIII,Rzeczowniki,Nauki ścisłe,Alkali,Zasada (poziom ph),,
10326,4,Tom VIII,Rozdział LXXVIII,Rzeczowniki,Nauki ścisłe,Incentive,Bodziec; zachęta,,
10327,4,Tom VIII,Rozdział LXXVIII,Rzeczowniki,Nauki ścisłe,Variable,Zmienna,,
10328,4,Tom VIII,Rozdział LXXVIII,Rzeczowniki,Nauki ścisłe,Expertise,Ekspertyza,,
10329,4,Tom VIII,Rozdział LXXVIII,Rzeczowniki,Nauki ścisłe,Algebra,Algebra,,
10330,4,Tom VIII,Rozdział LXXVIII,Rzeczowniki,Nauki ścisłe,Arithmetics,Arytmetyka,,
10331,4,Tom VIII,Rozdział LXXVIII,Rzeczowniki,Nauki ścisłe,Radius,Promień,,
10332,4,Tom VIII,Rozdział LXXVIII,Rzeczowniki,Nauki ścisłe,Ratio,Stosunek,,
10333,4,Tom VIII,Rozdział LXXVIII,Rzeczowniki,Nauki ścisłe,Diameter,Średnica,,
10334,4,Tom VIII,Rozdział LXXVIII,Przysłówki,Biznes,Actively,Aktywnie,,
10335,4,Tom VIII,Rozdział LXXVIII,Przysłówki,Biznes,Automatically,Automatycznie,,
10336,4,Tom VIII,Rozdział LXXVIII,Przysłówki,Biznes,Legally,Legalnie; prawnie,,
10337,4,Tom VIII,Rozdział LXXVIII,Przysłówki,Biznes,Officially,Oficjalnie,,
10338,4,Tom VIII,Rozdział LXXVIII,Przysłówki,Biznes,Physically,Fizycznie,,
10339,4,Tom VIII,Rozdział LXXVIII,Przysłówki,Biznes,Privately,Prywatnie,,
10340,4,Tom VIII,Rozdział LXXVIII,Przysłówki,Biznes,Professionally,Profesjonalnie; zawodowo,,
10341,4,Tom VIII,Rozdział LXXVIII,Przysłówki,Biznes,Publicly,Publicznie,,
10342,4,Tom VIII,Rozdział LXXVIII,Przysłówki,Biznes,Efficiently,Wydajnie; sprawnie,,
10343,4,Tom VIII,Rozdział LXXVIII,Przysłówki,Biznes,Industrially,Przemysłowo,,
10344,4,Tom VIII,Rozdział LXXVIII,Przysłówki,Biznes,Business-wise,Biznesowo,,
10345,4,Tom VIII,Rozdział LXXVIII,Przysłówki,Biznes,Domestically,Krajowo,,
10346,4,Tom VIII,Rozdział LXXVIII,Przysłówki,Biznes,Diligently,Pracowicie; starannie,,
10347,4,Tom VIII,Rozdział LXXVIII,Przysłówki,Biznes,Resourcefully,Przedsiębiorczo,,
10348,4,Tom VIII,Rozdział LXXVIII,Przysłówki,Biznes,Competitively,Konkurencyjnie,,
10349,4,Tom VIII,Rozdział LXXIX,Phrasale,Ręką,Put sth up,Rozwiesić coś; wywiesić coś (np. Obraz),,
10350,4,Tom VIII,Rozdział LXXIX,Phrasale,Ręką,Tear off,Odrywać; zrywać,,
10351,4,Tom VIII,Rozdział LXXIX,Phrasale,Ręką,Tick off,Odhaczyć coś wykonanego,,
10352,4,Tom VIII,Rozdział LXXIX,Phrasale,Ręką,Hand sth in,Oddawać coś; złożyć (pracę),,
10353,4,Tom VIII,Rozdział LXXIX,Phrasale,Ręką,Pass out,Rozdawać coś grupie (np. Ulotki),,
10354,4,Tom VIII,Rozdział LXXIX,Phrasale,Ręką,Set sth down,Postawić coś niżej,,
10355,4,Tom VIII,Rozdział LXXIX,Phrasale,Ręką,Take down,Przepisać coś,,
10356,4,Tom VIII,Rozdział LXXIX,Phrasale,Ręką,Draw sth up,Sporządzać coś (np. Pismo),,
10357,4,Tom VIII,Rozdział LXXIX,Phrasale,Ręką,Hand sth over,Przekazywać,,
10358,4,Tom VIII,Rozdział LXXIX,Phrasale,Ręką,Pull out,Wyciągnąć,,
10359,4,Tom VIII,Rozdział LXXIX,Rzeczowniki,Ptaki,Vulture,Sęp,,
10360,4,Tom VIII,Rozdział LXXIX,Rzeczowniki,Ptaki,Tit,Sikorka,,
10361,4,Tom VIII,Rozdział LXXIX,Rzeczowniki,Ptaki,Lark,Skowronek,,
10362,4,Tom VIII,Rozdział LXXIX,Rzeczowniki,Ptaki,Falcon,Sokół,,
10363,4,Tom VIII,Rozdział LXXIX,Rzeczowniki,Ptaki,Jay,Sójka,,
10364,4,Tom VIII,Rozdział LXXIX,Rzeczowniki,Ptaki,Magpie,Sroka,,
10365,4,Tom VIII,Rozdział LXXIX,Rzeczowniki,Ptaki,Ostrich,Struś,,
10366,4,Tom VIII,Rozdział LXXIX,Rzeczowniki,Ptaki,Starling,Szpak,,
10367,4,Tom VIII,Rozdział LXXIX,Rzeczowniki,Ptaki,Crane,Żuraw,,
10368,4,Tom VIII,Rozdział LXXIX,Rzeczowniki,Ptaki,Raven,Kruk,,
10369,4,Tom VIII,Rozdział LXXIX,Rzeczowniki,Ptaki,Mockingbird,Drozd,,
10370,4,Tom VIII,Rozdział LXXIX,Rzeczowniki,Ptaki,Hummingbird,Koliber,,
10371,4,Tom VIII,Rozdział LXXIX,Rzeczowniki,Ptaki,Cormorant,Kormoran,,
10372,4,Tom VIII,Rozdział LXXIX,Rzeczowniki,Ptaki,Booby,Głuptak,,
10373,4,Tom VIII,Rozdział LXXIX,Rzeczowniki,Ptaki,Tern,Rybitwa,,
10374,4,Tom VIII,Rozdział LXXIX,Przymiotniki,Przestrzeń I położenie,Parallel,Równoległy,,
10375,4,Tom VIII,Rozdział LXXIX,Przymiotniki,Przestrzeń I położenie,Adjacent,Sąsiedni; przyległy,,
10376,4,Tom VIII,Rozdział LXXIX,Przymiotniki,Przestrzeń I położenie,Placed,Umiejscowiony,,
10377,4,Tom VIII,Rozdział LXXIX,Przymiotniki,Przestrzeń I położenie,Remote,Zdalny; odległy,,
10378,4,Tom VIII,Rozdział LXXIX,Przymiotniki,Przestrzeń I położenie,Perpendicular,Prostopadły,,
10379,4,Tom VIII,Rozdział LXXIX,Przymiotniki,Przestrzeń I położenie,Celestial,"Podniebny;niebiański, niebieski",,
10380,4,Tom VIII,Rozdział LXXIX,Przymiotniki,Przestrzeń I położenie,Overland,Naziemny,,
10381,4,Tom VIII,Rozdział LXXIX,Przymiotniki,Przestrzeń I położenie,Inland,Śródlądowy,,
10382,4,Tom VIII,Rozdział LXXIX,Przymiotniki,Przestrzeń I położenie,Right-hand,Prawostronny; praworęczny,,
10383,4,Tom VIII,Rozdział LXXIX,Przymiotniki,Przestrzeń I położenie,Left-hand,Lewostronny,,
10384,4,Tom VIII,Rozdział LXXIX,Przymiotniki,Przestrzeń I położenie,Continental,Kontynentalny,,
10385,4,Tom VIII,Rozdział LXXIX,Przymiotniki,Przestrzeń I położenie,Proximate,Będący w pobliżu,,
10386,4,Tom VIII,Rozdział LXXIX,Przymiotniki,Przestrzeń I położenie,Coastal,Przybrzeżny,,
10387,4,Tom VIII,Rozdział LXXIX,Przymiotniki,Przestrzeń I położenie,Intercontinental,Międzykontynentalny,,
10388,4,Tom VIII,Rozdział LXXIX,Przymiotniki,Przestrzeń I położenie,Overseas,Zamorski,,
10389,4,Tom VIII,Rozdział LXXIX,Rzeczowniki,Fantasy,Rune,Runa,,
10390,4,Tom VIII,Rozdział LXXIX,Rzeczowniki,Fantasy,Mana,Siła magiczna,,
10391,4,Tom VIII,Rozdział LXXIX,Rzeczowniki,Fantasy,Arrow,Strzałka; strzała,,
10392,4,Tom VIII,Rozdział LXXIX,Rzeczowniki,Fantasy,Saber,Szabla,,
10393,4,Tom VIII,Rozdział LXXIX,Rzeczowniki,Fantasy,Trick,Sztuczka,,
10394,4,Tom VIII,Rozdział LXXIX,Rzeczowniki,Fantasy,Dagger,Sztylet,,
10395,4,Tom VIII,Rozdział LXXIX,Rzeczowniki,Fantasy,Mystery,Tajemnica; zagadka,,
10396,4,Tom VIII,Rozdział LXXIX,Rzeczowniki,Fantasy,Shield,Tarcza,,
10397,4,Tom VIII,Rozdział LXXIX,Rzeczowniki,Fantasy,Teleport,Teleport,,
10398,4,Tom VIII,Rozdział LXXIX,Rzeczowniki,Fantasy,Ax,Topór,,
10399,4,Tom VIII,Rozdział LXXIX,Rzeczowniki,Fantasy,Troll,Troll,,
10400,4,Tom VIII,Rozdział LXXIX,Rzeczowniki,Fantasy,Witch,Wiedźma; czarownica,,
10401,4,Tom VIII,Rozdział LXXIX,Rzeczowniki,Fantasy,Spear,Włóżnia,,
10402,4,Tom VIII,Rozdział LXXIX,Rzeczowniki,Fantasy,Warrior,Wojownik (żołnierz),,
10403,4,Tom VIII,Rozdział LXXIX,Rzeczowniki,Fantasy,Fairy,Wróżka,,
10404,4,Tom VIII,Rozdział LXXIX,Phrasale,Przemieszczanie się,Make for sth,Ruszyć w kierunku czegoś,,
10405,4,Tom VIII,Rozdział LXXIX,Phrasale,Przemieszczanie się,Move in,Posuwać się naprzód,,
10406,4,Tom VIII,Rozdział LXXIX,Phrasale,Przemieszczanie się,Run around,Biegać w tę I z powrotem; być bardzo zajętym,,
10407,4,Tom VIII,Rozdział LXXIX,Phrasale,Przemieszczanie się,Run into sb,Napotkać; wpaść na kogoś,,
10408,4,Tom VIII,Rozdział LXXIX,Phrasale,Przemieszczanie się,Move in on,"Nadciągać (do kogoś, czegoś)",,
10409,4,Tom VIII,Rozdział LXXIX,Phrasale,Przemieszczanie się,Close in,Zbliżać się; otaczać (cel ataku),,
10410,4,Tom VIII,Rozdział LXXIX,Phrasale,Przemieszczanie się,Pop in,Wbić gdzieś,,
10411,4,Tom VIII,Rozdział LXXIX,Phrasale,Przemieszczanie się,Break into,Zrywać się (do biegu),,
10412,4,Tom VIII,Rozdział LXXIX,Phrasale,Przemieszczanie się,Come down,Podróżować na południe,,
10413,4,Tom VIII,Rozdział LXXIX,Phrasale,Przemieszczanie się,Head for sth,Zmierzać ku czemuś (prawdopodobnemu),,
10414,4,Tom VIII,Rozdział LXXIX,Phrasale,Ruch abstrakcyjny,Come up,"Wypływać; pojawiać się (kwestia, temat)",,
10415,4,Tom VIII,Rozdział LXXIX,Phrasale,Ruch abstrakcyjny,Get away with,Uniknąć kary; ujść na sucho,,
10416,4,Tom VIII,Rozdział LXXIX,Phrasale,Ruch abstrakcyjny,Get through sth,Przebrnąć przez coś,,
10417,4,Tom VIII,Rozdział LXXIX,Phrasale,Ruch abstrakcyjny,Go against,Postępować wbrew czemuś,,
10418,4,Tom VIII,Rozdział LXXIX,Phrasale,Ruch abstrakcyjny,Go around,"Krążyć po czymś (np. Opowieści, plotki)  ",,
10419,4,Tom VIII,Rozdział LXXIX,Phrasale,Ruch abstrakcyjny,Go around,Rozprzestrzeniać się po czymś (np. Choroba) ,,
10420,4,Tom VIII,Rozdział LXXIX,Phrasale,Ruch abstrakcyjny,Go into,Pójść w coś (w jakąś branżę),,
10421,4,Tom VIII,Rozdział LXXIX,Phrasale,Ruch abstrakcyjny,Come across as,Uchodzić za kogoś,,
10422,4,Tom VIII,Rozdział LXXIX,Phrasale,Ruch abstrakcyjny,Go without,Obejść się bez czegoś,,
10423,4,Tom VIII,Rozdział LXXIX,Phrasale,Ruch abstrakcyjny,Move on to sth,Przejść do czegoś,,
10424,4,Tom VIII,Rozdział LXXIX,Rzeczowniki,Kraje,Costa rica,Kostaryka,,
10425,4,Tom VIII,Rozdział LXXIX,Rzeczowniki,Kraje,Costa rican,Kostarykanka; kostarykanin,,
10426,4,Tom VIII,Rozdział LXXIX,Rzeczowniki,Kraje,Libya,Libia,,
10427,4,Tom VIII,Rozdział LXXIX,Rzeczowniki,Kraje,Libyan,Libijka; libijczyk,,
10428,4,Tom VIII,Rozdział LXXIX,Rzeczowniki,Kraje,Mali,Mali,,
10429,4,Tom VIII,Rozdział LXXIX,Rzeczowniki,Kraje,Malian,Malijka; malijczyk,,
10430,4,Tom VIII,Rozdział LXXIX,Rzeczowniki,Kraje,Moroccan,Marokanka; marokańczyk,,
10431,4,Tom VIII,Rozdział LXXIX,Rzeczowniki,Kraje,Morocco,Maroko,,
10432,4,Tom VIII,Rozdział LXXIX,Rzeczowniki,Kraje,Mauritania,Mauretania,,
10433,4,Tom VIII,Rozdział LXXIX,Rzeczowniki,Kraje,Mauritanian,Mauretanka; mauretańczyk,,
10434,4,Tom VIII,Rozdział LXXIX,Rzeczowniki,Kraje,Namibia,Namibia,,
10435,4,Tom VIII,Rozdział LXXIX,Rzeczowniki,Kraje,Namibian,Namibijka; namibijczyk,,
10436,4,Tom VIII,Rozdział LXXIX,Rzeczowniki,Kraje,Niger,Niger,,
10437,4,Tom VIII,Rozdział LXXIX,Rzeczowniki,Kraje,Nigeria,Nigeria,,
10438,4,Tom VIII,Rozdział LXXIX,Rzeczowniki,Kraje,Nigerien,Nigerka; nigerczyk,,
10439,4,Tom VIII,Rozdział LXXIX,Czasowniki,Społeczeństwo,Nurture,Wykształcać; wychowywać; karmić (hodować),,
10440,4,Tom VIII,Rozdział LXXIX,Czasowniki,Społeczeństwo,Prescribe,Przepisać (lekarstwo),,
10441,4,Tom VIII,Rozdział LXXIX,Czasowniki,Społeczeństwo,Rebel,Buntować się,,
10442,4,Tom VIII,Rozdział LXXIX,Czasowniki,Społeczeństwo,Reign,Panować (królestwem),,
10443,4,Tom VIII,Rozdział LXXIX,Czasowniki,Społeczeństwo,Seize,Przejąć; zająć,,
10444,4,Tom VIII,Rozdział LXXIX,Czasowniki,Społeczeństwo,Violate,Naruszać; zakłócać (porządek),,
10445,4,Tom VIII,Rozdział LXXIX,Czasowniki,Społeczeństwo,Accustom,Przyzwyczajać; przywyknąć,,
10446,4,Tom VIII,Rozdział LXXIX,Czasowniki,Społeczeństwo,Border,Graniczyć z (czymś); otaczać,,
10447,4,Tom VIII,Rozdział LXXIX,Czasowniki,Społeczeństwo,Convene,Zwoływać; zbierać się,,
10448,4,Tom VIII,Rozdział LXXIX,Czasowniki,Społeczeństwo,Exhibit,Wystawiać; pokazywać (eksponat),,
10449,4,Tom VIII,Rozdział LXXIX,Czasowniki,Społeczeństwo,Expel,Usuwać; wydalać (kogoś z skądś),,
10450,4,Tom VIII,Rozdział LXXIX,Czasowniki,Społeczeństwo,Chant,Skandować,,
10451,4,Tom VIII,Rozdział LXXIX,Czasowniki,Społeczeństwo,Orchestrate,Zorganizować (coś na wielką skalę),,
10452,4,Tom VIII,Rozdział LXXIX,Czasowniki,Społeczeństwo,Rehearse,"Odbywać próby (np. Teatralne, muzyczne)",,
10453,4,Tom VIII,Rozdział LXXIX,Czasowniki,Społeczeństwo,Donate,Przekazać datek; ofiarować,,
10454,4,Tom VIII,Rozdział LXXIX,Przymiotniki,Technologia,High-performance,O dużej wydajności,,
10455,4,Tom VIII,Rozdział LXXIX,Przymiotniki,Technologia,Renewable,Odnawialny,,
10456,4,Tom VIII,Rozdział LXXIX,Przymiotniki,Technologia,Downloaded,Pobrany,,
10457,4,Tom VIII,Rozdział LXXIX,Przymiotniki,Technologia,Portable,Przenośny,,
10458,4,Tom VIII,Rozdział LXXIX,Przymiotniki,Technologia,Adjustable,Regulowany; ustawny,,
10459,4,Tom VIII,Rozdział LXXIX,Przymiotniki,Technologia,Heavy-duty,Trwały; stworzony do ciężkiej pracy,,
10460,4,Tom VIII,Rozdział LXXIX,Przymiotniki,Technologia,Improved,Ulepszony,,
10461,4,Tom VIII,Rozdział LXXIX,Przymiotniki,Technologia,Utile,Użytkowy,,
10462,4,Tom VIII,Rozdział LXXIX,Przymiotniki,Technologia,Defective,Wadliwy,,
10463,4,Tom VIII,Rozdział LXXIX,Przymiotniki,Technologia,Uploaded,Wgrany,,
10464,4,Tom VIII,Rozdział LXXIX,Przymiotniki,Technologia,Reusable,Wielokrotnego użytku,,
10465,4,Tom VIII,Rozdział LXXIX,Przymiotniki,Technologia,Equipped,Wyposażony,,
10466,4,Tom VIII,Rozdział LXXIX,Przymiotniki,Technologia,On-screen,Znajdujący się na ekranie,,
10467,4,Tom VIII,Rozdział LXXIX,Przymiotniki,Technologia,Close-up,"Zbliżony (na zdjęciu, filmie)",,
10468,4,Tom VIII,Rozdział LXXIX,Przymiotniki,Technologia,Attached,Załączony; przywiązany,,
10469,4,Tom VIII,Rozdział LXXIX,Rzeczowniki,Kultura,Cinematography,Kinematografia,,
10470,4,Tom VIII,Rozdział LXXIX,Rzeczowniki,Kultura,Improvisation,Improwizacja,,
10471,4,Tom VIII,Rozdział LXXIX,Rzeczowniki,Kultura,Dance classes,Lekcje tańca,,
10472,4,Tom VIII,Rozdział LXXIX,Rzeczowniki,Kultura,Review,Recenzja,,
10473,4,Tom VIII,Rozdział LXXIX,Rzeczowniki,Kultura,Chorus,Refren,,
10474,4,Tom VIII,Rozdział LXXIX,Rzeczowniki,Kultura,Jukebox,Szafa grająca,,
10475,4,Tom VIII,Rozdział LXXIX,Rzeczowniki,Kultura,Opening,Otwarcie,,
10476,4,Tom VIII,Rozdział LXXIX,Rzeczowniki,Kultura,Performance,Przedstawienie; działanie,,
10477,4,Tom VIII,Rozdział LXXIX,Rzeczowniki,Kultura,Closing,Zamknięcie,,
10478,4,Tom VIII,Rozdział LXXIX,Rzeczowniki,Kultura,Performer,Wykonawca,,
10479,4,Tom VIII,Rozdział LXXIX,Rzeczowniki,Kultura,Sketch,Szkic (rysunku),,
10480,4,Tom VIII,Rozdział LXXIX,Rzeczowniki,Kultura,Myth,Mit,,
10481,4,Tom VIII,Rozdział LXXIX,Rzeczowniki,Kultura,Superstition,Przesąd,,
10482,4,Tom VIII,Rozdział LXXIX,Rzeczowniki,Kultura,Vocalist,Wokalista,,
10483,4,Tom VIII,Rozdział LXXIX,Rzeczowniki,Kultura,Sculptor,Rzeźbiarz,,
10484,4,Tom VIII,Rozdział LXXX,Przymiotniki,Unikać,Adverse,Niekorzystny; niepożądany,,
10485,4,Tom VIII,Rozdział LXXX,Przymiotniki,Unikać,Immoral,Niemoralny,,
10486,4,Tom VIII,Rozdział LXXX,Przymiotniki,Unikać,Tactless,Nietaktowny,,
10487,4,Tom VIII,Rozdział LXXX,Przymiotniki,Unikać,Loathsome,Odrażający,,
10488,4,Tom VIII,Rozdział LXXX,Przymiotniki,Unikać,Coarse,Ordynarny; grubiański,,
10489,4,Tom VIII,Rozdział LXXX,Przymiotniki,Unikać,Deceitful,Oszukańczy; kłamliwy (o sobie),,
10490,4,Tom VIII,Rozdział LXXX,Przymiotniki,Unikać,Numb,Otępiały; sztywny; drętwy,,
10491,4,Tom VIII,Rozdział LXXX,Przymiotniki,Unikać,Sneaky,Podstępny,,
10492,4,Tom VIII,Rozdział LXXX,Przymiotniki,Unikać,Gloomy,Przygnębiający,,
10493,4,Tom VIII,Rozdział LXXX,Przymiotniki,Unikać,Grim,Ponury; srogi,,
10494,4,Tom VIII,Rozdział LXXX,Przymiotniki,Unikać,Horrendous,Potworny; okropny,,
10495,4,Tom VIII,Rozdział LXXX,Przymiotniki,Unikać,Primitive,Prymitywny,,
10496,4,Tom VIII,Rozdział LXXX,Przymiotniki,Unikać,Wasteful,Rozrzutny;nieoszczędny,,
10497,4,Tom VIII,Rozdział LXXX,Przymiotniki,Unikać,Scatterbrained,Roztrzepany,,
10498,4,Tom VIII,Rozdział LXXX,Przymiotniki,Unikać,Promiscuous,Rozwiązły,,
10499,4,Tom VIII,Rozdział LXXX,Rzeczowniki,Biznes,Unemployment rate,Stopa bezrobocia,,
10500,4,Tom VIII,Rozdział LXXX,Rzeczowniki,Biznes,Shipment,Wysyłka towaru,,
10501,4,Tom VIII,Rozdział LXXX,Rzeczowniki,Biznes,Sustainability,Zrównoważony rozwój,,
10502,4,Tom VIII,Rozdział LXXX,Rzeczowniki,Biznes,Social insurance institution,Zus,,
10503,4,Tom VIII,Rozdział LXXX,Rzeczowniki,Biznes,Trade union,Związek zawodowy,,
10504,4,Tom VIII,Rozdział LXXX,Rzeczowniki,Biznes,Return on investment,Zwrot z inwestycji,,
10505,4,Tom VIII,Rozdział LXXX,Rzeczowniki,Biznes,Formality,Formalność,,
10506,4,Tom VIII,Rozdział LXXX,Rzeczowniki,Biznes,Deficit,Deficyt,,
10507,4,Tom VIII,Rozdział LXXX,Rzeczowniki,Biznes,Acquisition,Nabycie; zakup; przejęcie,,
10508,4,Tom VIII,Rozdział LXXX,Rzeczowniki,Biznes,Shareholder,Udziałowiec,,
10509,4,Tom VIII,Rozdział LXXX,Rzeczowniki,Biznes,Stakeholder,Interesariusz,,
10510,4,Tom VIII,Rozdział LXXX,Rzeczowniki,Biznes,Shutdown,Likwidacja (biznesu); zamknięcie (systemu),,
10511,4,Tom VIII,Rozdział LXXX,Rzeczowniki,Biznes,Complaint,Skarga; zażalenie,,
10512,4,Tom VIII,Rozdział LXXX,Rzeczowniki,Biznes,Demand,Popyt,,
10513,4,Tom VIII,Rozdział LXXX,Rzeczowniki,Biznes,Label,Etykieta,,
10514,4,Tom VIII,Rozdział LXXX,Rzeczowniki,Społeczeństwo,Dictatorship,Dyktatura,,
10515,4,Tom VIII,Rozdział LXXX,Rzeczowniki,Społeczeństwo,Ghetto,Getto,,
10516,4,Tom VIII,Rozdział LXXX,Rzeczowniki,Społeczeństwo,Global village,Globalna wioska,,
10517,4,Tom VIII,Rozdział LXXX,Rzeczowniki,Społeczeństwo,Emblem,Godło,,
10518,4,Tom VIII,Rozdział LXXX,Rzeczowniki,Społeczeństwo,Ethnic group,Grupa etniczna,,
10519,4,Tom VIII,Rozdział LXXX,Rzeczowniki,Społeczeństwo,Count,Hrabia,,
10520,4,Tom VIII,Rozdział LXXX,Rzeczowniki,Społeczeństwo,Countess,Hrabina,,
10521,4,Tom VIII,Rozdział LXXX,Rzeczowniki,Społeczeństwo,County,Hrabstwo,,
10522,4,Tom VIII,Rozdział LXXX,Rzeczowniki,Społeczeństwo,Social communication,Komunikacja społeczna,,
10523,4,Tom VIII,Rozdział LXXX,Rzeczowniki,Społeczeństwo,Consul,Konsul,,
10524,4,Tom VIII,Rozdział LXXX,Rzeczowniki,Społeczeństwo,Duchy,Księstwo,,
10525,4,Tom VIII,Rozdział LXXX,Rzeczowniki,Społeczeństwo,Folk,Lud,,
10526,4,Tom VIII,Rozdział LXXX,Rzeczowniki,Społeczeństwo,Social order,Ład społeczny,,
10527,4,Tom VIII,Rozdział LXXX,Rzeczowniki,Społeczeństwo,Migrant,Migrant,,
10528,4,Tom VIII,Rozdział LXXX,Rzeczowniki,Społeczeństwo,Nationalist,Nacjonalista,,
10529,4,Tom VIII,Rozdział LXXX,Czasowniki,Natura,Reflect,Odbijać (np. Światło),,
10530,4,Tom VIII,Rozdział LXXX,Czasowniki,Natura,Rumble,Grzmieć; dudnić; huczeć,,
10531,4,Tom VIII,Rozdział LXXX,Czasowniki,Natura,Seed,Siać; rozsiewać,,
10532,4,Tom VIII,Rozdział LXXX,Czasowniki,Natura,Cluck,Gdakać,,
10533,4,Tom VIII,Rozdział LXXX,Czasowniki,Natura,Growl,Warczeć; pomrukiwać,,
10534,4,Tom VIII,Rozdział LXXX,Czasowniki,Natura,Howl,Wyć,,
10535,4,Tom VIII,Rozdział LXXX,Czasowniki,Natura,Inseminate,Zapładniać,,
10536,4,Tom VIII,Rozdział LXXX,Czasowniki,Natura,Plow,Orać; usuwać,,
10537,4,Tom VIII,Rozdział LXXX,Czasowniki,Natura,Roar,Ryczeć,,
10538,4,Tom VIII,Rozdział LXXX,Czasowniki,Natura,Shear,Strzyc (zwierzęta),,
10539,4,Tom VIII,Rozdział LXXX,Czasowniki,Natura,Squeal,Piszczeć; kwiczeć,,
10540,4,Tom VIII,Rozdział LXXX,Czasowniki,Natura,Sting,Żądlić,,
10541,4,Tom VIII,Rozdział LXXX,Czasowniki,Natura,Tame,Poskramiać,,
10542,4,Tom VIII,Rozdział LXXX,Czasowniki,Natura,Yelp,Skomleć; skowyczeć,,
10543,4,Tom VIII,Rozdział LXXX,Czasowniki,Natura,Rustle,Szeleścić,,
10544,4,Tom VIII,Rozdział LXXX,Phrasale,Umysłowe,Hit upon sth,Wpaść na coś (pomysł); odkryć przypadkiem,,
10545,4,Tom VIII,Rozdział LXXX,Phrasale,Umysłowe,Make out sth,Zrozumieć coś,,
10546,4,Tom VIII,Rozdział LXXX,Phrasale,Umysłowe,Pick up,Załapywać; podłapywać coś (np. Język),,
10547,4,Tom VIII,Rozdział LXXX,Phrasale,Umysłowe,Put sth down to sth,Przypisać coś czemuś,,
10548,4,Tom VIII,Rozdział LXXX,Phrasale,Umysłowe,Rule out,Wykluczyć,,
10549,4,Tom VIII,Rozdział LXXX,Phrasale,Umysłowe,Take sth up,Podchwycić; załapać coś (np. Temat),,
10550,4,Tom VIII,Rozdział LXXX,Phrasale,Umysłowe,Tell sth apart,Rozróżniać,,
10551,4,Tom VIII,Rozdział LXXX,Phrasale,Umysłowe,Think sth over,Zastanawiać się; rozważać; przemyśleć coś,,
10552,4,Tom VIII,Rozdział LXXX,Phrasale,Umysłowe,Think sth up,Wymyślić coś,,
10553,4,Tom VIII,Rozdział LXXX,Phrasale,Umysłowe,Bear out,Potwierdzać; poprzeć,,
10554,4,Tom VIII,Rozdział LXXX,Przymiotniki,Przymiotniki 37,Equivalent,Równoważny,,
10555,4,Tom VIII,Rozdział LXXX,Przymiotniki,Przymiotniki 37,Emphasized,Uwypuklony; podkreślony,,
10556,4,Tom VIII,Rozdział LXXX,Przymiotniki,Przymiotniki 37,Pronounced,Wyraźny,,
10557,4,Tom VIII,Rozdział LXXX,Przymiotniki,Przymiotniki 37,Preventive,Zapobiegawczy,,
10558,4,Tom VIII,Rozdział LXXX,Przymiotniki,Przymiotniki 37,Redundant,Zbędny,,
10559,4,Tom VIII,Rozdział LXXX,Przymiotniki,Przymiotniki 37,Infinite,Nieskończony; nieograniczony,,
10560,4,Tom VIII,Rozdział LXXX,Przymiotniki,Przymiotniki 37,Endless,Niewyczerpany; niezliczony; niekończący się,,
10561,4,Tom VIII,Rozdział LXXX,Przymiotniki,Przymiotniki 37,Inevitable,Nieunikniony; nieuchronny,,
10562,4,Tom VIII,Rozdział LXXX,Przymiotniki,Przymiotniki 37,Steady,Stały,,
10563,4,Tom VIII,Rozdział LXXX,Przymiotniki,Przymiotniki 37,Lacking,Mający braki; brakujący,,
10564,4,Tom VIII,Rozdział LXXX,Przymiotniki,Przymiotniki 37,Overall,Ogólny,,
10565,4,Tom VIII,Rozdział LXXX,Przymiotniki,Przymiotniki 37,Affected,Dotknięty (przez zmiany),,
10566,4,Tom VIII,Rozdział LXXX,Przymiotniki,Przymiotniki 37,Effortless,Łatwy; nie wymagający wysiłku ,,
10567,4,Tom VIII,Rozdział LXXX,Przymiotniki,Przymiotniki 37,Inconvenient,Niedogodny; niewygodny,,
10568,4,Tom VIII,Rozdział LXXX,Przymiotniki,Przymiotniki 37,Superficial,Powierzchowny; pobieżny,,
10569,4,Tom VIII,Rozdział LXXX,Rzeczowniki,Media,Comeback,"Powrót (na scenę, do formy, do świetności)",,
10570,4,Tom VIII,Rozdział LXXX,Rzeczowniki,Media,Premiere,Premiera,,
10571,4,Tom VIII,Rozdział LXXX,Rzeczowniki,Media,Subscription,Prenumerata; subskrypcja,,
10572,4,Tom VIII,Rozdział LXXX,Rzeczowniki,Media,Spin-off,Produkt uboczny; inna wersja czegoś pierwotnego (np. Filmu),,
10573,4,Tom VIII,Rozdział LXXX,Rzeczowniki,Media,Blockbuster,Przebój (kinowy),,
10574,4,Tom VIII,Rozdział LXXX,Rzeczowniki,Media,Remake,Przeróbka,,
10575,4,Tom VIII,Rozdział LXXX,Rzeczowniki,Media,Reviewer,Recenzent,,
10576,4,Tom VIII,Rozdział LXXX,Rzeczowniki,Media,Direction,Reżyseria,,
10577,4,Tom VIII,Rozdział LXXX,Rzeczowniki,Media,Spokesman,Rzecznik prasowy,,
10578,4,Tom VIII,Rozdział LXXX,Rzeczowniki,Media,Scene,Scena (np. W filmie); awantura,,
10579,4,Tom VIII,Rozdział LXXX,Rzeczowniki,Media,Sitcom,Serial komediowy,,
10580,4,Tom VIII,Rozdział LXXX,Rzeczowniki,Media,Show,Widowisko; przedstawienie,,
10581,4,Tom VIII,Rozdział LXXX,Rzeczowniki,Media,Listener,Słuchacz,,
10582,4,Tom VIII,Rozdział LXXX,Rzeczowniki,Media,Poll,Sondaż,,
10583,4,Tom VIII,Rozdział LXXX,Rzeczowniki,Media,Survey,Ankieta,,
10584,4,Tom VIII,Rozdział LXXX,Rzeczowniki,Fantasy,Scroll,Zwój,,
10585,4,Tom VIII,Rozdział LXXX,Rzeczowniki,Fantasy,Alchemy,Alchemia,,
10586,4,Tom VIII,Rozdział LXXX,Rzeczowniki,Fantasy,Alchemist,Alchemik,,
10587,4,Tom VIII,Rozdział LXXX,Rzeczowniki,Fantasy,Centaur,Centaur,,
10588,4,Tom VIII,Rozdział LXXX,Rzeczowniki,Fantasy,Genie,Dżin,,
10589,4,Tom VIII,Rozdział LXXX,Rzeczowniki,Fantasy,Crossbow,Kusza,,
10590,4,Tom VIII,Rozdział LXXX,Rzeczowniki,Fantasy,Shaman,Szaman,,
10591,4,Tom VIII,Rozdział LXXX,Rzeczowniki,Fantasy,Armor,Zbroja,,
10592,4,Tom VIII,Rozdział LXXX,Rzeczowniki,Fantasy,Stronghold,Twierdza,,
10593,4,Tom VIII,Rozdział LXXX,Rzeczowniki,Fantasy,Fortress,Forteca,,
10594,4,Tom VIII,Rozdział LXXX,Rzeczowniki,Fantasy,Knight,Rycerz,,
10595,4,Tom VIII,Rozdział LXXX,Rzeczowniki,Fantasy,Amulet,Amulet,,
10596,4,Tom VIII,Rozdział LXXX,Rzeczowniki,Fantasy,Arcane,Arkana,,
10597,4,Tom VIII,Rozdział LXXX,Rzeczowniki,Fantasy,Basilisk,Bazyliszek,,
10598,4,Tom VIII,Rozdział LXXX,Rzeczowniki,Fantasy,Crossbow bolt,Bełt,,
10599,4,Tom VIII,Rozdział LXXX,Przysłówki,Niefajne,Badly,Źle,,
10600,4,Tom VIII,Rozdział LXXX,Przysłówki,Niefajne,Desperately,Rozpaczliwie; desperacko,,
10601,4,Tom VIII,Rozdział LXXX,Przysłówki,Niefajne,Nervously,Nerwowo,,
10602,4,Tom VIII,Rozdział LXXX,Przysłówki,Niefajne,Tragically,Tragicznie,,
10603,4,Tom VIII,Rozdział LXXX,Przysłówki,Niefajne,Wrongly,Błędnie; źle,,
10604,4,Tom VIII,Rozdział LXXX,Przysłówki,Niefajne,Fatally,Fatalnie; śmiertelnie,,
10605,4,Tom VIII,Rozdział LXXX,Przysłówki,Niefajne,Grudgingly,Niechętnie,,
10606,4,Tom VIII,Rozdział LXXX,Przysłówki,Niefajne,Helplessly,Bezradnie; bezsilnie,,
10607,4,Tom VIII,Rozdział LXXX,Przysłówki,Niefajne,Horribly,Okrutnie; strasznie,,
10608,4,Tom VIII,Rozdział LXXX,Przysłówki,Niefajne,Poorly,Słabo; w kiepski sposób,,
10609,4,Tom VIII,Rozdział LXXX,Przysłówki,Niefajne,Sadly,Niestety; smutno,,
10610,4,Tom VIII,Rozdział LXXX,Przysłówki,Niefajne,Terminally,Nieuleczalnie,,
10611,4,Tom VIII,Rozdział LXXX,Przysłówki,Niefajne,Awry,Opacznie; na opak,,
10612,4,Tom VIII,Rozdział LXXX,Przysłówki,Niefajne,Terribly,Okropnie,,
10613,4,Tom VIII,Rozdział LXXX,Przysłówki,Niefajne,Beneath,Poniżej godności,,
10614,4,Tom VIII,Rozdział LXXX,Rzeczowniki,Kraje,Nigerian,Nigeryjka; nigeryjczyk,,
10615,4,Tom VIII,Rozdział LXXX,Rzeczowniki,Kraje,Nicaragua,Nikaragua,,
10616,4,Tom VIII,Rozdział LXXX,Rzeczowniki,Kraje,Nicaraguan,Nikaraguanka; nikaraguańczyk,,
10617,4,Tom VIII,Rozdział LXXX,Rzeczowniki,Kraje,New zealand,Nowa zelandia,,
10618,4,Tom VIII,Rozdział LXXX,Rzeczowniki,Kraje,New zealander,Nowozelandka; nowozelandczyk,,
10619,4,Tom VIII,Rozdział LXXX,Rzeczowniki,Kraje,Oman,Oman,,
10620,4,Tom VIII,Rozdział LXXX,Rzeczowniki,Kraje,Omani,Omanka; omańczyk,,
10621,4,Tom VIII,Rozdział LXXX,Rzeczowniki,Kraje,Pakistan,Pakistan,,
10622,4,Tom VIII,Rozdział LXXX,Rzeczowniki,Kraje,Pakistani,Pakistanka; pakistańczyk,,
10623,4,Tom VIII,Rozdział LXXX,Rzeczowniki,Kraje,Panama,Panama,,
10624,4,Tom VIII,Rozdział LXXX,Rzeczowniki,Kraje,Panamanian,Panamka; panamczyk,,
10625,4,Tom VIII,Rozdział LXXX,Rzeczowniki,Kraje,Paraguay,Paragwaj,,
10626,4,Tom VIII,Rozdział LXXX,Rzeczowniki,Kraje,Paraguayan,Paragwajka; paragwajczyk,,
10627,4,Tom VIII,Rozdział LXXX,Rzeczowniki,Kraje,Peru,Peru,,
10628,4,Tom VIII,Rozdział LXXX,Rzeczowniki,Kraje,Peruvian,Peruwianka; peruwiańczyk,,
10629,4,Tom IX,Rozdział LXXXI,Rzeczowniki,Społeczeństwo,Nomination,Nominacja,,
10630,4,Tom IX,Rozdział LXXXI,Rzeczowniki,Społeczeństwo,Refugee camp,Obóz dla uchodźców,,
10631,4,Tom IX,Rozdział LXXXI,Rzeczowniki,Społeczeństwo,Resistance,Opór,,
10632,4,Tom IX,Rozdział LXXXI,Rzeczowniki,Społeczeństwo,Immigration policy,Polityka imigracyjna,,
10633,4,Tom IX,Rozdział LXXXI,Rzeczowniki,Społeczeństwo,Populism,Populizm,,
10634,4,Tom IX,Rozdział LXXXI,Rzeczowniki,Społeczeństwo,Postulate,Postulat,,
10635,4,Tom IX,Rozdział LXXXI,Rzeczowniki,Społeczeństwo,Province,Prowincja,,
10636,4,Tom IX,Rozdział LXXXI,Rzeczowniki,Społeczeństwo,Social movement,Ruch społeczny,,
10637,4,Tom IX,Rozdział LXXXI,Rzeczowniki,Społeczeństwo,Socialization,Socjalizacja,,
10638,4,Tom IX,Rozdział LXXXI,Rzeczowniki,Społeczeństwo,Mass society,Społeczeństwo masowe,,
10639,4,Tom IX,Rozdział LXXXI,Rzeczowniki,Społeczeństwo,Local community,Lokalna społeczność,,
10640,4,Tom IX,Rozdział LXXXI,Rzeczowniki,Społeczeństwo,Social structure,Struktura społeczna,,
10641,4,Tom IX,Rozdział LXXXI,Rzeczowniki,Społeczeństwo,Sovereignty,Suwerenność,,
10642,4,Tom IX,Rozdział LXXXI,Rzeczowniki,Społeczeństwo,Culture shock,Szok kulturowy,,
10643,4,Tom IX,Rozdział LXXXI,Rzeczowniki,Społeczeństwo,Security measure,Środek bezpieczeństwa,,
10644,4,Tom IX,Rozdział LXXXI,Przymiotniki,Przymiotniki 38,Idealistic,Idealistyczny,,
10645,4,Tom IX,Rozdział LXXXI,Przymiotniki,Przymiotniki 38,Identical,Identyczny,,
10646,4,Tom IX,Rozdział LXXXI,Przymiotniki,Przymiotniki 38,Impulsive,Impulsywny,,
10647,4,Tom IX,Rozdział LXXXI,Przymiotniki,Przymiotniki 38,Innovative,Innowacyjny,,
10648,4,Tom IX,Rozdział LXXXI,Przymiotniki,Przymiotniki 38,Instrumental,Instrumentalny,,
10649,4,Tom IX,Rozdział LXXXI,Przymiotniki,Przymiotniki 38,Instinctive,Instynktowny,,
10650,4,Tom IX,Rozdział LXXXI,Przymiotniki,Przymiotniki 38,Intellectual,Intelektualny,,
10651,4,Tom IX,Rozdział LXXXI,Przymiotniki,Przymiotniki 38,Ironic,Ironiczny,,
10652,4,Tom IX,Rozdział LXXXI,Przymiotniki,Przymiotniki 38,Irritating,Irytujący,,
10653,4,Tom IX,Rozdział LXXXI,Przymiotniki,Przymiotniki 38,Islamic,Islamski,,
10654,4,Tom IX,Rozdział LXXXI,Przymiotniki,Przymiotniki 38,Catholic,Katolicki,,
10655,4,Tom IX,Rozdział LXXXI,Przymiotniki,Przymiotniki 38,Cosmetic,Kosmetyczny,,
10656,4,Tom IX,Rozdział LXXXI,Przymiotniki,Przymiotniki 38,Mathematical,Matematyczny,,
10657,4,Tom IX,Rozdział LXXXI,Przymiotniki,Przymiotniki 38,Materialistic,Materialistyczy,,
10658,4,Tom IX,Rozdział LXXXI,Przymiotniki,Przymiotniki 38,Mechanical,Mechaniczny,,
10659,4,Tom IX,Rozdział LXXXI,Slang,Slang 36,All balled up,Rozwalony emocjonalnie,,
10660,4,Tom IX,Rozdział LXXXI,Slang,Slang 36,Backseat driver,Osoba krytykująca jazdę kierowcy,,
10661,4,Tom IX,Rozdział LXXXI,Slang,Slang 36,Buzzkill,Psuje zabawę,,
10662,4,Tom IX,Rozdział LXXXI,Slang,Slang 36,Poindexter,"Udaje nerda, ale nie ma jego umiejętności",,
10663,4,Tom IX,Rozdział LXXXI,Slang,Slang 36,Skipper,Wagarowicz,,
10664,4,Tom IX,Rozdział LXXXI,Slang,Slang 36,Buttinsky,Wścibski typ,,
10665,4,Tom IX,Rozdział LXXXI,Slang,Slang 36,Heavyfoot,"Ciężka noga (kierowca, który jeździ bardzo szybko I nieostrożnie)",,
10666,4,Tom IX,Rozdział LXXXI,Slang,Slang 36,Guitarded,Zero umiejętności gry na gitarze,,
10667,4,Tom IX,Rozdział LXXXI,Slang,Slang 36,Dork,Frajer pompka,,
10668,4,Tom IX,Rozdział LXXXI,Slang,Slang 36,Boob,Melepeta,,
10669,4,Tom IX,Rozdział LXXXI,Rzeczowniki,Media,Hype,Szum medialny,,
10670,4,Tom IX,Rozdział LXXXI,Rzeczowniki,Media,Soundtrack,Ścieżka dźwiękowa,,
10671,4,Tom IX,Rozdział LXXXI,Rzeczowniki,Media,Mass media,Środki masowego przekazu,,
10672,4,Tom IX,Rozdział LXXXI,Rzeczowniki,Media,Thriller,Thriller,,
10673,4,Tom IX,Rozdział LXXXI,Rzeczowniki,Media,Trilogy,Trylogia,,
10674,4,Tom IX,Rozdział LXXXI,Rzeczowniki,Media,Viewer,Widz,,
10675,4,Tom IX,Rozdział LXXXI,Rzeczowniki,Media,Superstar,Wielka gwiazda,,
10676,4,Tom IX,Rozdział LXXXI,Rzeczowniki,Media,Audition,Audycja; przesłuchanie,,
10677,4,Tom IX,Rozdział LXXXI,Rzeczowniki,Media,Tabloid,Brukowiec,,
10678,4,Tom IX,Rozdział LXXXI,Rzeczowniki,Media,Censorship,Cenzura,,
10679,4,Tom IX,Rozdział LXXXI,Rzeczowniki,Media,Sequel,Druga część filmu; sequel,,
10680,4,Tom IX,Rozdział LXXXI,Rzeczowniki,Media,Hit,Hit,,
10681,4,Tom IX,Rozdział LXXXI,Rzeczowniki,Media,Gimmick,Chwyt (np. Reklamowy),,
10682,4,Tom IX,Rozdział LXXXI,Rzeczowniki,Media,Spin doctor,Spec od propagandy,,
10683,4,Tom IX,Rozdział LXXXI,Rzeczowniki,Media,Mention,Wzmianka,,
10684,4,Tom IX,Rozdział LXXXI,Rzeczowniki,Fantasy,Scepter,Berło,,
10685,4,Tom IX,Rozdział LXXXI,Rzeczowniki,Fantasy,Fiend,Bies,,
10686,4,Tom IX,Rozdział LXXXI,Rzeczowniki,Fantasy,Mace,Buława,,
10687,4,Tom IX,Rozdział LXXXI,Rzeczowniki,Fantasy,Plate boots,Buty płytowe,,
10688,4,Tom IX,Rozdział LXXXI,Rzeczowniki,Fantasy,Chimera,Chimera,,
10689,4,Tom IX,Rozdział LXXXI,Rzeczowniki,Fantasy,Chiromancy,Chiromancja,,
10690,4,Tom IX,Rozdział LXXXI,Rzeczowniki,Fantasy,Imp,Chochlik,,
10691,4,Tom IX,Rozdział LXXXI,Rzeczowniki,Fantasy,Witchcraft,Czarnoksięstwo,,
10692,4,Tom IX,Rozdział LXXXI,Rzeczowniki,Fantasy,Warlock,Czarnoksiężnik,,
10693,4,Tom IX,Rozdział LXXXI,Rzeczowniki,Fantasy,Wizardry,Czarodziejstwo,,
10694,4,Tom IX,Rozdział LXXXI,Rzeczowniki,Fantasy,Sorcerer,Czarownik,,
10695,4,Tom IX,Rozdział LXXXI,Rzeczowniki,Fantasy,Longbow,Długi łuk angielski,,
10696,4,Tom IX,Rozdział LXXXI,Rzeczowniki,Fantasy,Dryad,Driada,,
10697,4,Tom IX,Rozdział LXXXI,Rzeczowniki,Fantasy,Faerie,Duszek,,
10698,4,Tom IX,Rozdział LXXXI,Rzeczowniki,Fantasy,Ent,Ent,,
10699,4,Tom IX,Rozdział LXXXI,Rzeczowniki,Kraje,Republic of the congo,Republika konga,,
10700,4,Tom IX,Rozdział LXXXI,Rzeczowniki,Kraje,Central african republic,Republika środkowoafrykańska,,
10701,4,Tom IX,Rozdział LXXXI,Rzeczowniki,Kraje,El salvador,Salwador,,
10702,4,Tom IX,Rozdział LXXXI,Rzeczowniki,Kraje,Salvadoran,Salwadorka; salwadorczyk,,
10703,4,Tom IX,Rozdział LXXXI,Rzeczowniki,Kraje,Senegal,Senegal,,
10704,4,Tom IX,Rozdział LXXXI,Rzeczowniki,Kraje,Senegalese,Senegalka; senegalczyk,,
10705,4,Tom IX,Rozdział LXXXI,Rzeczowniki,Kraje,Singapore,Singapur,,
10706,4,Tom IX,Rozdział LXXXI,Rzeczowniki,Kraje,Singaporean,Singapurka; singapurczyk,,
10707,4,Tom IX,Rozdział LXXXI,Rzeczowniki,Kraje,Sudan,Sudan,,
10708,4,Tom IX,Rozdział LXXXI,Rzeczowniki,Kraje,Sudanese,Sudanka; sudańczyk,,
10709,4,Tom IX,Rozdział LXXXI,Rzeczowniki,Kraje,Syria,Syria,,
10710,4,Tom IX,Rozdział LXXXI,Rzeczowniki,Kraje,Syrian,Syryjka; syryjczyk,,
10711,4,Tom IX,Rozdział LXXXI,Rzeczowniki,Kraje,Central african,Z afryki środkowej,,
10712,4,Tom IX,Rozdział LXXXI,Rzeczowniki,Kraje,Tunisia,Tunezja,,
10713,4,Tom IX,Rozdział LXXXI,Rzeczowniki,Kraje,Tunisian,Tunezyjka; tunezyjczyk,,
10714,4,Tom IX,Rozdział LXXXI,Czasowniki,Złota rączka,Strengthen,Wzmacniać (się),,
10715,4,Tom IX,Rozdział LXXXI,Czasowniki,Złota rączka,Broaden,Poszerzać,,
10716,4,Tom IX,Rozdział LXXXI,Czasowniki,Złota rączka,Carve,Wyrzeźbić; wydrążyć (coś w czymś),,
10717,4,Tom IX,Rozdział LXXXI,Czasowniki,Złota rączka,Clip,Spiąć; zaklipsować,,
10718,4,Tom IX,Rozdział LXXXI,Czasowniki,Złota rączka,Disarm,Rozbrajać,,
10719,4,Tom IX,Rozdział LXXXI,Czasowniki,Złota rączka,Flatten,Spłaszczyć; spuścić powietrze,,
10720,4,Tom IX,Rozdział LXXXI,Czasowniki,Złota rączka,Forge,Kuć,,
10721,4,Tom IX,Rozdział LXXXI,Czasowniki,Złota rączka,Harden,Stwardnieć; utwardzać,,
10722,4,Tom IX,Rozdział LXXXI,Czasowniki,Złota rączka,Lengthen,Wydłużać,,
10723,4,Tom IX,Rozdział LXXXI,Czasowniki,Złota rączka,Loosen,Rozluźnić; luzować,,
10724,4,Tom IX,Rozdział LXXXI,Czasowniki,Złota rączka,Mount,Montować (coś na coś lub do czegoś),,
10725,4,Tom IX,Rozdział LXXXI,Czasowniki,Złota rączka,Sharpen,Naostrzyć; wyostrzyć,,
10726,4,Tom IX,Rozdział LXXXI,Czasowniki,Złota rączka,Stiffen,Sztywnieć,,
10727,4,Tom IX,Rozdział LXXXI,Czasowniki,Złota rączka,Thicken,Gęstnieć; pogrubiać,,
10728,4,Tom IX,Rozdział LXXXI,Czasowniki,Złota rączka,Unscrew,Rozkręcić,,
10729,4,Tom IX,Rozdział LXXXI,Slang,Praca,Ego surfing,Googlowanie samego siebie,,
10730,4,Tom IX,Rozdział LXXXI,Slang,Praca,Give the sack,Wywalić kogoś z roboty,,
10731,4,Tom IX,Rozdział LXXXI,Slang,Praca,Greenhorn,Ktoś zielony (w czymś),,
10732,4,Tom IX,Rozdział LXXXI,Slang,Praca,Revolving door,Firma z dużą rotacją pracowników,,
10733,4,Tom IX,Rozdział LXXXI,Slang,Praca,Showered with sth,Zawalony czymś,,
10734,4,Tom IX,Rozdział LXXXI,Slang,Praca,All over the map,Rozwalone po całej planszy,,
10735,4,Tom IX,Rozdział LXXXI,Slang,Praca,All before lunch,Zrobiłeś 200%,,
10736,4,Tom IX,Rozdział LXXXI,Slang,Praca,Bean counter,Liczydło (księgowy),,
10737,4,Tom IX,Rozdział LXXXI,Slang,Praca,Cyberslack,Używanie internetu pracodawcy do prywatnych celów,,
10738,4,Tom IX,Rozdział LXXXI,Slang,Praca,Snail mail,"Używanie tradycyjnej poczty, w zastępstwie e-mail",,
10739,4,Tom IX,Rozdział LXXXI,Przymiotniki,Społeczeństwo,Minor,Nieletni,,
10740,4,Tom IX,Rozdział LXXXI,Przymiotniki,Społeczeństwo,Civic,Obywatelski; miejski,,
10741,4,Tom IX,Rozdział LXXXI,Przymiotniki,Społeczeństwo,Nationwide,Ogólnonarodowy,,
10742,4,Tom IX,Rozdział LXXXI,Przymiotniki,Społeczeństwo,Pagan,Pogański,,
10743,4,Tom IX,Rozdział LXXXI,Przymiotniki,Społeczeństwo,Timeless,Ponadczasowy,,
10744,4,Tom IX,Rozdział LXXXI,Przymiotniki,Społeczeństwo,Well-established,Powszechnie uznany,,
10745,4,Tom IX,Rozdział LXXXI,Przymiotniki,Społeczeństwo,Cross-border,Przygraniczny; transgraniczny,,
10746,4,Tom IX,Rozdział LXXXI,Przymiotniki,Społeczeństwo,Indigenous,Rodzimy,,
10747,4,Tom IX,Rozdział LXXXI,Przymiotniki,Społeczeństwo,Sovereign,Suwerenny,,
10748,4,Tom IX,Rozdział LXXXI,Przymiotniki,Społeczeństwo,Solemn,Uroczysty,,
10749,4,Tom IX,Rozdział LXXXI,Przymiotniki,Społeczeństwo,Renowned,Uznany (w społeczeństwie),,
10750,4,Tom IX,Rozdział LXXXI,Przymiotniki,Społeczeństwo,Real-life,Z życia wzięty,,
10751,4,Tom IX,Rozdział LXXXI,Przymiotniki,Społeczeństwo,Postgraduate,Podyplomowy,,
10752,4,Tom IX,Rozdział LXXXI,Przymiotniki,Społeczeństwo,Non-native,Niebędący językiem ojczystym,,
10753,4,Tom IX,Rozdział LXXXI,Przymiotniki,Społeczeństwo,Crowded,Zatłoczony,,
10754,4,Tom IX,Rozdział LXXXI,Phrasale,Phrasale 7,Get along with,Dogadywać się z kimś,,
10755,4,Tom IX,Rozdział LXXXI,Phrasale,Phrasale 7,Hand sth down,Przekazywać komuś coś,,
10756,4,Tom IX,Rozdział LXXXI,Phrasale,Phrasale 7,Bring round,Przywracać do przytomności; cucić,,
10757,4,Tom IX,Rozdział LXXXI,Phrasale,Phrasale 7,Come under,Podlegać; zostać poddanym czemuś,,
10758,4,Tom IX,Rozdział LXXXI,Phrasale,Phrasale 7,Cut sb off,Odseparować się od kogoś,,
10759,4,Tom IX,Rozdział LXXXI,Phrasale,Phrasale 7,Draw sb into sth,Zaangażować kogoś w coś ,,
10760,4,Tom IX,Rozdział LXXXI,Phrasale,Phrasale 7,Look to sb to do sth,"Liczyć na to, że ktoś coś zrobi",,
10761,4,Tom IX,Rozdział LXXXI,Phrasale,Phrasale 7,Shake up,"Wstrząsnąć (kimś, czymś)",,
10762,4,Tom IX,Rozdział LXXXI,Phrasale,Phrasale 7,Stand by,"Trwać przy (kimś, czymś)",,
10763,4,Tom IX,Rozdział LXXXI,Phrasale,Phrasale 7,Stand up to,Postawić się; przeciwstawić się,,
10764,4,Tom IX,Rozdział LXXXII,Phrasale,Czas,Come on,"Zaczynać się (np. Piosenka, serial)",,
10765,4,Tom IX,Rozdział LXXXII,Phrasale,Czas,Drag on,Ciągnąć się (zbyt długo),,
10766,4,Tom IX,Rozdział LXXXII,Phrasale,Czas,Hold off,Wstrzymać; opóźnić; odłożyć na później,,
10767,4,Tom IX,Rozdział LXXXII,Phrasale,Czas,Pick up,Zaczynać na nowo; od jakiegoś momentu,,
10768,4,Tom IX,Rozdział LXXXII,Phrasale,Czas,Set in,"Nastać; nadejść (o pogodzie, porach roku, uczuciach)",,
10769,4,Tom IX,Rozdział LXXXII,Phrasale,Czas,Drag out,Przeciągać się,,
10770,4,Tom IX,Rozdział LXXXII,Phrasale,Czas,Tick away,Przemijać; upływać,,
10771,4,Tom IX,Rozdział LXXXII,Phrasale,Czas,Wear on,Dłużyć się,,
10772,4,Tom IX,Rozdział LXXXII,Phrasale,Czas,Creep by,Wlec się,,
10773,4,Tom IX,Rozdział LXXXII,Phrasale,Czas,Slip by,Umykać,,
10774,4,Tom IX,Rozdział LXXXII,Rzeczowniki,Społeczeństwo,Precaution,Środek ostrożności; ostrożność,,
10775,4,Tom IX,Rozdział LXXXII,Rzeczowniki,Społeczeństwo,Multiculturalism,Wielokulturowość,,
10776,4,Tom IX,Rozdział LXXXII,Rzeczowniki,Społeczeństwo,Displacement,Wysiedlenie,,
10777,4,Tom IX,Rozdział LXXXII,Rzeczowniki,Społeczeństwo,Riot,Zamieszki,,
10778,4,Tom IX,Rozdział LXXXII,Rzeczowniki,Społeczeństwo,Unemployment benefit,Zasiłek dla bezrobotnych,,
10779,4,Tom IX,Rozdział LXXXII,Rzeczowniki,Społeczeństwo,Aristocracy,Arystokracja,,
10780,4,Tom IX,Rozdział LXXXII,Rzeczowniki,Społeczeństwo,Tough times,Ciężkie czasy,,
10781,4,Tom IX,Rozdział LXXXII,Rzeczowniki,Społeczeństwo,Coronation,Koronacja,,
10782,4,Tom IX,Rozdział LXXXII,Rzeczowniki,Społeczeństwo,Kingdom,Królestwo,,
10783,4,Tom IX,Rozdział LXXXII,Rzeczowniki,Społeczeństwo,Privilege,Przywilej,,
10784,4,Tom IX,Rozdział LXXXII,Rzeczowniki,Społeczeństwo,Social development,Rozwój społeczny,,
10785,4,Tom IX,Rozdział LXXXII,Rzeczowniki,Społeczeństwo,Diversity,Różnorodność; bogactwo,,
10786,4,Tom IX,Rozdział LXXXII,Rzeczowniki,Społeczeństwo,Admit,"Przyjmować (np. Do szpitala, na uczelnię)",,
10787,4,Tom IX,Rozdział LXXXII,Rzeczowniki,Społeczeństwo,Attend,Uczęszczać,,
10788,4,Tom IX,Rozdział LXXXII,Rzeczowniki,Społeczeństwo,Follow,"Stosować się (do poleceń, wskazówek)",,
10789,4,Tom IX,Rozdział LXXXII,Rzeczowniki,Fantasy,Flacon,Flakon,,
10790,4,Tom IX,Rozdział LXXXII,Rzeczowniki,Fantasy,Ghoul,Ghul,,
10791,4,Tom IX,Rozdział LXXXII,Rzeczowniki,Fantasy,Guisarme,Gizarma,,
10792,4,Tom IX,Rozdział LXXXII,Rzeczowniki,Fantasy,Gnoll,Gnoll,,
10793,4,Tom IX,Rozdział LXXXII,Rzeczowniki,Fantasy,Gnome,Gnom,,
10794,4,Tom IX,Rozdział LXXXII,Rzeczowniki,Fantasy,Gorgon,Gorgona,,
10795,4,Tom IX,Rozdział LXXXII,Rzeczowniki,Fantasy,Grimoire,Grimuar (tajemna księga),,
10796,4,Tom IX,Rozdział LXXXII,Rzeczowniki,Fantasy,Grappling hook,Hak z liną,,
10797,4,Tom IX,Rozdział LXXXII,Rzeczowniki,Fantasy,Halberd,Halabarda,,
10798,4,Tom IX,Rozdział LXXXII,Rzeczowniki,Fantasy,Harpy,Harpia,,
10799,4,Tom IX,Rozdział LXXXII,Rzeczowniki,Fantasy,Hobgoblin,Hobgoblin,,
10800,4,Tom IX,Rozdział LXXXII,Rzeczowniki,Fantasy,Homunculus,Humunkulus,,
10801,4,Tom IX,Rozdział LXXXII,Rzeczowniki,Fantasy,Ifrit,Ifryt,,
10802,4,Tom IX,Rozdział LXXXII,Rzeczowniki,Fantasy,Lizardman,Jaszczuroczłek,,
10803,4,Tom IX,Rozdział LXXXII,Rzeczowniki,Fantasy,Brass knuckles,Kastet,,
10804,4,Tom IX,Rozdział LXXXII,Czasowniki,Czasowniki 26,Categorize,Kategoryzować,,
10805,4,Tom IX,Rozdział LXXXII,Czasowniki,Czasowniki 26,Centralize,Centralizować,,
10806,4,Tom IX,Rozdział LXXXII,Czasowniki,Czasowniki 26,Classify,"Klasyfikować (się, coś)",,
10807,4,Tom IX,Rozdział LXXXII,Czasowniki,Czasowniki 26,Collaborate,Kolaborować; współpracować,,
10808,4,Tom IX,Rozdział LXXXII,Czasowniki,Czasowniki 26,Compensate,Kompensować,,
10809,4,Tom IX,Rozdział LXXXII,Czasowniki,Czasowniki 26,Compose,Komponować,,
10810,4,Tom IX,Rozdział LXXXII,Czasowniki,Czasowniki 26,Conclude,Konkludować; kończyć,,
10811,4,Tom IX,Rozdział LXXXII,Czasowniki,Czasowniki 26,Consolidate,Konsolidować,,
10812,4,Tom IX,Rozdział LXXXII,Czasowniki,Czasowniki 26,Consume,Konsumować; spożywać,,
10813,4,Tom IX,Rozdział LXXXII,Czasowniki,Czasowniki 26,Contrast,Kontrastować,,
10814,4,Tom IX,Rozdział LXXXII,Czasowniki,Czasowniki 26,Correspond,Korespondować; zgadzać się z czymś,,
10815,4,Tom IX,Rozdział LXXXII,Czasowniki,Czasowniki 26,Devastate,Dewastować,,
10816,4,Tom IX,Rozdział LXXXII,Czasowniki,Czasowniki 26,Dictate,Dyktować (również warunki),,
10817,4,Tom IX,Rozdział LXXXII,Czasowniki,Czasowniki 26,Discredit,Dyskredytować; podważyć (np. Teorię),,
10818,4,Tom IX,Rozdział LXXXII,Czasowniki,Czasowniki 26,Distance,Dystansować,,
10819,4,Tom IX,Rozdział LXXXII,Przymiotniki,Biznes,Fast-growing,Szybko wzrastający,,
10820,4,Tom IX,Rozdział LXXXII,Przymiotniki,Biznes,Authorized,Upoważniony,,
10821,4,Tom IX,Rozdział LXXXII,Przymiotniki,Biznes,Out-of-service,Niedziałający; nieczynny,,
10822,4,Tom IX,Rozdział LXXXII,Przymiotniki,Biznes,Viable,Wykonalny; opłacalny,,
10823,4,Tom IX,Rozdział LXXXII,Przymiotniki,Biznes,High-profile,Wysokiej rangi,,
10824,4,Tom IX,Rozdział LXXXII,Przymiotniki,Biznes,Top-notch,Najwyższej klasy,,
10825,4,Tom IX,Rozdział LXXXII,Przymiotniki,Biznes,Top-shelf,Z górnej półki,,
10826,4,Tom IX,Rozdział LXXXII,Przymiotniki,Biznes,Upfront,Z góry (płatny),,
10827,4,Tom IX,Rozdział LXXXII,Przymiotniki,Biznes,Liable,Zobowiązany; podlegający obowiązkowi,,
10828,4,Tom IX,Rozdział LXXXII,Przymiotniki,Biznes,Sustainable,Zrównoważony,,
10829,4,Tom IX,Rozdział LXXXII,Przymiotniki,Biznes,Third-party,Związany z osobami trzecimi,,
10830,4,Tom IX,Rozdział LXXXII,Przymiotniki,Biznes,Defunct,Zlikwidowana (firma); wygasłe (prawo); niedziałające (urządzenie),,
10831,4,Tom IX,Rozdział LXXXII,Przymiotniki,Biznes,Persuasive,Przekonujący,,
10832,4,Tom IX,Rozdział LXXXII,Przymiotniki,Biznes,Superior,Przełożony,,
10833,4,Tom IX,Rozdział LXXXII,Przymiotniki,Biznes,Blank,Pusty; niewypełniony,,
10834,4,Tom IX,Rozdział LXXXII,Phrasale,Co poszło nie tak?,Clog up,Zatkać się,,
10835,4,Tom IX,Rozdział LXXXII,Phrasale,Co poszło nie tak?,Fade away,Blaknąć; gasnąć (również o umierającej osobie),,
10836,4,Tom IX,Rozdział LXXXII,Phrasale,Co poszło nie tak?,Go off,Przestać działać (np. Maszyna),,
10837,4,Tom IX,Rozdział LXXXII,Phrasale,Co poszło nie tak?,Knock over,Przewrócić coś,,
10838,4,Tom IX,Rozdział LXXXII,Phrasale,Co poszło nie tak?,Run down,Wyczerpać,,
10839,4,Tom IX,Rozdział LXXXII,Phrasale,Co poszło nie tak?,Wind up,Skończyć (gdzieś),,
10840,4,Tom IX,Rozdział LXXXII,Phrasale,Co poszło nie tak?,Dry up,Wyczerpać się (o zasobach),,
10841,4,Tom IX,Rozdział LXXXII,Phrasale,Co poszło nie tak?,Go down,"Przegrać (np. Zawody, wybory)",,
10842,4,Tom IX,Rozdział LXXXII,Phrasale,Co poszło nie tak?,Go down,Spaść (o samolocie),,
10843,4,Tom IX,Rozdział LXXXII,Phrasale,Co poszło nie tak?,Go down,Tonąć (o statku),,
10844,4,Tom IX,Rozdział LXXXII,Phrasale,Phrasale 8,Bring about,Spowodować coś; doprowadzić do czegoś,,
10845,4,Tom IX,Rozdział LXXXII,Phrasale,Phrasale 8,Bring out,Uwydatnić coś,,
10846,4,Tom IX,Rozdział LXXXII,Phrasale,Phrasale 8,Come from,Wynikać z czegoś,,
10847,4,Tom IX,Rozdział LXXXII,Phrasale,Phrasale 8,Crack down,Rozprawić się z czymś,,
10848,4,Tom IX,Rozdział LXXXII,Phrasale,Phrasale 8,Go down as,Zostać zapamiętanym; zostać zapisanym,,
10849,4,Tom IX,Rozdział LXXXII,Phrasale,Phrasale 8,Keep sth from sb,Zataić coś przed kimś; utrzymywać coś w tajemnicy,,
10850,4,Tom IX,Rozdział LXXXII,Phrasale,Phrasale 8,Hold out,Przetrwać coś; wytrwać w walce,,
10851,4,Tom IX,Rozdział LXXXII,Phrasale,Phrasale 8,Pull through,Wytrzymać; dotrwać,,
10852,4,Tom IX,Rozdział LXXXII,Phrasale,Phrasale 8,Settle for,Zadowolić się,,
10853,4,Tom IX,Rozdział LXXXII,Phrasale,Phrasale 8,Stand by,Być w pogotowiu,,
10854,4,Tom IX,Rozdział LXXXII,Rzeczowniki,Kraje,Uruguay,Urugwaj,,
10855,4,Tom IX,Rozdział LXXXII,Rzeczowniki,Kraje,Uruguayan,Urugwajka; urugwajczyk,,
10856,4,Tom IX,Rozdział LXXXII,Rzeczowniki,Kraje,Ivory coast,Wybrzeże kości słoniowej,,
10857,4,Tom IX,Rozdział LXXXII,Rzeczowniki,Kraje,Ivorian,Iworyjka; iworyjczyk,,
10858,4,Tom IX,Rozdział LXXXII,Rzeczowniki,Kraje,Zambia,Zambia,,
10859,4,Tom IX,Rozdział LXXXII,Rzeczowniki,Kraje,Zambian,Zambijka; zambijczyk,,
10860,4,Tom IX,Rozdział LXXXII,Rzeczowniki,Kraje,Zimbabwe,Zimbabwe,,
10861,4,Tom IX,Rozdział LXXXII,Rzeczowniki,Kraje,Zimbabwean,Zimbabwenka; zimbabweńczyk,,
10862,4,Tom IX,Rozdział LXXXII,Rzeczowniki,Kraje,United arab emirates,Zjednoczone emiraty arabskie,,
10863,4,Tom IX,Rozdział LXXXII,Rzeczowniki,Kraje,Emirati,Emiratka; emiratczyk,,
10864,4,Tom IX,Rozdział LXXXII,Rzeczowniki,Kraje,China,Chiny,,
10865,4,Tom IX,Rozdział LXXXII,Rzeczowniki,Kraje,Chinese,Chinka; chińczyk,,
10866,4,Tom IX,Rozdział LXXXII,Rzeczowniki,Kraje,Iraqi,Irakijka; irakijczyk,,
10867,4,Tom IX,Rozdział LXXXII,Rzeczowniki,Kraje,Jamaican,Jamajczyk; jamajka,,
10868,4,Tom IX,Rozdział LXXXII,Rzeczowniki,Kraje,Peruvian,Peruwianka; peruwiańczyk,,
10869,4,Tom IX,Rozdział LXXXII,Rzeczowniki,Fantasy,Quarterstaff,Kij bojowy; quarterstaff,,
10870,4,Tom IX,Rozdział LXXXII,Rzeczowniki,Fantasy,Flail,Kiścień,,
10871,4,Tom IX,Rozdział LXXXII,Rzeczowniki,Fantasy,Cleric,Kleryk,,
10872,4,Tom IX,Rozdział LXXXII,Rzeczowniki,Fantasy,Chain mail,Kolczuga,,
10873,4,Tom IX,Rozdział LXXXII,Rzeczowniki,Fantasy,Cutlass,Kordelas,,
10874,4,Tom IX,Rozdział LXXXII,Rzeczowniki,Fantasy,Staff,Kostur,,
10875,4,Tom IX,Rozdział LXXXII,Rzeczowniki,Fantasy,Crusader,Krzyżowiec,,
10876,4,Tom IX,Rozdział LXXXII,Rzeczowniki,Fantasy,Lance,Lanca,,
10877,4,Tom IX,Rozdział LXXXII,Rzeczowniki,Fantasy,Lich,Licz,,
10878,4,Tom IX,Rozdział LXXXII,Rzeczowniki,Fantasy,Club,Maczuga,,
10879,4,Tom IX,Rozdział LXXXII,Rzeczowniki,Fantasy,Juju,Magia szamańska,,
10880,4,Tom IX,Rozdział LXXXII,Rzeczowniki,Fantasy,Conjurer,Magik przywołujący,,
10881,4,Tom IX,Rozdział LXXXII,Rzeczowniki,Fantasy,Manticore,Mantykora,,
10882,4,Tom IX,Rozdział LXXXII,Rzeczowniki,Fantasy,Gargoyle,Maszkaron,,
10883,4,Tom IX,Rozdział LXXXII,Rzeczowniki,Fantasy,Mephit,Mefit,,
10884,4,Tom IX,Rozdział LXXXII,Czasowniki,Niefajne,Swell,Puchnąć,,
10885,4,Tom IX,Rozdział LXXXII,Czasowniki,Niefajne,Weaken,Osłabiać,,
10886,4,Tom IX,Rozdział LXXXII,Czasowniki,Niefajne,Boast,Chwalić się; móc się (czymś) pochwalić,,
10887,4,Tom IX,Rozdział LXXXII,Czasowniki,Niefajne,Curb,Powściągnąć; pohamować,,
10888,4,Tom IX,Rozdział LXXXII,Czasowniki,Niefajne,Curse,Przeklinać,,
10889,4,Tom IX,Rozdział LXXXII,Czasowniki,Niefajne,Detain,Zatrzymywać kogoś (I nie pozwolić mu odejść),,
10890,4,Tom IX,Rozdział LXXXII,Czasowniki,Niefajne,Deter,Odstraszać; powstrzymywać,,
10891,4,Tom IX,Rozdział LXXXII,Czasowniki,Niefajne,Deteriorate,Pogarszać się; podupadać,,
10892,4,Tom IX,Rozdział LXXXII,Czasowniki,Niefajne,Diminish,Umniejszać,,
10893,4,Tom IX,Rozdział LXXXII,Czasowniki,Niefajne,Displease,Wywołać niezadowolenie,,
10894,4,Tom IX,Rozdział LXXXII,Czasowniki,Niefajne,Endanger,Narazić (na niebezpieczeństwo),,
10895,4,Tom IX,Rozdział LXXXII,Czasowniki,Niefajne,Exploit,Eksploatować; wykorzystać,,
10896,4,Tom IX,Rozdział LXXXII,Czasowniki,Niefajne,Forge,Fałszować,,
10897,4,Tom IX,Rozdział LXXXII,Czasowniki,Niefajne,Groan,Stękać,,
10898,4,Tom IX,Rozdział LXXXII,Czasowniki,Niefajne,Harass,Nękać,,
10899,4,Tom IX,Rozdział LXXXIII,Przymiotniki,Unikać,Presumptuous,Zarozumiały; bezczelny,,
10900,4,Tom IX,Rozdział LXXXIII,Przymiotniki,Unikać,Bleak,Smętny; ponury,,
10901,4,Tom IX,Rozdział LXXXIII,Przymiotniki,Unikać,Gnarly,Sprośny; niesmaczny,,
10902,4,Tom IX,Rozdział LXXXIII,Przymiotniki,Unikać,Severe,Srogi; surowy; poważny,,
10903,4,Tom IX,Rozdział LXXXIII,Przymiotniki,Unikać,Cowardly,Tchórzliwy,,
10904,4,Tom IX,Rozdział LXXXIII,Przymiotniki,Unikać,Prejudiced,"Uprzedzony (do czegoś, kogoś)",,
10905,4,Tom IX,Rozdział LXXXIII,Przymiotniki,Unikać,Hostile,Wrogi; nieprzyjazny,,
10906,4,Tom IX,Rozdział LXXXIII,Przymiotniki,Unikać,Vicious,Wściekły (również jako komplement),,
10907,4,Tom IX,Rozdział LXXXIII,Przymiotniki,Unikać,Shabby,Zapyziały; sfatygowany,,
10908,4,Tom IX,Rozdział LXXXIII,Przymiotniki,Unikać,Conceited,Zarozumiały,,
10909,4,Tom IX,Rozdział LXXXIII,Przymiotniki,Unikać,Treacherous,Zdradziecki; podstępny,,
10910,4,Tom IX,Rozdział LXXXIII,Przymiotniki,Unikać,Malicious,Złośliwy,,
10911,4,Tom IX,Rozdział LXXXIII,Przymiotniki,Unikać,Grumpy,Zrzędliwy,,
10912,4,Tom IX,Rozdział LXXXIII,Przymiotniki,Unikać,Incapable,Nieudolny; nieporadny,,
10913,4,Tom IX,Rozdział LXXXIII,Przymiotniki,Unikać,Unwelcome,Nieproszony; niemile widziany,,
10914,4,Tom IX,Rozdział LXXXIII,Phrasale,Wzrost I spadek,Mark down,Obniżyć cenę,,
10915,4,Tom IX,Rozdział LXXXIII,Phrasale,Wzrost I spadek,Mark up,Podwyższyć cenę,,
10916,4,Tom IX,Rozdział LXXXIII,Phrasale,Wzrost I spadek,Pile up ,Piętrzyć się; układać na stertę,,
10917,4,Tom IX,Rozdział LXXXIII,Phrasale,Wzrost I spadek,Close in,Stawać się krótszym (o dniach) ,,
10918,4,Tom IX,Rozdział LXXXIII,Phrasale,Wzrost I spadek,Die down,Uspokoić się; przycichnąć,,
10919,4,Tom IX,Rozdział LXXXIII,Phrasale,Wzrost I spadek,Wear off,"Mijać; przechodzić; ustępować (np. O bólu, uczuciu) ",,
10920,4,Tom IX,Rozdział LXXXIII,Phrasale,Wzrost I spadek,Grow up,Rosnąć (o człowieku),,
10921,4,Tom IX,Rozdział LXXXIII,Phrasale,Wzrost I spadek,Rocket up,Iść ostro w górę,,
10922,4,Tom IX,Rozdział LXXXIII,Phrasale,Wzrost I spadek,Mount up,Narastać,,
10923,4,Tom IX,Rozdział LXXXIII,Phrasale,Wzrost I spadek,Build up,Zwiększać się,,
10924,4,Tom IX,Rozdział LXXXIII,Slang,Gangsterka,Bracelets,Bransoletki (kajdanki),,
10925,4,Tom IX,Rozdział LXXXIII,Slang,Gangsterka,Busta,Frajer,,
10926,4,Tom IX,Rozdział LXXXIII,Slang,Gangsterka,Charley,Stróż nocny,,
10927,4,Tom IX,Rozdział LXXXIII,Slang,Gangsterka,Copper,Glina (policjant),,
10928,4,Tom IX,Rozdział LXXXIII,Slang,Gangsterka,Gangbanger,Gangus,,
10929,4,Tom IX,Rozdział LXXXIII,Slang,Gangsterka,Loc,Stuknięty,,
10930,4,Tom IX,Rozdział LXXXIII,Slang,Gangsterka,Pop a cap,Wypalić ze spluwy,,
10931,4,Tom IX,Rozdział LXXXIII,Slang,Gangsterka,Jack,Zwinąć,,
10932,4,Tom IX,Rozdział LXXXIII,Slang,Gangsterka,Heat,Spluwa,,
10933,4,Tom IX,Rozdział LXXXIII,Slang,Gangsterka,Pack heat,Być uzbrojonym,,
10934,4,Tom IX,Rozdział LXXXIII,Phrasale,Mile widziane,Look forward to sth,Czekać z niecierpliwością,,
10935,4,Tom IX,Rozdział LXXXIII,Phrasale,Mile widziane,Look up,Poprawiać się; wyglądać coraz lepiej,,
10936,4,Tom IX,Rozdział LXXXIII,Phrasale,Mile widziane,Pull off,Osiągnąć coś; dokonać czegoś (trudnego),,
10937,4,Tom IX,Rozdział LXXXIII,Phrasale,Mile widziane,Take sb in,Przygarnąć kogoś (pod dach),,
10938,4,Tom IX,Rozdział LXXXIII,Phrasale,Mile widziane,Turn sth around,Zmieniać się na lepsze,,
10939,4,Tom IX,Rozdział LXXXIII,Phrasale,Mile widziane,Beef up,Ulepszyć; podrasować,,
10940,4,Tom IX,Rozdział LXXXIII,Phrasale,Mile widziane,Perk up,Zyskiwać animusz,,
10941,4,Tom IX,Rozdział LXXXIII,Phrasale,Mile widziane,Liven up,Ożywiać się,,
10942,4,Tom IX,Rozdział LXXXIII,Phrasale,Mile widziane,Go through,Zostać przyklepanym,,
10943,4,Tom IX,Rozdział LXXXIII,Phrasale,Mile widziane,Catch on,Stać się popularnym,,
10944,4,Tom IX,Rozdział LXXXIII,Rzeczowniki,Kraje,Republic of the congo,Republika konga,,
10945,4,Tom IX,Rozdział LXXXIII,Rzeczowniki,Kraje,France,Francja,,
10946,4,Tom IX,Rozdział LXXXIII,Rzeczowniki,Kraje,French,Francuzka; francuz,,
10947,4,Tom IX,Rozdział LXXXIII,Rzeczowniki,Kraje,England,Anglia,,
10948,4,Tom IX,Rozdział LXXXIII,Rzeczowniki,Kraje,English,Angielka; anglik,,
10949,4,Tom IX,Rozdział LXXXIII,Rzeczowniki,Kraje,United kingdom,Zjednoczone królestwo,,
10950,4,Tom IX,Rozdział LXXXIII,Rzeczowniki,Kraje,Great britain,Wielka brytania,,
10951,4,Tom IX,Rozdział LXXXIII,Rzeczowniki,Kraje,German,Niemka; niemiec,,
10952,4,Tom IX,Rozdział LXXXIII,Rzeczowniki,Kraje,Germany,Niemcy,,
10953,4,Tom IX,Rozdział LXXXIII,Rzeczowniki,Kraje,The united states of america,Stany zjednoczone,,
10954,4,Tom IX,Rozdział LXXXIII,Rzeczowniki,Kraje,Ivorian,Iworyjka; iworyjczyk,,
10955,4,Tom IX,Rozdział LXXXIII,Rzeczowniki,Kraje,Zambia,Zambia,,
10956,4,Tom IX,Rozdział LXXXIII,Rzeczowniki,Kraje,Zambian,Zambijka; zambijczyk,,
10957,4,Tom IX,Rozdział LXXXIII,Rzeczowniki,Kraje,Senegal,Senegal,,
10958,4,Tom IX,Rozdział LXXXIII,Rzeczowniki,Kraje,Senegalese,Senegalka; senegalczyk,,
10959,4,Tom IX,Rozdział LXXXIII,Rzeczowniki,Fantasy,Great sword,Miecz dwuręczny europejski,,
10960,4,Tom IX,Rozdział LXXXIII,Rzeczowniki,Fantasy,Claymore,"Miecz dwuręczny szkocki, claymore",,
10961,4,Tom IX,Rozdział LXXXIII,Rzeczowniki,Fantasy,Bastard sword,Miecz półtoraręczny,,
10962,4,Tom IX,Rozdział LXXXIII,Rzeczowniki,Fantasy,Mimic,Mimik (żywa skrzynia),,
10963,4,Tom IX,Rozdział LXXXIII,Rzeczowniki,Fantasy,Morning star,Morgensztern,,
10964,4,Tom IX,Rozdział LXXXIII,Rzeczowniki,Fantasy,Horseman's pick,Nadziak,,
10965,4,Tom IX,Rozdział LXXXIII,Rzeczowniki,Fantasy,Greaves,Nagolenniki,,
10966,4,Tom IX,Rozdział LXXXIII,Rzeczowniki,Fantasy,Pauldron,Naramiennik,,
10967,4,Tom IX,Rozdział LXXXIII,Rzeczowniki,Fantasy,Nephilim,Nefilim,,
10968,4,Tom IX,Rozdział LXXXIII,Rzeczowniki,Fantasy,Necromancy,Nekromancja,,
10969,4,Tom IX,Rozdział LXXXIII,Rzeczowniki,Fantasy,Necromancer,Nekromanta,,
10970,4,Tom IX,Rozdział LXXXIII,Rzeczowniki,Fantasy,Celestials,Niebiańskie istoty,,
10971,4,Tom IX,Rozdział LXXXIII,Rzeczowniki,Fantasy,Nymph,Nimfa,,
10972,4,Tom IX,Rozdział LXXXIII,Rzeczowniki,Fantasy,Halfling,Niziołek,,
10973,4,Tom IX,Rozdział LXXXIII,Rzeczowniki,Fantasy,Beholder,Obserwator (w świecie fantasy jednooki potwór),,
10974,4,Tom IX,Rozdział LXXXIII,Czasowniki,Umysłowe,Redefine,Przedefiniowywać,,
10975,4,Tom IX,Rozdział LXXXIII,Czasowniki,Umysłowe,Regard,Uważać za; traktować,,
10976,4,Tom IX,Rozdział LXXXIII,Czasowniki,Umysłowe,Simplify,Upraszczać,,
10977,4,Tom IX,Rozdział LXXXIII,Czasowniki,Umysłowe,Concede,"Przyznać (się) do czegoś; ustępować (mimo, że się nie chce)",,
10978,4,Tom IX,Rozdział LXXXIII,Czasowniki,Umysłowe,Cram,Zakuwać (uczyć się),,
10979,4,Tom IX,Rozdział LXXXIII,Czasowniki,Umysłowe,Devise,Opracowywać; wymyślać,,
10980,4,Tom IX,Rozdział LXXXIII,Czasowniki,Umysłowe,Differentiate,Rozróżniać; różnicować,,
10981,4,Tom IX,Rozdział LXXXIII,Czasowniki,Umysłowe,Enlighten,Oświecać kogoś (wytłumaczyć),,
10982,4,Tom IX,Rozdział LXXXIII,Czasowniki,Umysłowe,Familiarize,Zaznajomić; zapoznać,,
10983,4,Tom IX,Rozdział LXXXIII,Czasowniki,Umysłowe,Perceive,Postrzegać; dostrzegać,,
10984,4,Tom IX,Rozdział LXXXIII,Czasowniki,Umysłowe,Puzzle,Zakłopotać; stanowić zagadkę,,
10985,4,Tom IX,Rozdział LXXXIII,Czasowniki,Umysłowe,Reconsider,Rozpatrywać na nowo,,
10986,4,Tom IX,Rozdział LXXXIII,Czasowniki,Umysłowe,Revise,Powtarzać materiał; poprawiać,,
10987,4,Tom IX,Rozdział LXXXIII,Czasowniki,Umysłowe,Unveil,"Demaskować; ujawniać (prawdę, tajemnicę)",,
10988,4,Tom IX,Rozdział LXXXIII,Czasowniki,Umysłowe,Hypothesize,Stawiać hipotezę,,
10989,4,Tom IX,Rozdział LXXXIII,Przymiotniki,Przymiotniki 39,Melodic,Melodyjny,,
10990,4,Tom IX,Rozdział LXXXIII,Przymiotniki,Przymiotniki 39,Military,Militarny,,
10991,4,Tom IX,Rozdział LXXXIII,Przymiotniki,Przymiotniki 39,Mineral,Mineralny,,
10992,4,Tom IX,Rozdział LXXXIII,Przymiotniki,Przymiotniki 39,Model,Modelowy; wzorowy,,
10993,4,Tom IX,Rozdział LXXXIII,Przymiotniki,Przymiotniki 39,Motivating,Motywujący,,
10994,4,Tom IX,Rozdział LXXXIII,Przymiotniki,Przymiotniki 39,Muslim,Muzułmański,,
10995,4,Tom IX,Rozdział LXXXIII,Przymiotniki,Przymiotniki 39,Nuclear,Nuklearny,,
10996,4,Tom IX,Rozdział LXXXIII,Przymiotniki,Przymiotniki 39,Occasional,Okazjonalny,,
10997,4,Tom IX,Rozdział LXXXIII,Przymiotniki,Przymiotniki 39,Optional,Opcjonalny,,
10998,4,Tom IX,Rozdział LXXXIII,Przymiotniki,Przymiotniki 39,Optimal,Optymalny,,
10999,4,Tom IX,Rozdział LXXXIII,Przymiotniki,Przymiotniki 39,Pedantic,Pedantyczny,,
11000,4,Tom IX,Rozdział LXXXIII,Przymiotniki,Przymiotniki 39,Potential,Potencjalny,,
11001,4,Tom IX,Rozdział LXXXIII,Przymiotniki,Przymiotniki 39,Preferred,Preferowany,,
11002,4,Tom IX,Rozdział LXXXIII,Przymiotniki,Przymiotniki 39,Productive,Produktywny,,
11003,4,Tom IX,Rozdział LXXXIII,Przymiotniki,Przymiotniki 39,Psychiatric,Psychiatryczny,,
11004,4,Tom IX,Rozdział LXXXIII,Phrasale,Niefajne,Back down,Ustąpić; dać za wygraną,,
11005,4,Tom IX,Rozdział LXXXIII,Phrasale,Niefajne,Bear with,Żyć z czymś; radzić sobie; znosić coś,,
11006,4,Tom IX,Rozdział LXXXIII,Phrasale,Niefajne,Blow off,"Spławić kogoś; pozbyć się (kogoś, czegoś)",,
11007,4,Tom IX,Rozdział LXXXIII,Phrasale,Niefajne,Come down with,Zachorować na,,
11008,4,Tom IX,Rozdział LXXXIII,Phrasale,Niefajne,Fall through,Nie powieść się; nie udać się,,
11009,4,Tom IX,Rozdział LXXXIII,Phrasale,Niefajne,Get sth on sb,Mieć coś na kogoś,,
11010,4,Tom IX,Rozdział LXXXIII,Phrasale,Niefajne,Put sb off,Zniechęcać kogoś,,
11011,4,Tom IX,Rozdział LXXXIII,Phrasale,Niefajne,Put up with,Tolerować; znosić,,
11012,4,Tom IX,Rozdział LXXXIII,Phrasale,Niefajne,Sell sb out,Sprzedać; wydać kogoś,,
11013,4,Tom IX,Rozdział LXXXIII,Phrasale,Niefajne,Stand sb up,Wystawić kogoś,,
11014,4,Tom IX,Rozdział LXXXIII,Phrasale,Praca,Come forward,Zgłaszać się (np. Na ochotnika),,
11015,4,Tom IX,Rozdział LXXXIII,Phrasale,Praca,Get around to,Zabrać się za coś,,
11016,4,Tom IX,Rozdział LXXXIII,Phrasale,Praca,Get round to,W końcu zabrać się za,,
11017,4,Tom IX,Rozdział LXXXIII,Phrasale,Praca,Go about sth,Zabierać się do czegoś; załatwiać coś,,
11018,4,Tom IX,Rozdział LXXXIII,Phrasale,Praca,Go along,Robić w trakcie,,
11019,4,Tom IX,Rozdział LXXXIII,Phrasale,Praca,Go by,Postępować według czegoś,,
11020,4,Tom IX,Rozdział LXXXIII,Phrasale,Praca,See about sth,Zajmować się czymś; dopilnować czegoś,,
11021,4,Tom IX,Rozdział LXXXIII,Phrasale,Praca,Turn back,Wrócić do robienia czegoś (w określony sposób),,
11022,4,Tom IX,Rozdział LXXXIII,Phrasale,Praca,Knuckle down,Zakasać rękawy,,
11023,4,Tom IX,Rozdział LXXXIII,Phrasale,Praca,Run sth past smn,Sprawdzić coś z kimś,,
11024,4,Tom IX,Rozdział LXXXIV,Rzeczowniki,Kraje,Singapore,Singapur,,
11025,4,Tom IX,Rozdział LXXXIV,Rzeczowniki,Kraje,Singaporean,Singapurka; singapurczyk,,
11026,4,Tom IX,Rozdział LXXXIV,Rzeczowniki,Kraje,Sudan,Sudan,,
11027,4,Tom IX,Rozdział LXXXIV,Rzeczowniki,Kraje,Sudanese,Sudanka; sudańczyk,,
11028,4,Tom IX,Rozdział LXXXIV,Rzeczowniki,Kraje,Nationality,Narodowość,,
11029,4,Tom IX,Rozdział LXXXIV,Rzeczowniki,Kraje,Nation,Naród,,
11030,4,Tom IX,Rozdział LXXXIV,Rzeczowniki,Kraje,Italy,Włochy,,
11031,4,Tom IX,Rozdział LXXXIV,Rzeczowniki,Kraje,Italian,Włoszka; włoch,,
11032,4,Tom IX,Rozdział LXXXIV,Rzeczowniki,Kraje,Czech republic,Czechy,,
11033,4,Tom IX,Rozdział LXXXIV,Rzeczowniki,Kraje,Czech,Czeszka; czech,,
11034,4,Tom IX,Rozdział LXXXIV,Rzeczowniki,Kraje,Greece,Grecja,,
11035,4,Tom IX,Rozdział LXXXIV,Rzeczowniki,Kraje,Greek,Greczynka; grek,,
11036,4,Tom IX,Rozdział LXXXIV,Rzeczowniki,Kraje,Bosnia and herzegovina,Bośnia I hercegowina,,
11037,4,Tom IX,Rozdział LXXXIV,Rzeczowniki,Kraje,Bosnian,Bośniaczka; bośniak,,
11038,4,Tom IX,Rozdział LXXXIV,Rzeczowniki,Kraje,Filipino,Filipinka; filipińczyk,,
11039,2,Tom IX,Rozdział LXXXIV,Rzeczowniki,Fantasy,Ghost,Duch,,
11040,2,Tom IX,Rozdział LXXXIV,Rzeczowniki,Fantasy,Magic,Magia,,
11041,2,Tom IX,Rozdział LXXXIV,Rzeczowniki,Fantasy,Monster,Potwór,,
11042,2,Tom IX,Rozdział LXXXIV,Rzeczowniki,Fantasy,Labyrinth,Labirynt,,
11043,2,Tom IX,Rozdział LXXXIV,Rzeczowniki,Fantasy,Artifact,Artefakt,,
11044,2,Tom IX,Rozdział LXXXIV,Rzeczowniki,Fantasy,Barbarian,Barbarzyńca,,
11045,2,Tom IX,Rozdział LXXXIV,Rzeczowniki,Fantasy,White magic,Biała magia,,
11046,2,Tom IX,Rozdział LXXXIV,Rzeczowniki,Fantasy,Black magic,Czarna magia,,
11047,2,Tom IX,Rozdział LXXXIV,Rzeczowniki,Fantasy,Fantasy,Fantazja,,
11048,2,Tom IX,Rozdział LXXXIV,Rzeczowniki,Fantasy,Goblin,Goblin,,
11049,2,Tom IX,Rozdział LXXXIV,Rzeczowniki,Fantasy,Hobbit,Hobbit,,
11050,2,Tom IX,Rozdział LXXXIV,Rzeczowniki,Fantasy,Kraken,Kraken,,
11051,2,Tom IX,Rozdział LXXXIV,Rzeczowniki,Fantasy,Dragon,Smok,,
11052,2,Tom IX,Rozdział LXXXIV,Rzeczowniki,Fantasy,Zombie,Zombie,,
11053,2,Tom IX,Rozdział LXXXIV,Rzeczowniki,Fantasy,Demon,Demon,,
11054,4,Tom IX,Rozdział LXXXIV,Czasowniki,Czasowniki 27,Distribute,Dystrybuować,,
11055,4,Tom IX,Rozdział LXXXIV,Czasowniki,Czasowniki 27,Document,Dokumentować,,
11056,4,Tom IX,Rozdział LXXXIV,Czasowniki,Czasowniki 27,Duplicate,Duplikować; powielać,,
11057,4,Tom IX,Rozdział LXXXIV,Czasowniki,Czasowniki 27,Emit,"Emitować (coś w powietrze np. Gaz, zanieczyszczenia itp.)",,
11058,4,Tom IX,Rozdział LXXXIV,Czasowniki,Czasowniki 27,Escalate,Eskalować; wzmagać,,
11059,4,Tom IX,Rozdział LXXXIV,Czasowniki,Czasowniki 27,Escort,Eskortować,,
11060,4,Tom IX,Rozdział LXXXIV,Czasowniki,Czasowniki 27,Fantasize,Fantazjować,,
11061,4,Tom IX,Rozdział LXXXIV,Czasowniki,Czasowniki 27,Filter,Filtrować,,
11062,4,Tom IX,Rozdział LXXXIV,Czasowniki,Czasowniki 27,Form,Formować,,
11063,4,Tom IX,Rozdział LXXXIV,Czasowniki,Czasowniki 27,Formalize,Formalizować,,
11064,4,Tom IX,Rozdział LXXXIV,Czasowniki,Czasowniki 27,Formulate,Formułować,,
11065,4,Tom IX,Rozdział LXXXIV,Czasowniki,Czasowniki 27,Implement,Implementować; wprowadzić w życie,,
11066,4,Tom IX,Rozdział LXXXIV,Czasowniki,Czasowniki 27,Improvise,Improwizować,,
11067,4,Tom IX,Rozdział LXXXIV,Czasowniki,Czasowniki 27,Instruct,Instruować,,
11068,4,Tom IX,Rozdział LXXXIV,Czasowniki,Czasowniki 27,Integrate,Integrować,,
11069,4,Tom IX,Rozdział LXXXIV,Przymiotniki,Przymiotniki 40,Psychic,Psychiczny,,
11070,4,Tom IX,Rozdział LXXXIV,Przymiotniki,Przymiotniki 40,Psychological,Psychologiczny,,
11071,4,Tom IX,Rozdział LXXXIV,Przymiotniki,Przymiotniki 40,Racial,Rasowy; na tle rasowym,,
11072,4,Tom IX,Rozdział LXXXIV,Przymiotniki,Przymiotniki 40,Relaxing,Relaksujący,,
11073,4,Tom IX,Rozdział LXXXIV,Przymiotniki,Przymiotniki 40,Relative,Relatywny; względny,,
11074,4,Tom IX,Rozdział LXXXIV,Przymiotniki,Przymiotniki 40,Romantic,Romantyczny,,
11075,4,Tom IX,Rozdział LXXXIV,Przymiotniki,Przymiotniki 40,Sadistic,Sadystyczny,,
11076,4,Tom IX,Rozdział LXXXIV,Przymiotniki,Przymiotniki 40,Sarcastic,Sarkastyczny,,
11077,4,Tom IX,Rozdział LXXXIV,Przymiotniki,Przymiotniki 40,Sentimental,Sentymentalny,,
11078,4,Tom IX,Rozdział LXXXIV,Przymiotniki,Przymiotniki 40,Sklasyfikowany; tajny,Sklasyfikowany ,,
11079,4,Tom IX,Rozdział LXXXIV,Przymiotniki,Przymiotniki 40,Solid,Solidny; stały,,
11080,4,Tom IX,Rozdział LXXXIV,Przymiotniki,Przymiotniki 40,Spontaneous,Spontaniczny,,
11081,4,Tom IX,Rozdział LXXXIV,Przymiotniki,Przymiotniki 40,Statistical,Statystyczny,,
11082,4,Tom IX,Rozdział LXXXIV,Przymiotniki,Przymiotniki 40,Strategic,Strategiczny,,
11083,4,Tom IX,Rozdział LXXXIV,Przymiotniki,Przymiotniki 40,Symbolic,Symboliczny,,
11084,4,Tom IX,Rozdział LXXXIV,Phrasale,Demolki małe I duże,Wipe out,Zetrzeć na proch; wykończyć,,
11085,4,Tom IX,Rozdział LXXXIV,Phrasale,Demolki małe I duże,Break out,Zacząć się gwałtownie; wybuchnąć (np. Wojna),,
11086,4,Tom IX,Rozdział LXXXIV,Phrasale,Demolki małe I duże,Bring down,Obalać coś; doprowadzać coś do upadku,,
11087,4,Tom IX,Rozdział LXXXIV,Phrasale,Demolki małe I duże,Burn down,Spalić doszczętnie,,
11088,4,Tom IX,Rozdział LXXXIV,Phrasale,Demolki małe I duże,Come down,Walić się; runąć (np. O budynku),,
11089,4,Tom IX,Rozdział LXXXIV,Phrasale,Demolki małe I duże,Tear sth down,Rozebrać (np. Budynek); burzyć,,
11090,4,Tom IX,Rozdział LXXXIV,Phrasale,Demolki małe I duże,Wear down,Niszczeć; ścierać się,,
11091,4,Tom IX,Rozdział LXXXIV,Phrasale,Demolki małe I duże,Wear out,Znosić się; niszczeć,,
11092,4,Tom IX,Rozdział LXXXIV,Phrasale,Demolki małe I duże,Wipe sth out,Znieść z powierzchni ziemi,,
11093,4,Tom IX,Rozdział LXXXIV,Phrasale,Demolki małe I duże,Burst into,"Wybuchnąć (np. Płaczem, śmiechem)",,
11094,4,Tom IX,Rozdział LXXXIV,Phrasale,Komunikacja,Butter up,Podlizywać się; robić dobry grunt pod coś (towarzysko),,
11095,4,Tom IX,Rozdział LXXXIV,Phrasale,Komunikacja,Call for,Nawoływać,,
11096,4,Tom IX,Rozdział LXXXIV,Phrasale,Komunikacja,Call sb in,Wzywać kogoś do pomocy/na dywanik,,
11097,4,Tom IX,Rozdział LXXXIV,Phrasale,Komunikacja,Call on,Apelować,,
11098,4,Tom IX,Rozdział LXXXIV,Phrasale,Komunikacja,Call out,Wywołać,,
11099,4,Tom IX,Rozdział LXXXIV,Phrasale,Komunikacja,Come out,Zabrzmieć,,
11100,4,Tom IX,Rozdział LXXXIV,Phrasale,Komunikacja,Make out of,Sądzić coś o czymś,,
11101,4,Tom IX,Rozdział LXXXIV,Phrasale,Komunikacja,Cut into,Wciąć się,,
11102,4,Tom IX,Rozdział LXXXIV,Phrasale,Komunikacja,Play up,Rozdmuchiwać; wyolbrzymiać,,
11103,4,Tom IX,Rozdział LXXXIV,Phrasale,Komunikacja,Put forward,"Proponować; wysunąć (np. Wniosek, teorię)",,
11104,4,Tom IX,Rozdział LXXXIV,Czasowniki,Niefajne,Impair,Upośledzać; pogarszać; osłabiać,,
11105,4,Tom IX,Rozdział LXXXIV,Czasowniki,Niefajne,Impose,Narzucać,,
11106,4,Tom IX,Rozdział LXXXIV,Czasowniki,Niefajne,Linger,Ociągać się,,
11107,4,Tom IX,Rozdział LXXXIV,Czasowniki,Niefajne,Misbehave,Zachowywać się niegrzecznie,,
11108,4,Tom IX,Rozdział LXXXIV,Czasowniki,Niefajne,Restrain,Powstrzymywać; obezwładniać; ograniczać,,
11109,4,Tom IX,Rozdział LXXXIV,Czasowniki,Niefajne,Victimize,Represjonować,,
11110,4,Tom IX,Rozdział LXXXIV,Czasowniki,Niefajne,Gasp,Łapać powietrze z trudem,,
11111,4,Tom IX,Rozdział LXXXIV,Czasowniki,Niefajne,Puff,Dyszeć,,
11112,4,Tom IX,Rozdział LXXXIV,Czasowniki,Niefajne,Pant,Sapać,,
11113,4,Tom IX,Rozdział LXXXIV,Czasowniki,Niefajne,Shiver,Drżeć; dygotać,,
11114,4,Tom IX,Rozdział LXXXIV,Czasowniki,Niefajne,Deter,Odstraszać; powstrzymywać,,
11115,4,Tom IX,Rozdział LXXXIV,Czasowniki,Niefajne,Swell,Puchnąć,,
11116,4,Tom IX,Rozdział LXXXIV,Czasowniki,Niefajne,Disregard,Lekceważyć,,
11117,4,Tom IX,Rozdział LXXXIV,Czasowniki,Niefajne,Embarrass,Zawstydzać,,
11118,4,Tom IX,Rozdział LXXXIV,Czasowniki,Niefajne,Swear,Bluzgać,,
11119,4,Tom IX,Rozdział LXXXIV,Przymiotniki,Przymiotniki 41,Synthetic,Syntetyczny,,
11120,4,Tom IX,Rozdział LXXXIV,Przymiotniki,Przymiotniki 41,Technological,Technologiczny,,
11121,4,Tom IX,Rozdział LXXXIV,Przymiotniki,Przymiotniki 41,Theoretical,Teoretyczny,,
11122,4,Tom IX,Rozdział LXXXIV,Przymiotniki,Przymiotniki 41,Toxic,Toksyczny,,
11123,4,Tom IX,Rozdział LXXXIV,Przymiotniki,Przymiotniki 41,Traumatic,Traumatyczny,,
11124,4,Tom IX,Rozdział LXXXIV,Przymiotniki,Przymiotniki 41,Tropical,Tropikalny,,
11125,4,Tom IX,Rozdział LXXXIV,Przymiotniki,Przymiotniki 41,Universal,Uniwersalny; powszechny,,
11126,4,Tom IX,Rozdział LXXXIV,Przymiotniki,Przymiotniki 41,Virtual,Wirtualny,,
11127,4,Tom IX,Rozdział LXXXIV,Przymiotniki,Przymiotniki 41,Visual,Wizualny; wzrokowy,,
11128,4,Tom IX,Rozdział LXXXIV,Przymiotniki,Przymiotniki 41,Bankrupt,Zbankrutowany; upadły,,
11129,4,Tom IX,Rozdział LXXXIV,Przymiotniki,Przymiotniki 41,Desperate,Zdesperowany,,
11130,4,Tom IX,Rozdział LXXXIV,Przymiotniki,Przymiotniki 41,Determined,Zdeterminowany,,
11131,4,Tom IX,Rozdział LXXXIV,Przymiotniki,Przymiotniki 41,Frustrated,Sfrustrowany,,
11132,4,Tom IX,Rozdział LXXXIV,Przymiotniki,Przymiotniki 41,Identified,Zidentyfikowany,,
11133,4,Tom IX,Rozdział LXXXIV,Przymiotniki,Przymiotniki 41,Integrated,Zintegrowany,,
11134,4,Tom IX,Rozdział LXXXIV,Phrasale,Ruch abstrakcyjny,Move in,Wkraczać do akcji,,
11135,4,Tom IX,Rozdział LXXXIV,Phrasale,Ruch abstrakcyjny,Go off,"Odstawić; rzucić (np. Alkohol, leki)",,
11136,4,Tom IX,Rozdział LXXXIV,Phrasale,Ruch abstrakcyjny,Get into sb,Wstępować w kogoś (przenośnie),,
11137,4,Tom IX,Rozdział LXXXIV,Phrasale,Ruch abstrakcyjny,Hold sth back,Powstrzymywać coś (np. Emocje),,
11138,4,Tom IX,Rozdział LXXXIV,Phrasale,Ruch abstrakcyjny,Keep off,Wstrzymać się,,
11139,4,Tom IX,Rozdział LXXXIV,Phrasale,Ruch abstrakcyjny,Tie in with,Pokrywać się z czymś (np. Twierdzeniem),,
11140,4,Tom IX,Rozdział LXXXIV,Phrasale,Ruch abstrakcyjny,Fish for sth,Poszukiwać czegoś,,
11141,4,Tom IX,Rozdział LXXXIV,Phrasale,Ruch abstrakcyjny,Blend in,Wtapiać się (np. W tłum),,
11142,4,Tom IX,Rozdział LXXXIV,Phrasale,Ruch abstrakcyjny,Bounce back,"Wrócić do formy; odbić się od dna; odbić się (np ceny, gdy znowu idą w górę)",,
11143,4,Tom IX,Rozdział LXXXIV,Phrasale,Ruch abstrakcyjny,Break out,"Wyrwać się, wyzwolić się (np. Z rutyny, uciec z więzienia)",,
11144,4,Tom IX,Rozdział LXXXIV,Slang,It,Bullet time,Zwolnione tempo,,
11145,4,Tom IX,Rozdział LXXXIV,Slang,It,Zombie ad,"Reklama, która pojawia się wciąż",,
11146,4,Tom IX,Rozdział LXXXIV,Slang,It,Cold monkey,Programista 24/7,,
11147,4,Tom IX,Rozdział LXXXIV,Slang,It,Phishing,Wyciąganie danych personalnych,,
11148,4,Tom IX,Rozdział LXXXIV,Slang,It,Malware,Złośliwe oprogramowanie,,
11149,4,Tom IX,Rozdział LXXXIV,Slang,It,Brogrammer,Programista mężczyzna,,
11150,4,Tom IX,Rozdział LXXXIV,Slang,It,Dev,Deweloper w branży it,,
11151,4,Tom IX,Rozdział LXXXIV,Slang,It,Spoofing,Podszywanie się pod użytkownika,,
11152,4,Tom IX,Rozdział LXXXIV,Slang,It,Spaghetti code,Nieuporządkowany kod,,
11153,4,Tom IX,Rozdział LXXXIV,Slang,It,L337 h4x0r,Świetny haker (przechwałki),,
11154,4,Tom IX,Rozdział LXXXV,Phrasale,Umysłowe,Allow for sth,Brać poprawkę na coś,,
11155,4,Tom IX,Rozdział LXXXV,Phrasale,Umysłowe,Draw on sth,Czerpać z czegoś,,
11156,4,Tom IX,Rozdział LXXXV,Phrasale,Umysłowe,Know of,Mieć świadomość (kogoś/czegoś); znać coś,,
11157,4,Tom IX,Rozdział LXXXV,Phrasale,Umysłowe,Look into sth,Zbadać jakąś kwestie; przyjrzeć się bliżej czemuś,,
11158,4,Tom IX,Rozdział LXXXV,Phrasale,Umysłowe,Not put it past,Nie być zaskoczonym; przewidzieć coś,,
11159,4,Tom IX,Rozdział LXXXV,Phrasale,Umysłowe,Plan ahead,Planować na zapas; przygotować się,,
11160,4,Tom IX,Rozdział LXXXV,Phrasale,Umysłowe,Put sth together,Łączyć coś,,
11161,4,Tom IX,Rozdział LXXXV,Phrasale,Umysłowe,Take sth in,Pojmować coś,,
11162,4,Tom IX,Rozdział LXXXV,Phrasale,Umysłowe,Think ahead,Myśleć z wyprzedzeniem,,
11163,4,Tom IX,Rozdział LXXXV,Phrasale,Umysłowe,Narrow down,Ograniczyć ilość zmiennych,,
11164,4,Tom IX,Rozdział LXXXV,Czasowniki,Czasowniki 28,Isolate,Izolować,,
11165,4,Tom IX,Rozdział LXXXV,Czasowniki,Czasowniki 28,Lobby,Lobbować za czymś,,
11166,4,Tom IX,Rozdział LXXXV,Czasowniki,Czasowniki 28,Maneuver,Manewrować,,
11167,4,Tom IX,Rozdział LXXXV,Czasowniki,Czasowniki 28,Manifest,Manifestować; objawiać się,,
11168,4,Tom IX,Rozdział LXXXV,Czasowniki,Czasowniki 28,Materialize,Materializować się; pojawić się,,
11169,4,Tom IX,Rozdział LXXXV,Czasowniki,Czasowniki 28,Mediate,Mediować; przewodzić negocjacjom,,
11170,4,Tom IX,Rozdział LXXXV,Czasowniki,Czasowniki 28,Migrate,Migrować,,
11171,4,Tom IX,Rozdział LXXXV,Czasowniki,Czasowniki 28,Mobilize,Mobilizować,,
11172,4,Tom IX,Rozdział LXXXV,Czasowniki,Czasowniki 28,Modernize,Modernizować; unowocześnić,,
11173,4,Tom IX,Rozdział LXXXV,Czasowniki,Czasowniki 28,Monitor,Monitorować,,
11174,4,Tom IX,Rozdział LXXXV,Czasowniki,Czasowniki 28,Navigate,Nawigować; odnajdywać drogę; sterować,,
11175,4,Tom IX,Rozdział LXXXV,Czasowniki,Czasowniki 28,Nominate,Nominować,,
11176,4,Tom IX,Rozdział LXXXV,Czasowniki,Czasowniki 28,Number,Numerować,,
11177,4,Tom IX,Rozdział LXXXV,Czasowniki,Czasowniki 28,Obligate,Obligować; zobowiązywać,,
11178,4,Tom IX,Rozdział LXXXV,Czasowniki,Czasowniki 28,Paralyze,Paraliżować,,
11179,4,Tom IX,Rozdział LXXXV,Przymiotniki,Przymiotniki 42,Administrative,Administracyjny,,
11180,4,Tom IX,Rozdział LXXXV,Przymiotniki,Przymiotniki 42,Acrobatic,Akrobatyczny,,
11181,4,Tom IX,Rozdział LXXXV,Przymiotniki,Przymiotniki 42,Acoustic,Akustyczny,,
11182,4,Tom IX,Rozdział LXXXV,Przymiotniki,Przymiotniki 42,Alarming,Alarmujący,,
11183,4,Tom IX,Rozdział LXXXV,Przymiotniki,Przymiotniki 42,Analog,Analogowy,,
11184,4,Tom IX,Rozdział LXXXV,Przymiotniki,Przymiotniki 42,Assertive,Asertywny,,
11185,4,Tom IX,Rozdział LXXXV,Przymiotniki,Przymiotniki 42,Athletic,Atletyczny,,
11186,4,Tom IX,Rozdział LXXXV,Przymiotniki,Przymiotniki 42,Civilized,Cywilizowany,,
11187,4,Tom IX,Rozdział LXXXV,Przymiotniki,Przymiotniki 42,Democratic,Demokratyczny,,
11188,4,Tom IX,Rozdział LXXXV,Przymiotniki,Przymiotniki 42,Despotic,Despotyczny,,
11189,4,Tom IX,Rozdział LXXXV,Przymiotniki,Przymiotniki 42,Destructive,Destrukcyjny,,
11190,4,Tom IX,Rozdział LXXXV,Przymiotniki,Przymiotniki 42,Eccentric,Ekscentryczny,,
11191,4,Tom IX,Rozdział LXXXV,Przymiotniki,Przymiotniki 42,Exclusive,Ekskluzywny; wyłączny,,
11192,4,Tom IX,Rozdział LXXXV,Przymiotniki,Przymiotniki 42,Electrifying,Elektryzujący; piorunujący,,
11193,4,Tom IX,Rozdział LXXXV,Przymiotniki,Przymiotniki 42,Ergonomic,Ergonomiczny,,
11194,4,Tom IX,Rozdział LXXXV,Phrasale,Niefajne,Take sb in,Zatrzymać kogoś (np. Policja),,
11195,4,Tom IX,Rozdział LXXXV,Phrasale,Niefajne,Talk down to sb,Mówić do kogoś z góry (arogancko),,
11196,4,Tom IX,Rozdział LXXXV,Phrasale,Niefajne,Throw up,Puścić pawia,,
11197,4,Tom IX,Rozdział LXXXV,Phrasale,Niefajne,Trick sb into sth,Wkręcić kogoś; podstępem przekonać,,
11198,4,Tom IX,Rozdział LXXXV,Phrasale,Niefajne,Turn sb down,Dać komuś kosza,,
11199,4,Tom IX,Rozdział LXXXV,Phrasale,Niefajne,Lash out at sb,Naskoczyć na kogoś,,
11200,4,Tom IX,Rozdział LXXXV,Phrasale,Niefajne,Act out,Odgrywać scenę; źle się zachowywać,,
11201,4,Tom IX,Rozdział LXXXV,Phrasale,Niefajne,Be taken aback,Być zaskoczonym I zdezorientowanym,,
11202,4,Tom IX,Rozdział LXXXV,Phrasale,Niefajne,Break down,Załamać się (psychicznie),,
11203,4,Tom IX,Rozdział LXXXV,Phrasale,Niefajne,Break sth off,Zerwać coś (np. Relacje); zakończyć coś (np. Związek),,
11204,4,Tom IX,Rozdział LXXXV,Phrasale,Komunikacja,Speak for,"Mówić za (siebie, w czyimś imieniu)",,
11205,4,Tom IX,Rozdział LXXXV,Phrasale,Komunikacja,Take sth back,"Cofnąć (słowa, opinię)",,
11206,4,Tom IX,Rozdział LXXXV,Phrasale,Komunikacja,Talk sb out of sth,Wyperswadować,,
11207,4,Tom IX,Rozdział LXXXV,Phrasale,Komunikacja,Chime in,Wtrącić słówko; dopowiedzieć,,
11208,4,Tom IX,Rozdział LXXXV,Phrasale,Komunikacja,Allude to,Nawiązać do,,
11209,4,Tom IX,Rozdział LXXXV,Phrasale,Komunikacja,Blow up,Rozdmuchać (np. Problem),,
11210,4,Tom IX,Rozdział LXXXV,Phrasale,Komunikacja,Break in,Przerwać; wchodzić w słowo,,
11211,4,Tom IX,Rozdział LXXXV,Phrasale,Komunikacja,Bring sth up,Przytaczać coś; poruszać (temat),,
11212,4,Tom IX,Rozdział LXXXV,Phrasale,Komunikacja,Clear sth up,Wyjaśnić coś (np. Sytuacje),,
11213,4,Tom IX,Rozdział LXXXV,Phrasale,Komunikacja,Cut off,Przerywać komuś (rozmowę),,
11214,4,Tom IX,Rozdział LXXXV,Czasowniki,Czasowniki 29,Pedal,Pedałować,,
11215,4,Tom IX,Rozdział LXXXV,Czasowniki,Czasowniki 29,Penetrate,Penetrować; przebijać,,
11216,4,Tom IX,Rozdział LXXXV,Czasowniki,Czasowniki 29,Postulate,Postulować; proponować,,
11217,4,Tom IX,Rozdział LXXXV,Czasowniki,Czasowniki 29,Propagate,Propagować,,
11218,4,Tom IX,Rozdział LXXXV,Czasowniki,Czasowniki 29,Rehabilitate,Rehabilitować,,
11219,4,Tom IX,Rozdział LXXXV,Czasowniki,Czasowniki 29,Reorganize,Reorganizować,,
11220,4,Tom IX,Rozdział LXXXV,Czasowniki,Czasowniki 29,Reside,Rezydować; zajmować obszar; mieszkać,,
11221,4,Tom IX,Rozdział LXXXV,Czasowniki,Czasowniki 29,Service,Serwisować,,
11222,4,Tom IX,Rozdział LXXXV,Czasowniki,Czasowniki 29,Speculate,Spekulować (czysto teoretycznie),,
11223,4,Tom IX,Rozdział LXXXV,Czasowniki,Czasowniki 29,Steer,Sterować,,
11224,4,Tom IX,Rozdział LXXXV,Czasowniki,Czasowniki 29,Stress,Stresować,,
11225,4,Tom IX,Rozdział LXXXV,Czasowniki,Czasowniki 29,Symbolize,Symbolizować,,
11226,4,Tom IX,Rozdział LXXXV,Czasowniki,Czasowniki 29,Transmit,Transmitować,,
11227,4,Tom IX,Rozdział LXXXV,Czasowniki,Czasowniki 29,Verify,Weryfikować,,
11228,4,Tom IX,Rozdział LXXXV,Czasowniki,Czasowniki 29,Vibrate,Wibrować,,
11229,4,Tom IX,Rozdział LXXXV,Przymiotniki,Przymiotniki 43,Fictional,Fikcyjny,,
11230,4,Tom IX,Rozdział LXXXV,Przymiotniki,Przymiotniki 43,Philosophical,Filozoficzny,,
11231,4,Tom IX,Rozdział LXXXV,Przymiotniki,Przymiotniki 43,Photogenic,Fotogeniczny,,
11232,4,Tom IX,Rozdział LXXXV,Przymiotniki,Przymiotniki 43,Fundamental,Fundamentalny,,
11233,4,Tom IX,Rozdział LXXXV,Przymiotniki,Przymiotniki 43,Futuristic,Futurystyczny,,
11234,4,Tom IX,Rozdział LXXXV,Przymiotniki,Przymiotniki 43,Genetic,Genetyczny,,
11235,4,Tom IX,Rozdział LXXXV,Przymiotniki,Przymiotniki 43,Geometric,Geometryczny,,
11236,4,Tom IX,Rozdział LXXXV,Przymiotniki,Przymiotniki 43,Gymnastic,Gimnastyczny,,
11237,4,Tom IX,Rozdział LXXXV,Przymiotniki,Przymiotniki 43,Grammatical,Gramatyczny,,
11238,4,Tom IX,Rozdział LXXXV,Przymiotniki,Przymiotniki 43,Hysterical,Histeryczny,,
11239,4,Tom IX,Rozdział LXXXV,Przymiotniki,Przymiotniki 43,Holistic,Holistyczny,,
11240,4,Tom IX,Rozdział LXXXV,Przymiotniki,Przymiotniki 43,Hybrid,Hybrydowy,,
11241,4,Tom IX,Rozdział LXXXV,Przymiotniki,Przymiotniki 43,Individual,Indywidualny (samodzielny),,
11242,4,Tom IX,Rozdział LXXXV,Przymiotniki,Przymiotniki 43,Intuitive,Intuicyjny,,
11243,4,Tom IX,Rozdział LXXXV,Przymiotniki,Przymiotniki 43,Intimate,Intymny,,
11244,4,Tom IX,Rozdział LXXXV,Phrasale,Ruch abstrakcyjny,Come forward,Przyznać się; wystąpić naprzód,,
11245,4,Tom IX,Rozdział LXXXV,Phrasale,Ruch abstrakcyjny,Come over sb,Ogarniać kogoś (np. Uczucie),,
11246,4,Tom IX,Rozdział LXXXV,Phrasale,Ruch abstrakcyjny,Come through,Dojść do skutku; ukonstytuować się,,
11247,4,Tom IX,Rozdział LXXXV,Phrasale,Ruch abstrakcyjny,Come through,Nadchodzić (o wiadomości) ,,
11248,4,Tom IX,Rozdział LXXXV,Phrasale,Ruch abstrakcyjny,Go along with,Przystać na coś,,
11249,4,Tom IX,Rozdział LXXXV,Phrasale,Ruch abstrakcyjny,Go beyond,Wykraczać; wyjść poza coś; przekraczać,,
11250,4,Tom IX,Rozdział LXXXV,Phrasale,Ruch abstrakcyjny,Leave out,Opuszczać; pominąć,,
11251,4,Tom IX,Rozdział LXXXV,Phrasale,Ruch abstrakcyjny,Take over,Zdobywać; przejąć kontrolę,,
11252,4,Tom IX,Rozdział LXXXV,Phrasale,Ruch abstrakcyjny,Pick up,"Złapać coś (chorobę, sygnał)",,
11253,4,Tom IX,Rozdział LXXXV,Phrasale,Ruch abstrakcyjny,Resort to,Uciekać się do czegoś,,
11254,4,Tom IX,Rozdział LXXXV,Slang,Niefajne - Slang,Damp squib,Totalny niewypał,,
11255,4,Tom IX,Rozdział LXXXV,Slang,Niefajne - Slang,Fauxpology,Nieszczere przeprosiny,,
11256,4,Tom IX,Rozdział LXXXV,Slang,Niefajne - Slang,Fuzzy math,Słabo przemyślane rozwiązanie,,
11257,4,Tom IX,Rozdział LXXXV,Slang,Niefajne - Slang,Hit and run,Potrącenie przechodnia z ucieczką,,
11258,4,Tom IX,Rozdział LXXXV,Slang,Niefajne - Slang,Hosed,W przewalonej sytuacji,,
11259,4,Tom IX,Rozdział LXXXV,Slang,Niefajne - Slang,Off the hinges,Wystrzelony w kosmos,,
11260,4,Tom IX,Rozdział LXXXV,Slang,Niefajne - Slang,411,Ploteczka,,
11261,4,Tom IX,Rozdział LXXXV,Slang,Niefajne - Slang,Pregret,"Poczucie żałowania czegoś, co I tak się zrobi",,
11262,4,Tom IX,Rozdział LXXXV,Slang,Niefajne - Slang,Shack up,Żyć na kocią łapę,,
11263,4,Tom IX,Rozdział LXXXV,Slang,Niefajne - Slang,Red-flag,Czerwone światło (masz stopera),,
11264,4,Tom IX,Rozdział LXXXV,Phrasale,Niefajne,Brush off,Zlekceważyć,,
11265,4,Tom IX,Rozdział LXXXV,Phrasale,Niefajne,Come in for,Zostać skrytykowanym; być przedmiotem negatywnej reakcji,,
11266,4,Tom IX,Rozdział LXXXV,Phrasale,Niefajne,Fall behind on,Pozostawać w tyle,,
11267,4,Tom IX,Rozdział LXXXV,Phrasale,Niefajne,Get behind,Spóźniać się; pozostawać w tyle,,
11268,4,Tom IX,Rozdział LXXXV,Phrasale,Niefajne,Get carried away,Dać się ponieść emocjom,,
11269,4,Tom IX,Rozdział LXXXV,Phrasale,Niefajne,Get down,Dołować,,
11270,4,Tom IX,Rozdział LXXXV,Phrasale,Niefajne,Give in,Ulegać; ustąpić (pod naciskiem),,
11271,4,Tom IX,Rozdział LXXXV,Phrasale,Niefajne,Give sth away,Zdradzić coś,,
11272,4,Tom IX,Rozdział LXXXV,Phrasale,Niefajne,Give oneself away,Zdradzić się,,
11273,4,Tom IX,Rozdział LXXXV,Phrasale,Niefajne,Hold against,Mieć do kogoś żal; mieć komuś za złe,,
11274,4,Tom IX,Rozdział LXXXVI,Czasowniki,Czasowniki 30,Visualize,Wizualizować,,
11275,4,Tom IX,Rozdział LXXXVI,Czasowniki,Czasowniki 30,Allocate,Alokować,,
11276,4,Tom IX,Rozdział LXXXVI,Czasowniki,Czasowniki 30,Aspire,Aspirować,,
11277,4,Tom IX,Rozdział LXXXVI,Czasowniki,Czasowniki 30,Assimilate,Asymilować (się),,
11278,4,Tom IX,Rozdział LXXXVI,Czasowniki,Czasowniki 30,Capitalize,Kapitalizować; skorzystać (najczęściej finansowo) na czymś,,
11279,4,Tom IX,Rozdział LXXXVI,Czasowniki,Czasowniki 30,Compile,Kompilować (przetwarzać); ujmować w zbiór,,
11280,4,Tom IX,Rozdział LXXXVI,Czasowniki,Czasowniki 30,Confront,"Konfrontować (coś z czymś, z kimś)",,
11281,4,Tom IX,Rozdział LXXXVI,Czasowniki,Czasowniki 30,Constitute,Konstytuować; stanowić,,
11282,4,Tom IX,Rozdział LXXXVI,Czasowniki,Czasowniki 30,Contemplate,Kontemplować,,
11283,4,Tom IX,Rozdział LXXXVI,Czasowniki,Czasowniki 30,Culminate,Kulminować; ukoronować,,
11284,4,Tom IX,Rozdział LXXXVI,Czasowniki,Czasowniki 30,Degrade,Degradować; poniżać,,
11285,4,Tom IX,Rozdział LXXXVI,Czasowniki,Czasowniki 30,Diversify,Dywersyfikować,,
11286,4,Tom IX,Rozdział LXXXVI,Czasowniki,Czasowniki 30,Dramatize,Dramatyzować,,
11287,4,Tom IX,Rozdział LXXXVI,Czasowniki,Czasowniki 30,Dub,Dubingować,,
11288,4,Tom IX,Rozdział LXXXVI,Czasowniki,Czasowniki 30,Emanate,Emanować,,
11289,4,Tom IX,Rozdział LXXXVI,Przymiotniki,Przymiotniki 44,Catastrophic,Katastroficzny; katastrofalny,,
11290,4,Tom IX,Rozdział LXXXVI,Przymiotniki,Przymiotniki 44,Comic,Komediowy; komiczny,,
11291,4,Tom IX,Rozdział LXXXVI,Przymiotniki,Przymiotniki 44,Conservative,Konserwatywny,,
11292,4,Tom IX,Rozdział LXXXVI,Przymiotniki,Przymiotniki 44,Constructive,Konstruktywny,,
11293,4,Tom IX,Rozdział LXXXVI,Przymiotniki,Przymiotniki 44,Controversial,Kontrowersyjny,,
11294,4,Tom IX,Rozdział LXXXVI,Przymiotniki,Przymiotniki 44,Liberal,Liberalny,,
11295,4,Tom IX,Rozdział LXXXVI,Przymiotniki,Przymiotniki 44,Lucrative,Lukratywny; intratny,,
11296,4,Tom IX,Rozdział LXXXVI,Przymiotniki,Przymiotniki 44,Manual,Manualny; ręczny,,
11297,4,Tom IX,Rozdział LXXXVI,Przymiotniki,Przymiotniki 44,Miniature,Miniaturowy,,
11298,4,Tom IX,Rozdział LXXXVI,Przymiotniki,Przymiotniki 44,Monumental,Monumentalny; olbrzymi,,
11299,4,Tom IX,Rozdział LXXXVI,Przymiotniki,Przymiotniki 44,Narrative,Narracyjny,,
11300,4,Tom IX,Rozdział LXXXVI,Przymiotniki,Przymiotniki 44,Nostalgic,Nostalgiczny,,
11301,4,Tom IX,Rozdział LXXXVI,Przymiotniki,Przymiotniki 44,Notorious,Notoryczny,,
11302,4,Tom IX,Rozdział LXXXVI,Przymiotniki,Przymiotniki 44,Objective,Obiektywny,,
11303,4,Tom IX,Rozdział LXXXVI,Przymiotniki,Przymiotniki 44,Obligatory,Obligatoryjny; obowiązkowy,,
11304,4,Tom IX,Rozdział LXXXVI,Phrasale,Ruch abstrakcyjny,Run up against sth,"Napotkać (problem, trudności)",,
11305,4,Tom IX,Rozdział LXXXVI,Phrasale,Ruch abstrakcyjny,Settle down,Osiąść gdzieś; ustatkować się,,
11306,4,Tom IX,Rozdział LXXXVI,Phrasale,Ruch abstrakcyjny,Stick out,Rzucać się w oczy; wyróżniać się,,
11307,4,Tom IX,Rozdział LXXXVI,Phrasale,Ruch abstrakcyjny,Turn in,Zgłosić; oddać (na policję),,
11308,4,Tom IX,Rozdział LXXXVI,Phrasale,Ruch abstrakcyjny,Turn sb over,Wydać kogoś (np. Złodzieja policji),,
11309,4,Tom IX,Rozdział LXXXVI,Phrasale,Ruch abstrakcyjny,Turn up,Odnaleźć się (niespodziewanie),,
11310,4,Tom IX,Rozdział LXXXVI,Phrasale,Ruch abstrakcyjny,Turn into sth,Zmieniać się (coś staje się czymś innym),,
11311,4,Tom IX,Rozdział LXXXVI,Phrasale,Ruch abstrakcyjny,Stumble upon sth,Wpaść na (pomysł),,
11312,4,Tom IX,Rozdział LXXXVI,Phrasale,Ruch abstrakcyjny,Keep off,Wstrzymać się,,
11313,4,Tom IX,Rozdział LXXXVI,Phrasale,Ruch abstrakcyjny,Move on to sth,Przejść do czegoś,,
11314,4,Tom IX,Rozdział LXXXVI,Phrasale,Niefajne,Hold back,Wstrzymywać kogoś (od robienia postępu),,
11315,4,Tom IX,Rozdział LXXXVI,Phrasale,Niefajne,Hold sth back,Zataić coś,,
11316,4,Tom IX,Rozdział LXXXVI,Phrasale,Niefajne,Keep sb up,Nie dać komuś zasnąć,,
11317,4,Tom IX,Rozdział LXXXVI,Phrasale,Niefajne,Look down on,Gardzić kimś; patrzeć na kogoś z góry,,
11318,4,Tom IX,Rozdział LXXXVI,Phrasale,Niefajne,Pin sb down,Przycisnąć kogoś; przyszpilić,,
11319,4,Tom IX,Rozdział LXXXVI,Phrasale,Niefajne,Pin sth on sb,Zwalić coś na kogoś,,
11320,4,Tom IX,Rozdział LXXXVI,Phrasale,Niefajne,Put sb through sth,Doświadczyć; narazić kogoś czymś (ciężko),,
11321,4,Tom IX,Rozdział LXXXVI,Phrasale,Niefajne,Take in,Zwieść; wprowadzić w błąd,,
11322,4,Tom IX,Rozdział LXXXVI,Phrasale,Niefajne,Turn sb away,Odprawić kogoś,,
11323,4,Tom IX,Rozdział LXXXVI,Phrasale,Niefajne,Pig out,Nażreć się jak świnia,,
11324,4,Tom IX,Rozdział LXXXVI,Przysłówki,Umysłowe,Deliberately,Umyślnie,,
11325,4,Tom IX,Rozdział LXXXVI,Przysłówki,Umysłowe,Ironically,Ironicznie; jak na ironię,,
11326,4,Tom IX,Rozdział LXXXVI,Przysłówki,Umysłowe,Logically,Logicznie,,
11327,4,Tom IX,Rozdział LXXXVI,Przysłówki,Umysłowe,Mentally,Umysłowo; psychicznie,,
11328,4,Tom IX,Rozdział LXXXVI,Przysłówki,Umysłowe,On purpose,Celowo,,
11329,4,Tom IX,Rozdział LXXXVI,Przysłówki,Umysłowe,Reasonably,Rozsądnie,,
11330,4,Tom IX,Rozdział LXXXVI,Przysłówki,Umysłowe,Willingly,Chętnie,,
11331,4,Tom IX,Rozdział LXXXVI,Przysłówki,Umysłowe,Wisely,Mądrze; rozsądnie,,
11332,4,Tom IX,Rozdział LXXXVI,Przysłówki,Umysłowe,Accurately,Dokładnie,,
11333,4,Tom IX,Rozdział LXXXVI,Przysłówki,Umysłowe,Rationally,Racjonalnie,,
11334,4,Tom IX,Rozdział LXXXVI,Przysłówki,Umysłowe,Subconsciously,Podświadomie,,
11335,4,Tom IX,Rozdział LXXXVI,Przysłówki,Umysłowe,Mindlessly,Bezmyślnie,,
11336,4,Tom IX,Rozdział LXXXVI,Przysłówki,Umysłowe,Illogically,Nielogicznie,,
11337,4,Tom IX,Rozdział LXXXVI,Przysłówki,Umysłowe,Prudently,Roztropnie,,
11338,4,Tom IX,Rozdział LXXXVI,Przysłówki,Umysłowe,Consciously,Przytomnie,,
11339,4,Tom IX,Rozdział LXXXVI,Czasowniki,Czasowniki 31,Emulate,Emulować; naśladować,,
11340,4,Tom IX,Rozdział LXXXVI,Czasowniki,Czasowniki 31,Erode,Erodować; niszczyć,,
11341,4,Tom IX,Rozdział LXXXVI,Czasowniki,Czasowniki 31,Imply,Implikować; sugerować,,
11342,4,Tom IX,Rozdział LXXXVI,Czasowniki,Czasowniki 31,Individualize,Indywidualizować,,
11343,4,Tom IX,Rozdział LXXXVI,Czasowniki,Czasowniki 31,Lament,Lamentować; opłakiwać,,
11344,4,Tom IX,Rozdział LXXXVI,Czasowniki,Czasowniki 31,License,Licencjonować,,
11345,4,Tom IX,Rozdział LXXXVI,Czasowniki,Czasowniki 31,Mask,Maskować,,
11346,4,Tom IX,Rozdział LXXXVI,Czasowniki,Czasowniki 31,Moderate,Moderować (być moderatorem),,
11347,4,Tom IX,Rozdział LXXXVI,Czasowniki,Czasowniki 31,Mystify,Mistyfikować; zadziwiać,,
11348,4,Tom IX,Rozdział LXXXVI,Czasowniki,Czasowniki 31,Notify,Notyfikować; powiadamiać (służby),,
11349,4,Tom IX,Rozdział LXXXVI,Czasowniki,Czasowniki 31,Opt,Optować; decydować się na coś; woleć,,
11350,4,Tom IX,Rozdział LXXXVI,Czasowniki,Czasowniki 31,Patrol,Patrolować,,
11351,4,Tom IX,Rozdział LXXXVI,Czasowniki,Czasowniki 31,Proclaim,Proklamować (ogłaszać),,
11352,4,Tom IX,Rozdział LXXXVI,Czasowniki,Czasowniki 31,Ratify,Ratyfikować,,
11353,4,Tom IX,Rozdział LXXXVI,Czasowniki,Czasowniki 31,Reconstruct,Rekonstruować,,
11354,4,Tom IX,Rozdział LXXXVI,Slang,Slang 37,Moolah,Hajsiwo,,
11355,4,Tom IX,Rozdział LXXXVI,Slang,Slang 37,Notes,Zielone,,
11356,4,Tom IX,Rozdział LXXXVI,Slang,Slang 37,Thou,"Tysiąc dolarów (tysiak, patol)",,
11357,4,Tom IX,Rozdział LXXXVI,Slang,Slang 37,Benjamins,100 dolców,,
11358,4,Tom IX,Rozdział LXXXVI,Slang,Slang 37,Bite,Dola (część zysku),,
11359,4,Tom IX,Rozdział LXXXVI,Slang,Slang 37,Cabbage,Kapucha (pieniądze),,
11360,4,Tom IX,Rozdział LXXXVI,Slang,Slang 37,Jack up the prices,Wywindować ceny,,
11361,4,Tom IX,Rozdział LXXXVI,Slang,Slang 37,Lettuce,Sałata (pieniądze),,
11362,4,Tom IX,Rozdział LXXXVI,Slang,Slang 37,Whack,Przydział (część zysku),,
11363,4,Tom IX,Rozdział LXXXVI,Slang,Slang 37,Downstroke,Zadatek,,
11364,4,Tom IX,Rozdział LXXXVI,Przymiotniki,Przymiotniki 45,Panoramic,Panoramiczny,,
11365,4,Tom IX,Rozdział LXXXVI,Przymiotniki,Przymiotniki 45,Patriotic,Patriotyczny,,
11366,4,Tom IX,Rozdział LXXXVI,Przymiotniki,Przymiotniki 45,Periodical,Periodyczny; okresowy,,
11367,4,Tom IX,Rozdział LXXXVI,Przymiotniki,Przymiotniki 45,Dual,Dualny; dwoisty; podwójny,,
11368,4,Tom IX,Rozdział LXXXVI,Przymiotniki,Przymiotniki 45,Prehistoric,Prehistoryczny,,
11369,4,Tom IX,Rozdział LXXXVI,Przymiotniki,Przymiotniki 45,Provisional,Prowizoryczny; orientacyjny,,
11370,4,Tom IX,Rozdział LXXXVI,Przymiotniki,Przymiotniki 45,Provoking,Prowokujący; skłaniający,,
11371,4,Tom IX,Rozdział LXXXVI,Przymiotniki,Przymiotniki 45,Radioactive,Radioaktywny,,
11372,4,Tom IX,Rozdział LXXXVI,Przymiotniki,Przymiotniki 45,Racist,Rasistowski,,
11373,4,Tom IX,Rozdział LXXXVI,Przymiotniki,Przymiotniki 45,Recreational,Rekreacyjny,,
11374,4,Tom IX,Rozdział LXXXVI,Przymiotniki,Przymiotniki 45,Representative,Reprezentatywny,,
11375,4,Tom IX,Rozdział LXXXVI,Przymiotniki,Przymiotniki 45,Revolutionary,Rewolucyjny,,
11376,4,Tom IX,Rozdział LXXXVI,Przymiotniki,Przymiotniki 45,Reserve,Rezerwowy,,
11377,4,Tom IX,Rozdział LXXXVI,Przymiotniki,Przymiotniki 45,Skeptical,Sceptyczny,,
11378,4,Tom IX,Rozdział LXXXVI,Przymiotniki,Przymiotniki 45,Schematic,Schematyczny,,
11379,4,Tom IX,Rozdział LXXXVI,Rzeczowniki,Fantasy,Mermaid,Syrena,,
11380,4,Tom IX,Rozdział LXXXVI,Rzeczowniki,Fantasy,Berserk,Szał,,
11381,4,Tom IX,Rozdział LXXXVI,Rzeczowniki,Fantasy,Witch doctor,Wiedźmarz,,
11382,4,Tom IX,Rozdział LXXXVI,Rzeczowniki,Fantasy,Tarot,Tarot,,
11383,4,Tom IX,Rozdział LXXXVI,Rzeczowniki,Fantasy,Falchion,Tasak (broń),,
11384,4,Tom IX,Rozdział LXXXVI,Rzeczowniki,Fantasy,Teleportation,Teleportacja,,
11385,4,Tom IX,Rozdział LXXXVI,Rzeczowniki,Fantasy,Transmutation,Transmutacja,,
11386,4,Tom IX,Rozdział LXXXVI,Rzeczowniki,Fantasy,Trident,Trójząb,,
11387,4,Tom IX,Rozdział LXXXVI,Rzeczowniki,Fantasy,Specter,Upiór; widmo,,
11388,4,Tom IX,Rozdział LXXXVI,Rzeczowniki,Fantasy,Enchantment,Urok; czar,,
11389,4,Tom IX,Rozdział LXXXVI,Rzeczowniki,Fantasy,Vampire,Wampir,,
11390,4,Tom IX,Rozdział LXXXVI,Rzeczowniki,Fantasy,Wraith,Widmo,,
11391,4,Tom IX,Rozdział LXXXVI,Rzeczowniki,Fantasy,Werewolf,Wilkołak,,
11392,4,Tom IX,Rozdział LXXXVI,Rzeczowniki,Fantasy,Wyvern,Wiwerna,,
11393,4,Tom IX,Rozdział LXXXVI,Rzeczowniki,Fantasy,Divination,Wróżenie,,
11394,4,Tom IX,Rozdział LXXXVI,Rzeczowniki,Fantasy,Spell,Zaklęcie,,
11395,4,Tom IX,Rozdział LXXXVI,Rzeczowniki,Fantasy,Mojo,Zaklęcie szamańskie,,
11396,4,Tom IX,Rozdział LXXXVI,Rzeczowniki,Fantasy,Enchanter,Zaklinacz,,
11397,4,Tom IX,Rozdział LXXXVI,Rzeczowniki,Fantasy,Invocation,Zaklinanie,,
11398,4,Tom IX,Rozdział LXXXVI,Rzeczowniki,Fantasy,Scale armor,Zbroja łuskowa,,
11399,4,Tom IX,Rozdział LXXXVI,Rzeczowniki,Fantasy,Revenant,Zjawa,,
11400,4,Tom IX,Rozdział LXXXVI,Rzeczowniki,Fantasy,Shapeshifter,Zmiennokształtny,,
11401,4,Tom IX,Rozdział LXXXVI,Rzeczowniki,Fantasy,Elemental,Żywiołak,,
11402,4,Tom IX,Rozdział LXXXVI,Rzeczowniki,Fantasy,Bastard sword,Miecz półtoraręczny,,
11403,4,Tom IX,Rozdział LXXXVI,Rzeczowniki,Fantasy,Mimic,Mimik (żywa skrzynia),,
11404,4,Tom IX,Rozdział LXXXVI,Rzeczowniki,Fantasy,Flail,Kiścień,,
11405,4,Tom IX,Rozdział LXXXVI,Rzeczowniki,Fantasy,Cleric,Kleryk,,
11406,4,Tom IX,Rozdział LXXXVI,Rzeczowniki,Fantasy,Artifact,Artefakt,,
11407,4,Tom IX,Rozdział LXXXVI,Rzeczowniki,Fantasy,Barbarian,Barbarzyńca,,
11408,4,Tom IX,Rozdział LXXXVI,Rzeczowniki,Fantasy,Chimera,Chimera,,
11409,4,Tom IX,Rozdział LXXXVI,Rzeczowniki,Fantasy,Chiromancy,Chiromancja,,
11410,4,Tom IX,Rozdział LXXXVI,Rzeczowniki,Fantasy,Demon,Demon,,
11411,4,Tom IX,Rozdział LXXXVI,Rzeczowniki,Fantasy,Mermaid,Syrena,,
11412,4,Tom IX,Rozdział LXXXVI,Rzeczowniki,Fantasy,Cutlass,Kordelas,,
11413,4,Tom IX,Rozdział LXXXVI,Rzeczowniki,Fantasy,Staff,Kostur,,